tree
version=v4
num_class=1
num_tree_per_iteration=1
label_index=0
max_feature_idx=11
objective=regression
feature_names=ghi dni tsi temperature humidity pressure ghi_sq ghi_dni_ratio hour_sin hour_cos month day_of_year
feature_infos=[1:989] [0:980] [0:1342] [-18:41.200000000000003] [0:6553.5] [894:934.5] [1:978121] [0.041666666666666664:949] [-1:1] [-1:1] [1:12] [1:365]
tree_sizes=5448 5620 5616 5635 5616 5617 5641 5656 5642 5642 5715 5623 5720 5665 5663 5638 5654 5758 5656 5656 5665 5692 5784 5632 5659 5700 5702 5704 5783 5705 5672 5671 5707 5666 5643 5796 5807 5678 5721 5728 5721 5756 5693 5717 5731 5729 5801 5785 5722 5767 5749 5766 5700 5741 5691 5758 5689 5797 5787 5757 5786

Tree=0
num_leaves=63
num_cat=0
split_feature=0 8 9 1 3 0 9 0 8 8 8 1 1 11 11 11 8 9 11 3 1 0 5 0 1 0 3 3 1 11 5 0 1 8 0 0 0 11 8 11 0 0 8 8 8 0 8 8 5 5 7 11 0 8 8 3 8 0 3 7 11 3
split_gain=594.478 183.973 206.189 46.7628 46.7285 28.53 23.6215 21.4035 21.3189 19.3527 17.2253 15.5517 14.7128 9.8337 13.6841 12.8051 7.6399 8.32037 7.47622 6.94264 6.51168 6.34935 7.80718 5.19419 4.79811 4.68694 4.29091 4.09433 8.18336 3.64732 3.2675 5.25714 3.17854 3.10196 3.00979 3.40922 2.98476 2.85168 2.80814 2.66781 2.33642 2.27993 2.22574 2.16229 2.03802 1.97001 1.95572 2.98059 1.95563 1.92744 1.87187 1.84394 5.35634 1.92634 1.84009 1.78076 1.99882 1.78005 1.76154 1.65757 1.86275 1.64784
threshold=55.500000000000007 0.5277851165098012 -0.29012925520284105 9.5000000000000018 29.150000000000002 39.500000000000007 0.032701564615071219 448.50000000000006 0.19509032201612822 -0.79335334029123528 0.72947329433276253 10.500000000000002 6.5000000000000009 121.50000000000001 139.50000000000003 56.500000000000007 0.68322629814330837 0.032701564615071219 178.50000000000003 21.950000000000003 3.5000000000000004 92.500000000000014 905.85000000000002 157.50000000000003 360.50000000000006 207.50000000000003 2.5500000000000003 10.250000000000002 740.50000000000011 187.50000000000003 915.35000000000002 272.50000000000006 194.50000000000003 0.16280825711809011 142.50000000000003 629.50000000000011 169.50000000000003 105.50000000000001 -0.98611507088852024 8.5000000000000018 24.500000000000004 143.50000000000003 -0.79335334029123528 0.19509032201612822 0.81241147629689026 175.50000000000003 0.41248606129204562 -0.95642797789208689 913.95000000000016 919.55000000000007 6.2086956521739145 38.500000000000007 78.500000000000014 1.0000000180025095e-35 0.41248606129204562 1.3500000000000003 0.63405362205439497 609.50000000000011 34.750000000000007 1.702838827838828 50.500000000000007 5.7500000000000009
decision_type=2 2 2 2 2 2 2 2 2 2 2 2 2 2 2 2 2 2 2 2 2 2 2 2 2 2 2 2 2 2 2 2 2 2 2 2 2 2 2 2 2 2 2 2 2 2 2 2 2 2 2 2 2 2 2 2 2 2 2 2 2 2
left_child=5 2 3 4 7 40 20 12 9 24 55 -7 19 15 21 23 17 46 -6 36 -4 -15 -23 51 -5 27 -10 28 50 37 31 -17 61 41 43 58 -2 -21 -8 -25 -1 42 -14 -20 -12 -31 47 -13 -29 -27 -16 53 -53 -11 -28 -3 -57 -9 -36 -41 -61 -22
right_child=1 10 6 8 18 11 38 57 26 13 44 16 33 14 25 30 -18 -19 34 29 32 22 -24 39 -26 49 54 48 -30 45 -32 -33 -34 -35 35 -37 -38 -39 -40 59 -42 -43 -44 -45 -46 -47 -48 -49 -50 -51 -52 52 -54 -55 -56 56 -58 -59 -60 60 -62 -63
leaf_value=0.35530631935103968 0.36180881112404267 0.36335072118447387 0.36378178532163857 0.37922539531851673 0.36848056949187591 0.35861542995931417 0.36542497653882072 0.38087852086993917 0.37374094598498209 0.39071041818542129 0.36308320887906742 0.37113090780503061 0.37325222257287716 0.36420924937688559 0.38669363659893813 0.39198706198191935 0.3595196450938789 0.36180785425000217 0.38941675179469515 0.38425807463185369 0.36709120329284978 0.37011249681614689 0.38519801489760841 0.38790124213106364 0.38519527057544828 0.38157196951144978 0.38197331034344256 0.38776712690310394 0.35783006758010905 0.38063150727061151 0.39457866895433336 0.38432309909998802 0.3766524704319793 0.37243315907678282 0.37953137062175479 0.3927488185140578 0.36858144389621528 0.36543742164017834 0.36039984576975631 0.3840555901028268 0.35797591512527405 0.3777888165226353 0.39076984223712258 0.38178331963103718 0.35877281972770148 0.37227494298463781 0.36883478083807564 0.37955477648003527 0.39205133285590033 0.38810353163815842 0.3776172816679938 0.37135930200372441 0.38917085487901049 0.3836451511058685 0.37770779252150743 0.37171024913593192 0.36750356647472604 0.39110948315312871 0.38501053219654335 0.37939911197020487 0.36986361229957615 0.37232885882498823
leaf_weight=2244 436 122 228 1247 69 717 477 66 318 445 500 205 22 82 349 887 196 200 484 22 181 136 230 118 465 594 676 1008 29 120 614 305 402 129 366 81 265 206 695 129 1363 150 90 119 647 169 154 214 380 143 70 62 129 129 414 608 535 132 253 220 66 907
leaf_count=2244 436 122 228 1247 69 717 477 66 318 445 500 205 22 82 349 887 196 200 484 22 181 136 230 118 465 594 676 1008 29 120 614 305 402 129 366 81 265 206 695 129 1363 150 90 119 647 169 154 214 380 143 70 62 129 129 414 608 535 132 253 220 66 907
internal_value=0.373529 0.37792 0.379942 0.38274 0.377506 0.358825 0.367913 0.372226 0.384539 0.385557 0.365086 0.364201 0.370315 0.386872 0.384834 0.388853 0.368341 0.370586 0.384463 0.367604 0.371651 0.376753 0.379579 0.385053 0.38085 0.386239 0.378867 0.387596 0.383405 0.372012 0.391581 0.390031 0.372859 0.378746 0.385314 0.383059 0.364361 0.367279 0.36244 0.381241 0.356313 0.381872 0.387287 0.38792 0.360646 0.375729 0.373642 0.375422 0.388945 0.382848 0.385191 0.387701 0.383365 0.389133 0.380358 0.369116 0.369737 0.38773 0.38178 0.379332 0.377181 0.371452
internal_weight=23019 17726 15314 12424 3179 5293 2890 1807 9245 7837 2412 1686 1609 6125 3021 3104 969 773 1372 1218 1718 448 366 1298 1712 2573 1408 1836 448 517 1806 1192 1490 391 1303 700 701 228 1172 533 3607 262 112 603 1147 289 573 419 1388 737 419 765 191 574 1090 1265 1143 198 619 415 286 1088
internal_count=23019 17726 15314 12424 3179 5293 2890 1807 9245 7837 2412 1686 1609 6125 3021 3104 969 773 1372 1218 1718 448 366 1298 1712 2573 1408 1836 448 517 1806 1192 1490 391 1303 700 701 228 1172 533 3607 262 112 603 1147 289 573 419 1388 737 419 765 191 574 1090 1265 1143 198 619 415 286 1088
is_linear=0
shrinkage=1


Tree=1
num_leaves=63
num_cat=0
split_feature=2 2 2 2 11 11 2 2 0 2 5 11 3 2 5 1 5 11 2 11 11 11 11 11 1 5 2 0 2 2 7 2 11 11 11 2 0 5 7 11 2 11 1 0 0 3 11 9 11 0 0 2 3 1 0 0 1 1 3 2 0 5
split_gain=1088.48 102.248 88.6031 12.5753 10.5387 18.3207 10.237 10.1215 7.46191 6.39886 5.22561 4.91722 5.64298 3.89373 3.83627 5.3068 2.63688 2.16936 1.89209 1.77806 1.76411 1.72704 1.58571 2.41073 2.02757 1.48914 1.42539 1.34083 1.30039 1.2697 1.21989 1.21758 1.2038 2.7272 1.92923 1.19513 1.14227 1.07472 1.01551 0.977912 0.949438 0.880385 1.00935 0.865749 1.21163 0.865415 0.821561 0.880459 0.819295 0.74503 0.6801 0.646886 0.625555 0.593655 0.582432 1.10462 0.560513 1.07974 0.541486 0.455184 0.447775 0.437398
threshold=466.50000000000006 203.50000000000003 771.50000000000011 605.50000000000011 121.50000000000001 144.50000000000003 101.50000000000001 325.50000000000006 101.50000000000001 984.50000000000011 906.35000000000002 46.500000000000007 -0.44999999999999996 934.50000000000011 923.95000000000016 763.50000000000011 911.05000000000007 272.50000000000006 679.50000000000011 141.50000000000003 139.50000000000003 298.50000000000006 130.50000000000003 126.50000000000001 194.50000000000003 910.75000000000011 39.500000000000007 116.50000000000001 249.50000000000003 390.50000000000006 0.1781560900222158 546.50000000000011 32.500000000000007 54.500000000000007 52.500000000000007 139.50000000000003 413.50000000000006 921.95000000000016 0.087616170335203594 153.50000000000003 1052.5000000000002 133.50000000000003 250.50000000000003 70.500000000000014 179.50000000000003 -4.2499999999999991 138.50000000000003 -0.72947329433276253 38.500000000000007 126.50000000000001 99.500000000000014 856.50000000000011 20.150000000000002 681.50000000000011 209.50000000000003 629.50000000000011 5.5000000000000009 119.50000000000001 -1.0000000180025095e-35 866.50000000000011 435.50000000000006 908.55000000000007
decision_type=2 2 2 2 2 2 2 2 2 2 2 2 2 2 2 2 2 2 2 2 2 2 2 2 2 2 2 2 2 2 2 2 2 2 2 2 2 2 2 2 2 2 2 2 2 2 2 2 2 2 2 2 2 2 2 2 2 2 2 2 2 2
left_child=1 6 3 31 9 8 26 28 46 32 20 12 48 21 16 -16 17 27 58 22 36 37 23 -12 -25 -20 -1 56 -3 -9 -14 -2 -4 34 43 -8 41 49 -27 -29 -13 42 -10 -34 -45 -23 47 -6 -11 -7 -30 -35 -26 54 61 -56 -15 -58 -5 -51 -42 -41
right_child=2 7 4 18 5 13 35 29 10 11 19 40 30 14 15 -17 -18 -19 25 -21 -22 45 -24 24 52 38 -28 39 50 -31 -32 -33 33 51 -36 -37 -38 -39 -40 53 60 -43 -44 44 -46 -47 -48 -49 -50 59 -52 -53 -54 -55 55 -57 57 -59 -60 -61 -62 -63
leaf_value=-0.017440007658991598 0.0010322580043034474 -0.0091056910250676346 0.016497975820325781 0.008009133300738101 -0.011476707437952214 0.012340019303511264 -0.013765353127595737 -0.0040013925740803331 -0.0051455015334013468 0.020237097014074699 0.016947496165778758 0.018379666531017542 -0.0060157234648918513 0.018450627391509093 0.013377583207808753 -0.017569743188636563 0.018487973772556357 0.0023680291502807399 0.0066913242756735485 0.0014869628682560717 0.0088731161297854726 0.0043668103510275556 0.017390951850870664 0.012772252957764832 -0.010424345828110901 0.00048384920901238331 -0.015609830518971329 0.0040604632582973404 -0.0080419585318309388 -0.001460079489445745 0.0067190794981634985 0.0035190542125838873 0.0038270993024669361 0.012697419165179944 -0.0010370217098692198 -0.011469793443547135 0.006489290172184671 -0.00033850323814916384 0.010012257074282403 0.015774943364910195 0.020819356908369759 -0.0085033559475136758 0.0091339941567449411 0.014326769229408494 0.0056607887087944458 0.015179587433927409 0.0015909105079457227 -0.0011058826630693734 0.0090043383528271952 0.0082660424461181419 -0.0056171646565283543 0.015522353772162212 0.0016115625773986371 0.0072360344752169141 0.010471130100477786 0.01855005405829736 0.0082123833052427896 0.016169874235008732 0.0052001829895098172 0.011208283987870668 0.025136361433826949 0.0097015404829320327
leaf_weight=2269 1122 848 426 221 73 485 1060 904 32 95 56 514 36 231 40 21 537 38 751 40 49 21 113 31 20 30 2217 30 487 1097 39 888 41 334 40 1349 30 21 910 353 528 61 20 153 58 361 24 30 22 319 788 676 22 39 228 55 52 352 947 261 86 38
leaf_count=2269 1122 848 426 221 73 485 1060 904 32 95 56 514 36 231 40 21 537 38 751 40 49 21 113 31 20 30 2217 30 487 1097 39 888 41 334 40 1349 30 21 910 353 528 61 20 153 58 361 24 30 22 319 788 676 22 39 228 55 52 352 947 261 86 38
internal_value=-4.95616e-05 -0.0113961 0.010369 0.0051677 0.0139195 0.0122529 -0.0151214 -0.00516626 0.0041783 0.01615 0.007067 0.0187842 0.0113175 0.013645 0.0150819 0.00263043 0.0154681 0.0143181 0.00729897 0.0113988 0.00067603 0.0116693 0.0130152 0.0091329 0.00305476 0.00837477 -0.016537 0.0146439 -0.00757226 -0.00261082 0.000539925 0.00213351 0.0141338 0.0133553 0.00904837 -0.0124825 -0.00210206 0.0106327 0.00971356 0.0131617 0.0200496 -0.00443088 0.000257633 0.0106688 0.0119721 0.0145996 -0.00656092 -0.00850858 0.0181771 0.0108537 -0.00654782 0.0145945 -0.0040122 0.013537 0.0138931 0.0120649 0.0163678 0.0151603 0.00573659 0.00960037 0.0214362 0.0152001
internal_weight=23019 11019 12000 4869 7131 4083 6895 4124 601 3048 474 1320 192 3482 2014 61 1953 1416 2859 282 192 1468 242 129 73 1691 4486 1378 2123 2001 75 2010 1728 1302 292 2409 143 1086 940 743 1128 113 52 252 211 382 127 103 117 1065 1275 1010 42 713 674 283 635 404 1168 580 614 391
internal_count=23019 11019 12000 4869 7131 4083 6895 4124 601 3048 474 1320 192 3482 2014 61 1953 1416 2859 282 192 1468 242 129 73 1691 4486 1378 2123 2001 75 2010 1728 1302 292 2409 143 1086 940 743 1128 113 52 252 211 382 127 103 117 1065 1275 1010 42 713 674 283 635 404 1168 580 614 391
is_linear=0
shrinkage=0.05


Tree=2
num_leaves=63
num_cat=0
split_feature=2 2 2 2 11 11 2 2 6 2 5 11 3 2 5 1 5 11 4 2 4 2 2 11 11 11 11 4 4 4 5 6 2 8 11 5 7 6 1 1 2 4 6 5 3 11 8 11 8 6 8 11 4 11 6 1 7 3 2 3 2 8
split_gain=982.457 92.2741 79.9797 11.3494 9.50668 16.5309 9.25321 9.16999 6.73837 5.7728 4.71763 4.43274 5.09472 3.51341 3.46286 4.79178 2.38388 2.36637 2.20727 1.71443 1.69808 1.66016 1.6501 1.60333 1.55689 1.42788 2.1897 1.49417 1.35887 2.31565 1.28034 1.13162 1.09848 1.0655 1.01581 0.972084 0.962213 0.859217 1.87287 1.12527 0.853447 0.829025 0.8252 0.790901 0.778127 0.743218 0.793096 0.735804 0.710167 0.670066 0.662087 0.609396 0.755749 0.686674 0.608806 0.584023 0.581151 0.619294 0.568513 0.549611 0.494494 0.467262
threshold=466.50000000000006 203.50000000000003 771.50000000000011 605.50000000000011 121.50000000000001 144.50000000000003 110.50000000000001 343.50000000000006 10302.500000000002 984.50000000000011 906.35000000000002 46.500000000000007 -0.44999999999999996 934.50000000000011 923.95000000000016 763.50000000000011 910.55000000000007 272.50000000000006 16.650000000000002 684.50000000000011 6550.8500000000013 265.50000000000006 39.500000000000007 141.50000000000003 298.50000000000006 130.50000000000003 127.50000000000001 13.250000000000002 29.950000000000003 16.450000000000003 910.75000000000011 13572.500000000002 546.50000000000011 0.41248606129204562 153.50000000000003 921.95000000000016 0.087616170335203594 28056.500000000004 99.500000000000014 24.500000000000004 1052.5000000000002 7.1500000000000012 14042.500000000002 904.95000000000016 -4.2499999999999991 138.50000000000003 -0.68322629814330782 38.500000000000007 -0.32143946530316164 16002.500000000002 -0.93540483100319605 155.50000000000003 6550.3500000000013 152.50000000000003 16256.500000000002 681.50000000000011 0.35791415808894939 3.9500000000000006 1117.5000000000002 -1.0000000180025095e-35 886.50000000000011 0.47114434510950087
decision_type=2 2 2 2 2 2 2 2 2 2 2 2 2 2 2 2 2 2 2 2 2 2 2 2 2 2 2 2 2 2 2 2 2 2 2 2 2 2 2 2 2 2 2 2 2 2 2 2 2 2 2 2 2 2 2 2 2 2 2 2 2 2
left_child=1 6 3 32 9 8 22 21 45 28 20 12 47 24 16 -16 17 31 -14 59 41 61 -1 25 35 26 -12 -28 29 -4 -21 51 -2 50 -33 49 -32 56 39 -39 -13 43 -8 -10 -26 46 -6 -11 -29 -7 -9 52 -15 -54 -23 58 57 -31 -36 -5 -30 -3
right_child=2 7 4 19 5 13 42 33 10 11 23 40 18 14 15 -17 -18 -19 -20 30 -22 54 -24 -25 44 -27 27 48 60 37 36 34 -34 -35 55 -37 -38 38 -40 -41 -42 -43 -44 -45 -46 -47 -48 -49 -50 -51 -52 -53 53 -55 -56 -57 -58 -59 -60 -61 -62 -63
leaf_value=-0.016568045548037064 0.00098064970799345889 -0.0075334866945784883 0.013737414247963087 0.0077771192689477424 -0.0010507720921720779 0.011723145684173592 -0.012284938662239663 -0.0024055923819196606 -0.0018741715183471491 0.019226306509598699 0.01535276357326568 0.017460862273867377 -0.011892016207281485 0.016190033956971061 0.012710371899779683 -0.016695419109263126 0.017435003147131617 0 0.0064554220579433347 0.0064031657841831617 0.0094027226579023356 -0.0068675433777321791 -0.014676416228087481 0.001412799908893364 0.0041495046103789722 0.01652217357362613 -0.0076073814625948408 0.00085837270425104392 0.013860424376318806 0.0012230550108470338 0.00014767094524865298 0.0027106686409329138 0.0033431213493662891 -0.0039321916763389569 0.013709802847108453 -0.00032165828756811494 0.0095829514629017908 0.0077058877586286302 0.010555299346293956 -0.0061885819016375809 0.020365129094459644 -0.0050220327619698449 -0.010105551388960254 0.0096263026084395381 0.014420818087493481 0.0015116949013098148 -0.010903657046204024 0.0085561585823301541 0.014153153758508688 0.0091209545175897633 -1.8166318776391553e-05 0.016161043465991166 0.0019182489500013001 0.014023400996745481 -0.0046174032105508077 0.006528701005733311 0.014088641081936063 0.011420150787171806 0.0085339508919237052 0.005020131420554217 0.016642546543411421 -0.0097400427615095941
leaf_weight=2269 1122 733 702 231 30 485 1369 614 38 95 63 514 24 48 40 21 575 32 51 706 43 577 2561 40 21 113 24 20 419 26 29 27 888 561 590 21 872 23 80 39 614 87 696 24 361 24 73 22 22 580 559 528 29 21 681 38 78 39 65 1021 322 399
leaf_count=2269 1122 733 702 231 30 485 1369 614 38 95 63 514 24 48 40 21 575 32 51 706 43 577 2561 40 21 113 24 20 419 26 29 27 888 561 590 21 872 23 80 39 614 87 696 24 361 24 73 22 22 580 559 528 29 21 681 38 78 39 65 1021 322 399
internal_value=-4.67085e-05 -0.0108265 0.00985141 0.00490966 0.0132248 0.0116416 -0.0143654 -0.00490822 0.00397096 0.0153435 0.0067163 0.0178461 0.0107537 0.012964 0.0143294 0.00249448 0.0146963 0.0135488 0.000509647 0.00693442 0.00064251 -0.00691738 -0.0155664 0.0108322 0.0110865 0.0123673 0.008679 0.00221937 0.0134279 0.0121825 0.00802244 0.0138682 0.00202697 -0.00213585 0.0124745 0.0101014 0.00928486 0.00833141 0.00549973 -0.000949558 0.0190478 -0.00185668 -0.0115533 0.00250544 0.0138705 -0.00623331 -0.00808618 0.0172717 0.00795815 0.0103117 -0.00127221 0.015461 0.0116254 0.00712006 -0.0056539 0.0128473 0.0111025 0.00742626 0.0132052 0.00553338 0.0150782 -0.00831645
internal_weight=23019 11019 12000 4869 7131 4083 6895 4124 601 3048 474 1320 192 3482 2014 61 1953 1378 75 2859 192 2390 4830 282 1468 242 129 66 1728 987 1607 1346 2010 1734 720 1086 901 285 142 62 1128 149 2065 62 382 127 103 117 42 1065 1173 626 98 50 1258 693 143 65 655 1252 741 1132
internal_count=23019 11019 12000 4869 7131 4083 6895 4124 601 3048 474 1320 192 3482 2014 61 1953 1378 75 2859 192 2390 4830 282 1468 242 129 66 1728 987 1607 1346 2010 1734 720 1086 901 285 142 62 1128 149 2065 62 382 127 103 117 42 1065 1173 626 98 50 1258 693 143 65 655 1252 741 1132
is_linear=0
shrinkage=0.05


Tree=3
num_leaves=63
num_cat=0
split_feature=2 2 2 2 11 11 2 2 0 2 5 11 3 2 4 5 7 5 11 5 2 4 11 2 2 0 11 11 7 4 4 2 11 0 11 5 0 11 0 7 2 2 4 0 5 7 7 3 8 11 8 11 7 5 8 7 3 4 8 8 4 2
split_gain=886.886 77.8164 77.0102 11.6396 8.57697 14.9164 8.38194 7.33847 6.08466 5.20625 4.26024 3.99561 4.60003 3.26415 1.99287 1.75406 6.23213 2.08702 2.25525 1.9184 1.56587 1.53293 1.44571 1.44462 1.35273 1.32641 1.28555 1.98211 1.77497 1.22314 2.08488 1.14385 1.06034 1.03305 1.01101 0.913247 0.836956 0.919821 0.775065 1.50777 0.766614 0.762407 0.747908 0.731745 0.720085 0.718234 0.717505 0.712111 0.673696 0.67242 0.714321 0.660641 0.59304 0.561578 0.532129 0.523267 0.659395 0.510581 0.471029 0.456492 0.450814 0.443451
threshold=454.50000000000006 203.50000000000003 771.50000000000011 605.50000000000011 121.50000000000001 144.50000000000003 101.50000000000001 301.50000000000006 101.50000000000001 984.50000000000011 906.35000000000002 46.500000000000007 -0.44999999999999996 866.50000000000011 16.650000000000002 923.95000000000016 0.16840827239986908 912.45000000000016 268.50000000000006 904.75000000000011 699.50000000000011 6550.8500000000013 141.50000000000003 377.50000000000006 514.50000000000011 116.50000000000001 130.50000000000003 126.50000000000001 2.1093399750934001 29.950000000000003 16.450000000000003 39.500000000000007 298.50000000000006 114.50000000000001 250.50000000000003 911.05000000000007 245.50000000000003 153.50000000000003 167.50000000000003 1.6391165755919856 1052.5000000000002 1035.5000000000002 7.1500000000000012 86.500000000000014 904.35000000000002 0.092828037674511824 7.405479452054796 -0.44999999999999996 -0.70710678118654735 138.50000000000003 -0.68322629814330782 38.500000000000007 0.24450483091787442 908.05000000000007 0.41248606129204562 0.42880716643092881 3.9500000000000006 21.450000000000003 0.47114434510950087 0.35206144883412582 14.050000000000002 886.50000000000011
decision_type=2 2 2 2 2 2 2 2 2 2 2 2 2 2 2 2 2 2 2 2 2 2 2 2 2 2 2 2 2 2 2 2 2 2 2 2 2 2 2 2 2 2 2 2 2 2 2 2 2 2 2 2 2 2 2 2 2 2 2 2 2 2
left_child=1 6 3 24 9 8 31 43 49 29 21 12 51 32 -14 17 -17 18 25 -20 47 42 26 -9 -2 48 27 -12 57 30 -4 -1 -7 -8 36 -22 37 -27 55 -40 -13 -19 44 -3 -10 -37 -41 -5 -15 50 -6 -11 -21 -54 -25 56 -32 -29 -45 -26 -38 -31
right_child=2 7 4 20 5 13 33 23 10 11 22 40 14 15 -16 16 -18 41 19 52 35 -23 -24 54 59 34 -28 28 -30 61 38 -33 -34 -35 -36 45 60 -39 39 46 -42 -43 -44 58 -46 -47 -48 -49 -50 -51 -52 -53 53 -55 -56 -57 -58 -59 -60 -61 -62 -63
leaf_value=-0.015739679882133536 0.00014604997974425346 -0.0086798399256317813 0.0130506414636407 0.0077739698310928425 -0.00099840811221702549 0.0084243556602983556 -0.011982846584996753 -0.0041858414616854998 -0.0034341443632273632 0.018266001813011842 0.015335362791058849 0.016587988244955845 -0.01129988239637549 0.01131797982387873 0.0061332826310342252 -0.016109974082414207 0.012874426303181625 0.014804699601567183 -0.0081973942728778022 0.015636416810651164 0.006376398622173843 0.0089336773505965961 0.0013423362902442266 -0.00086412930159399679 0.0033436742682753716 0.0035870270116681669 0.015696795443838726 -0.0096683100421926862 0.011824874273408503 0.013167568243281495 0.0010059225964067827 -0.014095586488374532 0.012629247024417749 -0.0097094564787886771 0.018721019232112935 0.0016487816545628347 0.0072810498750944174 0.012803011184289496 0.010159780714138037 -0.0040641112552346386 0.019347038676744484 0.0188183951856686 -0.0047712194846779837 -0.0057718523405720307 0.0073048908140543106 0.0093904010589884908 0.0065665397065806669 0.0049495864344699424 0.015275676680531147 0.0014364238302861012 -0.010359220045953786 0.0081302864685637768 0.011072611838038956 0.0019618986454349881 -0.0032748761767851468 0.013730390127296542 0.011067389974819089 0.0011794520238608257 -0.0080167991905728386 0.001340785246085315 0.011510532927554195 0.015810677296409625
leaf_weight=2269 834 613 702 283 30 603 1639 1114 28 95 56 514 24 144 51 23 92 471 20 24 605 43 40 751 922 30 113 20 31 419 27 2217 210 770 52 33 167 623 74 43 614 179 87 776 34 700 25 1238 657 24 73 22 33 38 335 70 46 22 363 426 116 322
leaf_count=2269 834 613 702 283 30 603 1639 1114 28 95 56 514 24 144 51 23 92 471 20 24 605 43 40 751 922 30 113 20 31 419 27 2217 210 770 52 33 167 623 74 43 614 179 87 776 34 700 25 1238 657 24 73 22 33 38 335 70 46 22 363 426 116 322
internal_value=-4.40587e-05 -0.0104407 0.00922046 0.00448858 0.0125647 0.0110606 -0.0136473 -0.00484475 0.00377359 0.0145774 0.00638262 0.0169546 0.0102179 0.0123168 0.000480474 0.0131671 0.00702515 0.0134414 0.0125917 0.00571956 0.0065881 0.000609399 0.010294 -0.00291801 0.00173518 0.0130303 0.0117518 0.00824787 0.00272895 0.0127576 0.0115746 -0.0149286 0.00951806 -0.0112587 0.011774 0.00784482 0.0113808 0.0123879 0.00791815 0.00522517 0.0180958 0.0159204 -0.00176376 -0.00726103 0.00237677 0.00904896 -7.84589e-05 0.00547886 0.0145719 -0.00592206 -0.00768488 0.0164114 0.00870757 0.0062764 -0.00161261 0.0105518 0.00742089 -0.00387808 -0.00649235 0.00271457 0.0090358 0.0143249
internal_weight=23019 10847 12172 5041 7131 4083 6895 3952 601 3048 474 1320 192 3482 75 2669 115 2554 1904 115 2859 192 282 2200 2182 1789 242 129 73 1728 987 4486 813 2409 988 1338 936 653 285 142 1128 650 149 1752 62 733 68 1521 801 127 103 117 95 71 1086 143 73 42 1139 1348 283 741
internal_count=23019 10847 12172 5041 7131 4083 6895 3952 601 3048 474 1320 192 3482 75 2669 115 2554 1904 115 2859 192 282 2200 2182 1789 242 129 73 1728 987 4486 813 2409 988 1338 936 653 285 142 1128 650 149 1752 62 733 68 1521 801 127 103 117 95 71 1086 143 73 42 1139 1348 283 741
is_linear=0
shrinkage=0.05


Tree=4
num_leaves=63
num_cat=0
split_feature=2 2 2 2 2 10 10 2 2 5 0 1 3 7 4 2 5 1 5 2 2 4 4 5 0 2 2 10 3 0 4 4 2 1 10 3 0 7 0 1 3 1 4 5 1 0 1 1 3 5 0 2 0 10 1 1 8 8 7 3 5 0
split_gain=800.508 70.2238 69.5137 10.5079 7.58225 7.53652 11.6727 6.63751 4.65515 3.78454 2.86467 3.38784 2.55097 3.07435 3.78506 2.52513 2.92411 3.91163 1.81369 1.7435 1.32724 1.12794 1.84795 1.11309 1.05991 1.04047 0.975633 0.9096 1.19559 0.884186 1.06755 0.837853 0.803007 0.795308 1.33 1.35106 0.966351 0.763507 0.755368 1.08254 1.02107 0.914401 0.863425 0.762084 0.708714 0.699121 1.55811 0.885299 0.689186 0.680017 0.66468 0.656498 0.537678 0.495805 0.840096 1.90373 0.479958 0.472624 0.469671 0.593823 0.46085 0.44089
threshold=454.50000000000006 203.50000000000003 771.50000000000011 593.50000000000011 110.50000000000001 4.5000000000000009 5.5000000000000009 313.50000000000006 984.50000000000011 906.05000000000007 72.500000000000014 326.50000000000006 4.3500000000000005 0.1781560900222158 28.350000000000005 934.50000000000011 923.95000000000016 763.50000000000011 911.45000000000016 679.50000000000011 39.500000000000007 29.950000000000003 16.450000000000003 910.75000000000011 104.50000000000001 377.50000000000006 514.50000000000011 10.500000000000002 10.850000000000003 85.500000000000014 1.6500000000000001 6550.8500000000013 249.50000000000003 202.50000000000003 8.5000000000000018 32.550000000000004 289.50000000000006 0.087616170335203594 463.50000000000006 482.50000000000006 21.950000000000003 728.50000000000011 12.250000000000002 907.45000000000016 233.50000000000003 167.50000000000003 124.50000000000001 24.500000000000004 -2.4499999999999997 921.05000000000007 118.50000000000001 1052.5000000000002 131.50000000000003 1.5000000000000002 492.50000000000006 11.500000000000002 0.41248606129204562 0.47114434510950087 0.42880716643092881 3.9500000000000006 915.45000000000016 179.50000000000003
decision_type=2 2 2 2 2 2 2 2 2 2 2 2 2 2 2 2 2 2 2 2 2 2 2 2 2 2 2 2 2 2 2 2 2 2 2 2 2 2 2 2 2 2 2 2 2 2 2 2 2 2 2 2 2 2 2 2 2 2 2 2 2 2
left_child=1 4 3 26 20 8 9 32 21 29 11 -11 13 14 -10 27 18 -18 24 -5 -1 22 -4 -21 -17 -9 -2 28 -8 -7 -31 -32 -3 -26 36 -36 -35 -25 39 40 -12 -41 44 -44 -42 58 47 -47 49 -29 -6 61 -30 -15 55 -55 -27 -34 59 -24 -48 -14
right_child=2 7 5 19 50 6 15 25 12 10 38 -13 51 53 -16 16 17 -19 -20 23 -22 -23 45 37 33 56 -28 48 52 30 31 -33 57 34 35 -37 -38 -39 -40 41 42 -43 43 -45 -46 46 60 -49 -50 -51 -52 -53 -54 54 -56 -57 -58 -59 -60 -61 -62 -63
leaf_value=-0.014952730579566613 0.00013874835086869852 -0.0078670741519056703 0.012368324583228476 0.0047648627244031502 -0.011077117697107831 -0.0083184109608677968 -0.0024345233443364579 -0.0038216920225348223 -0.0087636890957890467 0.012947724652717789 -0.001722225691823913 -0.0096883419684275773 0.017045183265771861 0.018936191092327713 0.016496673490911485 0.014419991901100269 0.011434322465304054 -0.015131607143234868 0.016130893357350577 0.0057365929958624893 -0.013252416170605075 0.013613442682327396 0.00095581220255862255 0.00032922091129610311 0.012752015731352895 -0.00082092857306354731 0.0023831078598138839 0.012070361086387076 0.010927327776387129 0.011648716810777325 -0.0024244738598554602 0.0048819798956261607 -0.0050253068717057425 0.011784087271129449 0.008179999879910296 -0.0078578146017012889 0.0022783597531860207 0.0086127512551810968 0.013726485031622222 0.012992980518306017 0.005349083373693329 0.0022872135154457678 -0.0023171349451808899 0.0065547822108885786 0.01280062274761368 0.0069953558184367749 0.0044220652620074472 -0.0052167541385965922 0.013432175872885739 0.00055431528519298034 -0.0091149434116388709 0.018298662247906515 0.0085378580822085513 0.014318776980256305 0.019344602652594578 -0.0029754729014578587 -0.0031111812496061597 -0.0073016784628668029 0.013044849958552443 0.010515220828532139 0.012720345686021019 0.013771762664689319
leaf_weight=2269 834 848 695 1345 1369 29 20 931 36 25 36 48 284 53 25 477 40 21 474 751 2561 740 27 30 502 751 1171 30 493 21 130 56 730 288 37 20 31 910 67 130 57 25 34 78 83 23 29 41 299 24 696 591 524 60 35 21 335 357 70 46 49 207
leaf_count=2269 834 848 695 1345 1369 29 20 931 36 25 36 48 284 53 25 477 40 21 474 751 2561 740 27 30 502 751 1171 30 493 21 130 56 730 288 37 20 31 910 67 130 57 25 34 78 83 23 29 41 299 24 696 591 524 60 35 21 335 357 70 46 49 207
internal_value=-4.15133e-05 -0.00991893 0.00876028 0.00426453 -0.0129651 0.0119376 0.0105338 -0.00460287 0.0138333 0.0051824 0.00734476 -0.00186076 0.0160895 0.0112342 0.00151714 0.0118683 0.0130685 0.00219704 0.0134282 0.00612014 -0.0140525 0.0121086 0.010966 0.0071948 0.012478 -0.00259161 0.00145209 0.0102318 0.00946295 -0.000139021 0.000986204 -0.000196373 -0.00669654 0.0114158 0.0096155 0.00246122 0.010877 0.00835376 0.00867232 0.00789371 0.00603924 0.0113011 0.0071681 0.00381725 0.00980845 0.00752555 0.00496436 -0.000745957 0.0124731 0.00705503 -0.0104187 0.0171158 0.00970205 0.0147089 0.0127198 0.00977529 -0.00153223 -0.00577813 0.0100286 0.00705409 0.00970872 0.0156784
internal_weight=23019 10847 12172 5041 6895 7131 4099 3952 3032 819 583 73 1312 230 61 3280 1890 61 1829 3036 4830 1720 980 1691 1355 2017 2005 1390 1037 236 207 186 1935 878 376 57 319 940 510 443 288 155 252 112 140 285 142 64 353 54 2065 1082 1017 169 116 81 1086 1087 143 73 78 491
internal_count=23019 10847 12172 5041 6895 7131 4099 3952 3032 819 583 73 1312 230 61 3280 1890 61 1829 3036 4830 1720 980 1691 1355 2017 2005 1390 1037 236 207 186 1935 878 376 57 319 940 510 443 288 155 252 112 140 285 142 64 353 54 2065 1082 1017 169 116 81 1086 1087 143 73 78 491
is_linear=0
shrinkage=0.05


Tree=5
num_leaves=63
num_cat=0
split_feature=2 2 2 2 2 2 2 11 11 0 11 11 5 5 7 5 11 0 2 4 5 11 4 11 7 5 4 2 11 4 0 5 5 2 8 2 0 2 0 0 8 3 4 7 0 0 8 10 0 4 5 11 11 10 5 11 5 4 0 5 8 4
split_gain=717.082 68.0148 57.5458 7.46858 7.05218 6.43784 6.35082 4.77534 9.72585 4.73182 3.31168 5.08261 2.31038 1.87499 4.9658 1.96908 2.47811 1.85826 1.71879 1.54228 1.47085 1.39574 1.35321 1.66017 1.26693 1.2353 1.23114 1.16549 1.16287 1.67884 1.26405 1.13983 0.994916 0.941333 0.905595 0.895578 0.890916 0.760551 0.744851 0.735174 0.723645 0.717143 0.659884 0.645979 1.02351 0.624668 0.613047 0.600019 0.591929 0.587971 0.570702 0.555707 0.538746 0.978412 0.788684 0.531124 0.520193 0.503303 0.654447 0.714343 0.670003 0.705579
threshold=466.50000000000006 198.50000000000003 758.50000000000011 605.50000000000011 331.50000000000006 95.500000000000014 918.50000000000011 121.50000000000001 144.50000000000003 92.500000000000014 54.500000000000007 38.500000000000007 905.95000000000016 923.75000000000011 0.14535784072239916 909.85000000000002 272.50000000000006 74.500000000000014 1052.5000000000002 6550.8500000000013 912.6500000000002 142.50000000000003 16.850000000000005 50.500000000000007 0.10087658681408683 910.95000000000016 16.650000000000002 249.50000000000003 152.50000000000003 6548.2500000000009 211.50000000000003 920.25000000000011 920.05000000000007 144.50000000000003 0.41248606129204562 673.50000000000011 146.50000000000003 546.50000000000011 25.500000000000004 277.50000000000006 -0.63405362205439475 24.550000000000004 10.850000000000003 0.28143841515934548 171.50000000000003 93.500000000000014 -0.8814490726585632 9.5000000000000018 136.50000000000003 24.950000000000003 922.75000000000011 241.50000000000003 121.50000000000001 5.5000000000000009 907.95000000000016 133.50000000000003 925.95000000000016 28.350000000000005 152.50000000000003 916.85000000000002 -0.58216583101416164 15.350000000000003
decision_type=2 2 2 2 2 2 2 2 2 2 2 2 2 2 2 2 2 2 2 2 2 2 2 2 2 2 2 2 2 2 2 2 2 2 2 2 2 2 2 2 2 2 2 2 2 2 2 2 2 2 2 2 2 2 2 2 2 2 2 2 2 2
left_child=1 5 3 37 27 38 20 10 9 -9 11 -8 19 15 -15 16 28 26 57 -11 52 43 -19 31 32 -5 -13 -3 29 -10 40 49 47 -7 46 -27 -26 -2 -1 50 -30 -41 -32 -14 -45 -29 -6 -22 -17 -24 -38 -44 -4 54 55 -54 -52 58 -12 60 -60 -62
right_child=2 4 6 25 34 33 7 8 13 12 18 17 21 14 -16 48 -18 22 -20 -21 24 -23 23 -25 36 35 -28 45 30 -31 42 -33 -34 -35 -36 -37 39 -39 -40 41 -42 -43 51 44 -46 -47 -48 -49 -50 -51 56 -53 53 -55 -56 -57 -58 -59 59 -61 61 -63
leaf_value=-0.014240139284570508 0.00087995235655033844 -0.0075287218272935127 0.00997645675488271 0.0045761284712251852 -0.0022418079987606039 -0.011282110152229996 0.015880325641961505 -0.0076500330274098735 0.014079039322502146 -0.0029996313218000944 0.015153184321018762 -0.010401834368815721 0.015745322020241006 -0.01483207694637827 0.012737041073466758 0.016328811836254887 -0.0028748169116503026 0.013863493205881764 0.017616288516458873 0.010770253186901118 0.0016407785824302471 -0.001317078347106379 0.010325492762802334 -0.0071309992448422913 0.011918009161860718 0.0053082403569651377 0.0040123254733850653 -0.006670635426426476 0.010706171412353901 -0.00079850166595244907 0.0066980509707528259 0.017806691478637723 -0.0051940013270524998 -0.009264270448597756 -0.0036684559290123412 0.0078428659286107569 0.0087092267368637614 0.0028546205164260343 -0.012868213808878995 0.012266187049492804 0.013848461172619239 0.0054896064007147298 0.0092914239466272436 -0.0011361291233579912 0.01104977162961661 -0.0044059974135229546 -4.3495384678855037e-05 0.013111121940660287 0.013230001502016614 -6.2294413616929852e-06 0 0.016011598634862612 0.0065187262151706173 0.0083653311601513489 0.0080156835086287771 -0.00046824228172690028 0.009269953994428223 0.016127566578617285 0.0073148977725053001 0.017041474310980631 0.013714668890235052 0.0056682312338376829
leaf_weight=2211 1115 945 333 1156 753 1300 215 75 33 81 284 27 55 23 55 337 29 59 570 27 23 25 22 24 796 621 32 491 274 43 146 21 21 1135 600 855 259 881 2078 250 714 50 102 20 98 880 556 25 350 34 43 50 40 848 92 81 24 236 100 59 181 35
leaf_count=2211 1115 945 333 1156 753 1300 215 75 33 81 284 27 55 23 55 337 29 59 570 27 23 25 22 24 796 621 32 491 274 43 146 21 21 1135 600 855 259 881 2078 250 714 50 102 20 98 880 556 25 350 34 43 50 40 848 92 81 24 236 100 59 181 35
internal_value=-3.9289e-05 -0.00928291 0.00843033 0.00406436 -0.00430948 -0.0124071 0.0111895 0.0123809 0.010952 0.00356794 0.0142867 0.0104099 0.00633538 0.0122543 0.00453508 0.0125414 0.0114414 0.00501179 0.0154309 0.000403365 0.00935549 0.00954394 0.00781498 0.00422201 0.0104601 0.00581431 -0.00250582 -0.00616513 0.0117501 0.00560579 0.0121088 0.00783012 0.003725 -0.010344 -0.00205538 0.00678029 0.0107831 0.00175414 -0.0135769 0.00933036 0.0129832 0.0111556 0.0091896 0.0111422 0.00894281 -0.00522111 -0.00131197 0.0077337 0.0147595 0.00397471 0.00763243 0.011544 0.00816976 0.00759712 0.00451277 0.00180369 0.00338859 0.0140317 0.0132712 0.011829 0.0108349 0.0124372
internal_weight=22898 10949 11949 4628 4225 6724 7321 4436 2537 381 1899 434 306 2156 78 2078 1391 219 1465 108 2885 198 160 101 1491 2632 59 2316 1362 76 1286 77 69 2435 1909 1476 1422 1996 4289 626 988 300 298 173 118 1371 1309 48 687 56 326 152 1394 1061 213 121 67 895 659 375 316 216
internal_count=22898 10949 11949 4628 4225 6724 7321 4436 2537 381 1899 434 306 2156 78 2078 1391 219 1465 108 2885 198 160 101 1491 2632 59 2316 1362 76 1286 77 69 2435 1909 1476 1422 1996 4289 626 988 300 298 173 118 1371 1309 48 687 56 326 152 1394 1061 213 121 67 895 659 375 316 216
is_linear=0
shrinkage=0.05


Tree=6
num_leaves=63
num_cat=0
split_feature=2 2 2 2 2 2 2 11 11 0 11 11 1 0 1 5 5 1 3 11 2 2 11 1 5 11 3 11 11 11 2 0 2 0 11 0 5 0 11 11 1 7 2 7 11 0 3 8 2 8 0 0 8 2 11 0 0 5 11 8 0 0
split_gain=647.241 61.3788 51.9454 6.73993 6.39128 5.8249 5.7299 4.30955 8.8044 3.62787 2.98639 4.58483 2.11159 2.48699 2.10189 1.96496 1.57474 4.94445 1.97386 1.59775 1.54669 1.42866 1.3387 1.18974 1.11397 1.09691 1.71691 0.988622 1.21446 1.82009 0.858368 0.852923 0.806973 0.794803 0.79134 0.770595 0.749406 0.728263 0.724356 0.692433 1.50226 1.05058 0.686073 0.67488 0.699523 0.662029 0.638535 0.615373 0.608224 0.577724 0.542701 0.526724 0.501362 0.483203 0.473637 1.49424 0.419553 0.378481 0.724108 0.369619 0.364082 0.357869
threshold=466.50000000000006 198.50000000000003 758.50000000000011 605.50000000000011 291.50000000000006 104.50000000000001 918.50000000000011 121.50000000000001 137.50000000000003 92.500000000000014 54.500000000000007 38.500000000000007 9.5000000000000018 78.500000000000014 492.50000000000006 905.95000000000016 923.75000000000011 701.50000000000011 23.250000000000004 152.50000000000003 1052.5000000000002 396.50000000000006 26.500000000000004 153.50000000000003 910.95000000000016 268.50000000000006 32.750000000000007 298.50000000000006 126.50000000000001 144.50000000000003 39.500000000000007 263.50000000000006 673.50000000000011 169.50000000000003 50.500000000000007 629.50000000000011 916.85000000000002 101.50000000000001 363.50000000000006 56.500000000000007 18.500000000000004 2.4005347593582891 546.50000000000011 6.506756756756757 130.50000000000003 70.500000000000014 12.65 0.41248606129204562 162.50000000000003 -0.95642797789208689 117.50000000000001 325.50000000000006 -0.70710678118654735 699.50000000000011 127.50000000000001 333.50000000000006 90.500000000000014 906.75000000000011 139.50000000000003 0.35206144883412582 435.50000000000006 573.50000000000011
decision_type=2 2 2 2 2 2 2 2 2 2 2 2 2 2 2 2 2 2 2 2 2 2 2 2 2 2 2 2 2 2 2 2 2 2 2 2 2 2 2 2 2 2 2 2 2 2 2 2 2 2 2 2 2 2 2 2 2 2 2 2 2 2
left_child=1 5 3 42 37 30 22 10 9 -9 11 -8 -13 -14 34 31 18 -18 -10 23 56 47 -4 -20 53 33 -27 28 39 43 -1 -11 -26 52 -15 51 -37 -3 -29 40 -24 45 59 44 -30 -42 -31 49 -7 -6 -48 -35 -21 -5 -17 -56 -12 58 -46 -2 -22 -58
right_child=2 4 6 24 21 48 7 8 16 15 20 12 13 14 -16 54 17 -19 19 25 60 -23 27 -25 32 26 -28 38 29 46 -32 -33 -34 35 -36 36 -38 -39 -40 -41 41 -43 -44 -45 57 -47 50 -49 -50 -51 -52 -53 -54 -55 55 -57 61 -59 -60 -61 -62 -63
leaf_value=-0.013505037412560043 0.001463576874219082 -0.0077292222972347229 0.012160376886907574 0.0034207651010028876 -0.0039346106850143862 -0.01025557957859812 0.015086678363233878 -0.008247384750632988 0.014672460623310069 -0.0049531985453502864 0.016252023104692075 0.01442416631131373 -0.0065130788369776984 0.0046050908466675634 0.013593422212464091 0.012405248613396529 0.01274076632194758 -0.014442135053551545 -0.003273898389828632 0.0095997952438491695 0.016152865211886257 -0.0010259038574199364 0.011323786484529988 0.0081628055570156528 0.0050428710819247222 0.010081937282576031 -0.0052844562339770347 0.011461684504123649 -0.0072592349021465752 -0.00079743948148850775 -0.012093154094797137 0.0071982225227118727 0.0074507684800643988 0.009893320687734743 -0.0067093992019554537 0.015017564125252712 0.004162612453622011 -0.005584062498862054 0.0013836282180316414 0.01033037809019868 -0.0001892215153016892 -0.0015422201614560323 0.0027119056849688309 0.0084475708839502131 -0.0063281147063003855 0.008771808905127151 0.0094314982025692044 -0.0049068768469981098 -0.0084259804189783759 -0.0015387977017715505 0.0070208776868579811 0.0048810235658187356 0.013209207047281256 0.0055185278496602628 -0.0044222688546817221 0.011649142452132451 0.012507679978585172 0.0047395798852512237 0.005893407485743552 -0.00047723130123085818 0.020118978651338024 0.016683744310691792
leaf_weight=2270 757 700 289 648 516 1378 215 68 441 50 121 45 55 40 54 58 54 24 25 124 488 1002 137 196 621 70 24 355 23 20 2326 20 855 326 25 119 20 993 20 686 25 53 881 35 28 94 415 504 750 510 618 68 788 508 22 40 709 66 21 358 82 65
leaf_count=2270 757 700 289 648 516 1378 215 68 441 50 121 45 55 40 54 58 54 24 25 124 488 1002 137 196 621 70 24 355 23 20 2326 20 855 326 25 119 20 993 20 686 25 53 881 35 28 94 415 504 750 510 618 68 788 508 22 40 709 66 21 358 82 65
internal_value=-3.70442e-05 -0.00881901 0.00800955 0.00386139 -0.00409433 -0.0117869 0.0106311 0.0117629 0.010405 0.00162738 0.0135737 0.0098905 0.00476185 0.00222741 0.00631119 0.00519028 0.0113964 0.00430499 0.0116452 0.0108831 0.0146607 -0.00250077 0.00888863 0.00684555 0.00552382 0.0114591 0.00610402 0.00852203 0.00811138 0.0070404 -0.0127919 -0.00140472 0.00644149 0.0118036 0.000172937 0.0102155 0.0134958 -0.00647437 0.010938 0.00942513 0.00739656 0.00423467 0.00166657 0.00224517 0.000630911 0.00684868 0.00782318 -0.00346327 -0.00961352 -0.00274885 0.00799499 0.0090424 0.012725 0.00434734 0.00907696 0.00586793 0.0133319 0.00225732 -0.000987151 0.000835959 0.0167356 0.012867
internal_weight=22898 10949 11949 4628 4225 6724 7321 4436 2537 258 1899 434 219 174 119 190 2279 78 2201 1760 1465 2532 2885 221 2632 1539 94 2596 2221 1226 4596 70 1476 1445 65 533 139 1693 375 995 309 172 1996 173 138 119 1053 1530 2128 1026 1033 394 912 1156 120 62 895 115 49 1115 570 774
internal_count=22898 10949 11949 4628 4225 6724 7321 4436 2537 258 1899 434 219 174 119 190 2279 78 2201 1760 1465 2532 2885 221 2632 1539 94 2596 2221 1226 4596 70 1476 1445 65 533 139 1693 375 995 309 172 1996 173 138 119 1053 1530 2128 1026 1033 394 912 1156 120 62 895 115 49 1115 570 774
is_linear=0
shrinkage=0.05


Tree=7
num_leaves=63
num_cat=0
split_feature=2 2 2 2 2 2 11 11 6 2 11 11 5 2 3 6 7 11 5 7 5 11 2 4 4 6 11 4 6 11 11 11 8 8 11 5 11 10 6 8 11 11 2 11 6 3 4 2 3 5 7 4 5 6 3 5 6 7 4 5 6 6
split_gain=584.284 57.8965 44.676 7.14282 6.69394 5.7618 4.01511 8.11111 3.5327 3.17985 2.87364 4.64895 2.47985 1.70957 1.67986 1.66255 1.57539 1.5039 1.19064 4.58591 1.67069 2.06002 1.15629 1.07177 1.05188 1.01712 0.961353 2.02714 0.830193 0.817045 0.870243 1.39165 0.810913 0.764655 0.737419 1.20308 0.974745 1.36054 0.734907 0.689005 0.668558 0.655505 0.61425 0.613482 0.565362 0.564211 0.533456 0.508701 0.506811 0.469478 0.698015 0.46642 0.45315 0.439072 0.438945 0.421051 0.41994 0.412888 0.401535 0.46796 0.396075 0.583106
threshold=429.50000000000006 730.50000000000011 170.50000000000003 886.50000000000011 570.50000000000011 291.50000000000006 121.50000000000001 144.50000000000003 10712.500000000002 81.500000000000014 54.500000000000007 38.500000000000007 906.25000000000011 1024.5000000000002 1.3500000000000003 5550.5000000000009 0.1781560900222158 52.500000000000007 923.75000000000011 0.14535784072239916 909.85000000000002 272.50000000000006 662.50000000000011 6550.8500000000013 18.850000000000005 39006.500000000007 152.50000000000003 6550.5500000000011 6642.5000000000009 141.50000000000003 131.50000000000003 127.50000000000001 -0.63405362205439475 0.41248606129204562 298.50000000000006 925.05000000000007 121.50000000000001 5.5000000000000009 20022.500000000004 -0.95642797789208689 42.500000000000007 54.500000000000007 514.50000000000011 250.50000000000003 8742.5000000000018 -0.84999999999999998 12.450000000000001 233.50000000000003 -0.44999999999999996 906.75000000000011 0.12273877651866742 19.650000000000002 913.55000000000007 229920.50000000003 28.250000000000004 921.55000000000007 650.50000000000011 149.25000000000003 7.1500000000000012 904.35000000000002 16256.500000000002 78680.500000000015
decision_type=2 2 2 2 2 2 2 2 2 2 2 2 2 2 2 2 2 2 2 2 2 2 2 2 2 2 2 2 2 2 2 2 2 2 2 2 2 2 2 2 2 2 2 2 2 2 2 2 2 2 2 2 2 2 2 2 2 2 2 2 2 2
left_child=2 4 9 14 42 28 10 8 -8 56 11 45 23 -12 60 16 -13 24 20 -20 21 25 52 58 -17 26 27 -9 -4 30 31 -14 -28 39 35 36 41 49 55 -7 -26 -16 -2 46 -11 -5 -27 -30 -24 -38 -51 -33 -6 -15 -40 -22 -1 -56 59 -10 -3 -62
right_child=1 3 5 6 22 33 7 18 12 44 13 15 29 53 34 17 -18 -19 19 -21 38 -23 48 -25 40 43 32 -29 47 -31 -32 51 -34 -35 -36 -37 37 -39 54 -41 -42 -43 -44 -45 -46 -47 -48 -49 -50 50 -52 -53 -54 -55 57 -57 -58 -59 -60 -61 61 -63
leaf_value=-0.01287100524450503 -6.5001951123422395e-05 0.011279977750084116 -0.0079452997307197636 0.014328046887977605 0.0027000554041303514 -0.0033279983635580209 -0.0054285527951640706 0.014787765024559292 -0.0033341560623882899 -0.010612880852099502 0.012106655232586932 -0.0074793320739088252 0.012610404738078718 0.01493583818367899 0.0039354811555528633 0.013119822185636393 0.0092457149455796427 -0.0049375754962493849 -0.013509848602579838 0.011346417846330047 0.014909782942280007 -0.0022907336048108764 0.0078735217933368438 0.0084964932532459979 0.0098809824880026764 0.0058179771010233678 0.0093269055069572209 -0.0023300754380585951 -0.0067382828859369739 0.0013190777389863921 0.014790558695497575 -0.0050537118688225744 0.012447965085479252 -0.0043059056911685309 0.010151588029021663 -0.0048677621188604435 0.00039792811335760144 0.0070470617941778523 0.012385518439217164 -0.0010552187525171629 0.00099878378131348488 0.0090074962985228959 0.0017195757239092833 0.016263127120542321 -0.00890270120737938 0.0051831179219691903 0.0097436664578362218 -0.0048487474685817303 0.0051399346005324559 -0.0035258766162584269 0.0058541111030424283 0.005574409831403556 0.004501968488374925 0.018844925960845124 0.003614648752722922 0.0069217564973665102 -0.011753369019829176 0.010695495874908527 -0.0050038639596323682 0.0068053391740008551 0.0068999698170026554 0.011918037062236753
leaf_weight=2186 1203 358 752 275 791 672 90 31 24 1486 836 46 54 683 75 72 20 23 24 79 385 32 217 31 38 201 313 38 816 29 73 20 755 638 197 21 107 953 293 679 51 646 799 23 802 20 169 689 974 22 154 21 661 95 34 20 1686 65 55 21 182 93
leaf_count=2186 1203 358 752 275 791 672 90 31 24 1486 836 46 54 683 75 72 20 23 24 79 385 32 217 31 38 201 313 38 816 29 73 20 755 638 197 21 107 953 293 679 51 646 799 23 802 20 169 689 974 22 154 21 661 95 34 20 1686 65 55 21 182 93
internal_value=-3.49648e-05 0.00725448 -0.00878613 0.00987363 0.00282864 -0.00483785 0.0110024 0.00977176 0.00331378 -0.0115067 0.0126411 0.00946845 0.00572876 0.0137087 0.00784596 0.00441994 -0.00232917 0.00686792 0.010866 0.00549868 0.011098 0.010131 0.00448088 0.000356732 0.00858748 0.0103942 0.0111651 0.00529846 -0.00656863 0.00927366 0.0106154 0.00734241 0.0115389 -0.00287112 0.00717753 0.0068783 0.00700714 0.00613896 0.0129853 -0.00218958 0.00485413 0.00848745 0.000644778 0.00814889 -0.010016 0.013727 0.00762672 -0.00587694 0.00564281 0.00306187 0.00465188 0.000268624 0.00352404 0.015422 0.011374 0.0145295 -0.012386 0.00832025 -0.00212261 0.00129134 0.0101333 0.00861888
internal_weight=22898 12492 10406 7847 4645 4246 5039 2880 418 6160 2159 545 328 1614 2808 250 66 184 2462 103 2359 1562 2643 131 161 1530 1137 69 2257 197 168 95 1068 1989 2175 1978 1957 1236 797 1351 89 721 2002 393 2288 295 370 1505 1191 283 176 41 1452 778 392 405 3872 99 100 45 633 275
internal_count=22898 12492 10406 7847 4645 4246 5039 2880 418 6160 2159 545 328 1614 2808 250 66 184 2462 103 2359 1562 2643 131 161 1530 1137 69 2257 197 168 95 1068 1989 2175 1978 1957 1236 797 1351 89 721 2002 393 2288 295 370 1505 1191 283 176 41 1452 778 392 405 3872 99 100 45 633 275
is_linear=0
shrinkage=0.05


Tree=8
num_leaves=63
num_cat=0
split_feature=2 2 2 2 2 2 11 11 0 11 11 2 1 11 1 5 2 5 1 2 3 5 11 11 11 5 3 11 2 5 11 11 4 0 0 11 11 1 0 2 11 0 2 0 9 9 11 3 0 0 0 5 3 2 0 11 0 1 4 11 5 5
split_gain=527.47 50.0419 42.4915 7.03914 5.29277 4.74759 4.29349 8.06922 3.51819 2.69208 4.25008 2.68049 2.49677 3.22113 2.09454 1.93481 1.80665 1.89188 3.35079 1.53047 1.50986 1.43271 1.39453 1.31626 0.99771 0.988561 0.968782 0.96135 0.878033 0.837764 0.80906 1.27769 0.811177 0.808686 0.764232 0.752101 0.718155 0.726141 0.85349 0.712715 0.682294 0.6255 0.594797 0.549414 0.522553 0.513127 0.509725 0.508081 0.467463 0.463965 0.453561 0.408306 0.405153 0.399696 0.39355 0.387687 0.387148 0.537877 0.384585 0.377749 0.771678 0.427553
threshold=466.50000000000006 198.50000000000003 791.50000000000011 662.50000000000011 331.50000000000006 95.500000000000014 121.50000000000001 144.50000000000003 92.500000000000014 54.500000000000007 42.500000000000007 1024.5000000000002 9.5000000000000018 46.500000000000007 65.500000000000014 906.55000000000007 942.50000000000011 923.1500000000002 701.50000000000011 570.50000000000011 -1.0000000180025095e-35 910.95000000000016 141.50000000000003 272.50000000000006 298.50000000000006 922.05000000000007 1.0500000000000003 52.500000000000007 249.50000000000003 919.85000000000002 130.50000000000003 127.50000000000001 13.250000000000002 128.50000000000003 187.50000000000003 363.50000000000006 133.50000000000003 296.50000000000006 292.50000000000006 139.50000000000003 140.50000000000003 143.50000000000003 404.50000000000006 25.500000000000004 -0.9733555533461492 -0.63405362205439475 136.50000000000003 26.450000000000003 93.500000000000014 706.50000000000011 135.50000000000003 913.55000000000007 -3.5499999999999994 886.50000000000011 479.50000000000006 38.500000000000007 131.50000000000003 278.50000000000006 17.850000000000005 316.50000000000006 922.45000000000016 906.45000000000016
decision_type=2 2 2 2 2 2 2 2 2 2 2 2 2 2 2 2 2 2 2 2 2 2 2 2 2 2 2 2 2 2 2 2 2 2 2 2 2 2 2 2 2 2 2 2 2 2 2 2 2 2 2 2 2 2 2 2 2 2 2 2 2 2
left_child=1 5 3 19 28 43 9 8 45 10 20 53 -12 -14 -15 33 24 21 -19 -2 41 23 30 34 25 44 -5 -16 -3 -22 31 -17 -33 -10 -18 -26 37 38 -35 -7 47 -4 -6 -1 56 46 -8 -38 -30 58 -23 -21 -43 -11 -13 -54 -9 -58 -36 60 61 -28
right_child=2 4 6 26 42 39 7 16 15 11 12 54 13 14 27 22 17 18 -20 51 29 50 -24 -25 35 -27 59 -29 48 -31 -32 32 -34 36 49 -37 40 -39 -40 -41 -42 52 -44 -45 -46 -47 -48 -49 -50 -51 -52 -53 55 -55 -56 -57 57 -59 -60 -61 -62 -63
leaf_value=-0.012218361300705279 0.0010484659910808553 -0.0064872839710314132 0.013235241164223225 0.0079334476008571814 -0.0025885831300918867 -0.0097527317426719783 -0.0095886044289049052 0.010686891832199601 0.0099837442658422329 0.009438914942097365 0.012254334051561145 0.014189155171071189 -0.0067340970076115308 -0.003381041125835055 0.013940710377276636 0.011549430990405696 0.011105276738745899 0.011525503928234796 -0.011578677474767313 0.0025650696878494173 -0.00080917589867541325 0.014852027780343367 -0.00024148668925722536 0.00022544227369796058 0.011161540998792808 -0.00332785396285318 0.0044060581593745136 0.0018382921741494748 -0.0057378633406731609 0.011705744422193784 0.012986246599492055 -0.0070896197277218551 0.005862183422716551 -0.0052214934586736232 0.0065030043865737276 0.00090164623005473197 -0.0012478296886982881 0.011366100041237892 0.0082615118496935456 -0.0079961442138689002 0.0040282305528969997 0.011398682416024052 -0.0008113714519349855 -0.011033658637049843 0.0066827294755208077 0.0016268307104777384 -0.0009133430097922968 -0.0099005753934113296 -0.0037741883930208111 0.015206642838434559 0.011713970368977963 0.0042769041047277271 0.0037784039773153186 0.011501394840049783 0.017903670152310446 0.012027522173132833 0.0089892521632886514 0.0033902796584375072 0.01037059996320878 0.0093122402485385069 -0.0005184902067544672 0.0060742871344644043
leaf_weight=2211 1459 945 384 478 996 1205 57 206 23 384 65 683 81 39 60 59 936 39 26 791 38 251 42 34 339 20 670 24 491 20 98 20 30 28 221 20 38 22 20 1230 26 123 913 2078 578 21 26 33 880 24 271 661 49 836 95 22 178 61 102 62 55 1021
leaf_count=2211 1459 945 384 478 996 1205 57 206 23 384 65 683 81 39 60 59 936 39 26 791 38 251 42 34 339 20 670 24 491 20 98 20 30 28 221 20 38 22 20 1230 26 123 913 2078 578 21 26 33 880 24 271 661 49 836 95 22 178 61 102 62 55 1021
internal_value=-3.2947e-05 -0.00796085 0.00723107 0.00383082 -0.00369459 -0.0106407 0.00984739 0.00874603 0.00308289 0.0113056 0.0090202 0.0123377 0.0037219 0.00097406 0.00609213 0.00504746 0.00967454 0.0106874 0.00220344 0.00219728 0.0112523 0.0109844 0.00794984 0.0100877 0.00829477 0.0074941 0.0059086 0.0105486 -0.0053023 0.00343298 0.00963531 0.00656757 0.000577852 0.00121532 0.0103451 0.0106043 0 0.0038591 0.000297971 -0.00886784 -0.00278182 0.0120276 -0.00174132 -0.0116458 0.00771087 -0.00515871 -0.00693559 -0.00534812 -0.00448146 0.00827754 0.013235 0.00334804 0.0096059 0.0108571 0.0146514 0.00641811 0.00903325 0.00758315 0.00774266 0.0053701 0.00522673 0.00541657
internal_weight=22898 10949 11949 5197 4225 6724 6752 3849 543 2903 905 1998 269 204 123 439 3306 1904 65 2911 636 1839 249 1317 1402 1043 2286 84 2316 58 207 109 50 190 1283 359 167 70 48 2435 97 578 1909 4289 1023 104 83 71 1371 347 522 1452 194 1220 778 71 445 239 323 1808 1746 1691
internal_count=22898 10949 11949 5197 4225 6724 6752 3849 543 2903 905 1998 269 204 123 439 3306 1904 65 2911 636 1839 249 1317 1402 1043 2286 84 2316 58 207 109 50 190 1283 359 167 70 48 2435 97 578 1909 4289 1023 104 83 71 1371 347 522 1452 194 1220 778 71 445 239 323 1808 1746 1691
is_linear=0
shrinkage=0.05


Tree=9
num_leaves=63
num_cat=0
split_feature=2 2 2 2 2 2 2 11 11 6 11 11 1 6 1 5 2 3 9 11 2 3 5 1 5 11 6 11 11 11 11 6 3 1 8 2 1 11 11 10 6 8 6 8 11 5 10 11 11 11 3 11 3 3 2 6 8 7 11 11 11 6
split_gain=476.128 42.2653 41.1942 5.85075 4.87153 4.27184 3.64384 3.38645 7.08249 3.03471 2.2716 3.69399 1.7889 1.9591 2.02195 1.70646 1.56929 1.19849 0.910396 0.89534 0.863933 0.858322 0.782302 3.35546 1.02682 1.65839 1.1254 0.78462 0.735576 0.685046 1.1017 0.650279 0.602831 0.593538 0.556523 0.550949 0.549974 0.542656 0.605083 1.10593 0.536245 0.497562 0.493635 0.461504 0.430292 0.427767 0.644317 1.0296 0.458883 0.412399 0.654073 0.409677 0.378492 0.377234 0.366865 0.352591 0.35033 0.346435 0.327615 0.631823 0.543212 0.421607
threshold=454.50000000000006 188.50000000000003 730.50000000000011 866.50000000000011 291.50000000000006 593.50000000000011 95.500000000000014 121.50000000000001 144.50000000000003 7310.5000000000009 54.500000000000007 38.500000000000007 28.500000000000004 6162.5000000000009 75.500000000000014 906.1500000000002 1024.5000000000002 1.3500000000000003 -0.77259657388510605 142.50000000000003 396.50000000000006 -0.6499999999999998 924.1500000000002 701.50000000000011 912.6500000000002 268.50000000000006 39006.500000000007 250.50000000000003 26.500000000000004 139.50000000000003 133.50000000000003 9900.5000000000018 -2.0499999999999994 492.50000000000006 0.47114434510950087 514.50000000000011 598.50000000000011 46.500000000000007 121.50000000000001 5.5000000000000009 9702.5000000000018 0.41248606129204562 650.50000000000011 -0.93540483100319605 272.50000000000006 905.75000000000011 5.5000000000000009 133.50000000000003 138.50000000000003 298.50000000000006 12.350000000000003 42.500000000000007 26.450000000000003 15.050000000000002 1018.5000000000001 229920.50000000003 0.47114434510950087 22.824808184143226 123.50000000000001 131.50000000000003 127.50000000000001 13806.500000000002
decision_type=2 2 2 2 2 2 2 2 2 2 2 2 2 2 2 2 2 2 2 2 2 2 2 2 2 2 2 2 2 2 2 2 2 2 2 2 2 2 2 2 2 2 2 2 2 2 2 2 2 2 2 2 2 2 2 2 2 2 2 2 2 2
left_child=1 6 5 17 31 35 42 10 9 -9 11 21 32 51 -15 29 -12 -4 22 58 41 -5 24 -24 25 26 -10 -28 -7 30 -11 -3 -13 -16 45 -2 44 -19 -39 57 -8 43 -1 -6 -27 46 47 -30 -49 50 -41 -14 -32 -20 -26 -18 -33 -40 -17 60 -60 -61
right_child=2 4 3 7 20 28 40 8 18 15 16 12 13 14 33 19 55 37 53 -21 -22 -23 23 -25 54 36 27 -29 34 -31 52 56 -34 -35 -36 -37 -38 38 39 49 -42 -43 -44 -45 -46 -47 -48 48 -50 -51 -52 -53 -54 -55 -56 -57 -58 -59 59 61 -62 -63
leaf_value=-0.011607470927555048 0.00013923801001788076 -0.0068297099779281974 0.0089889361074225998 0.012710628392720236 -0.0033270288426615474 0.0070262288813631394 -0.0092174769447086399 -0.0070143020871051695 0.011138469917696972 0.004158476687166182 0.010816607210510221 0.0026206332903641917 0 -0.0069209588237959078 0.0034453082443496059 0.014430190371228502 0.013479801304966961 -0.00059067325192293998 0.00095688492726923825 -0.00069661227493351681 -0.00096141905325145991 0.0028240923090759977 0.010260727453725922 -0.012352014974278597 0.011200446170708849 0.0050646500368497762 0.0070061788628199839 0.015492045457723438 0.004750240790423528 0.0064931023824811411 -0.0013882042745710752 -0.0043127071277684692 0.012503934398986706 0.011748695672341278 0.0019123351026619146 0.0018292041456194421 0.0094717110989548537 0.0076919783464842939 0.0021531754829529283 -0.0027297508965399282 -0.0075878527371713664 -0.0042773212785118522 -0.010482002279357878 -0.0011789448646656831 -0.00293241458999153 0.004833644890123002 0.003999117672414094 -0.0090628103931042168 0 0.008851173159761137 0.0062402624137765442 -0.0088947465257751667 -0.0093455356049571628 0.008231555821176937 0.013999404948372318 0.017009427346735724 -0.0063054834150879594 0.0085526135127945071 0.0088513993130110626 0.0038711694987287729 0.00029308051866370821 0.012310450031031199
leaf_weight=2211 836 765 535 331 550 227 1333 66 900 48 921 22 20 27 38 23 683 27 20 29 826 25 86 20 347 31 327 31 52 35 29 792 66 57 286 1162 25 614 233 20 907 504 2078 476 36 1248 410 31 26 164 820 40 35 605 220 95 331 24 35 21 42 74
leaf_count=2211 836 765 535 331 550 227 1333 66 900 48 921 22 20 27 38 23 683 27 20 29 826 25 86 20 347 31 327 31 52 35 29 792 66 57 286 1162 25 614 233 20 907 504 2078 476 36 1248 410 31 26 164 820 40 35 605 220 95 331 24 35 21 42 74
internal_value=-3.10295e-05 -0.00768023 0.00676484 0.00891699 -0.00379378 0.00281593 -0.0102056 0.0098356 0.00874161 0.00282735 0.0112846 0.00867917 0.00423789 0.00137413 0.00503324 0.00459305 0.0122411 0.00687534 0.00971561 0.00734036 -0.00227364 0.0120314 0.0102406 0.00593943 0.0104755 0.00970569 0.0101814 0.00775907 0.00429574 0.000370534 -0.00150225 -0.00568786 0.0100956 0.00848703 0.00399107 0.00112464 0.00314213 0.00627775 0.00637935 0.00573568 -0.00856022 -0.00297869 -0.0110636 -0.00233554 0.000695238 0.00432456 0.00309009 -0.000283894 -0.00496428 0.00648865 0.00602044 -0.00597886 -0.00582566 0.00800696 0.0122976 0.0139194 -0.00490503 0.00277333 0.00856098 0.00773916 0.00425451 0.0105035
internal_weight=22898 10773 12125 7847 4244 4278 6529 5410 3085 437 2325 626 270 182 122 371 1699 2437 2648 224 2356 356 2023 106 1917 1350 1258 358 2280 147 112 1888 88 95 2053 1998 92 1902 1875 1261 2240 1530 4289 1026 67 1767 519 109 57 1004 840 60 64 625 567 778 1123 257 195 172 77 95
internal_count=22898 10773 12125 7847 4244 4278 6529 5410 3085 437 2325 626 270 182 122 371 1699 2437 2648 224 2356 356 2023 106 1917 1350 1258 358 2280 147 112 1888 88 95 2053 1998 92 1902 1875 1261 2240 1530 4289 1026 67 1767 519 109 57 1004 840 60 64 625 567 778 1123 257 195 172 77 95
is_linear=0
shrinkage=0.05


Tree=10
num_leaves=63
num_cat=0
split_feature=0 8 9 1 3 0 8 9 0 8 8 1 1 0 0 8 9 11 11 11 3 11 11 1 3 1 0 8 5 3 4 11 3 5 1 8 0 1 11 4 11 11 0 11 4 11 11 1 5 11 8 11 0 7 8 3 9 11 11 11 11 8
split_gain=223.336 69.087 76.4181 12.1778 16.2527 9.67108 8.01725 7.7791 6.67913 5.86404 7.70541 5.82811 5.59559 3.06401 3.90412 2.82704 2.8024 2.50936 2.37183 8.17523 2.71391 2.31647 2.74498 2.30413 2.13984 2.11979 1.8711 1.67865 1.61125 1.59579 1.38914 1.34241 1.29043 1.27718 2.12248 1.23987 1.2225 1.21559 1.21029 1.20218 1.59883 1.19989 1.12764 1.0526 1.04181 1.72871 2.76561 1.15569 0.95857 0.950795 0.9364 0.929262 0.918223 0.894853 0.888209 0.834415 0.894827 0.825221 0.824453 1.5782 0.974041 0.792714
threshold=55.500000000000007 0.47114434510950087 -0.29012925520284105 9.5000000000000018 29.450000000000003 39.500000000000007 0.72947329433276253 -0.032701564615071448 554.50000000000011 0.19509032201612822 -0.77259657388510594 6.5000000000000009 10.500000000000002 165.50000000000003 463.50000000000006 0.68322629814330837 0.06540312923014284 178.50000000000003 127.50000000000001 137.50000000000003 6.2500000000000009 42.500000000000007 46.500000000000007 397.50000000000006 22.950000000000003 2.5000000000000004 163.50000000000003 -0.98611507088852024 910.05000000000007 2.5500000000000003 2.4500000000000006 187.50000000000003 1.9500000000000002 921.35000000000002 740.50000000000011 0.58216583101416164 629.50000000000011 176.50000000000003 260.50000000000006 65.15000000000002 123.50000000000001 276.50000000000006 134.50000000000003 8.5000000000000018 15.350000000000003 125.50000000000001 140.50000000000003 85.500000000000014 914.6500000000002 362.50000000000006 0.16280825711809011 158.50000000000003 175.50000000000003 11.013888888888891 0.19509032201612822 10.550000000000002 -0.93540483100319605 324.50000000000006 121.50000000000001 152.50000000000003 54.500000000000007 -0.9733555533461492
decision_type=2 2 2 2 2 2 2 2 2 2 2 2 2 2 2 2 2 2 2 2 2 2 2 2 2 2 2 2 2 2 2 2 2 2 2 2 2 2 2 2 2 2 2 2 2 2 2 2 2 2 2 2 2 2 2 2 2 2 2 2 2 2
left_child=5 2 3 4 8 -1 32 25 11 10 23 24 -7 18 30 16 55 -6 20 -20 21 -12 -23 58 42 -4 54 -9 31 -11 51 -26 -3 -21 49 -34 -28 -27 -10 41 -41 43 -2 -32 45 -45 -47 -46 -16 -35 53 -15 -30 -13 -19 56 -14 -50 60 -60 -5 -57
right_child=1 6 7 9 17 12 -8 27 38 29 13 50 15 14 48 -17 -18 26 19 33 -22 22 -24 -25 28 37 36 -29 52 -31 39 -33 35 34 -36 -37 -38 -39 -40 40 -42 -43 -44 44 47 46 -48 -49 57 -51 -52 -53 -54 -55 -56 61 -58 -59 59 -61 -62 -63
leaf_value=-0.010440457513714349 -0.0071702098214554873 -0.0060926391156004662 -0.0068829728142726912 0.0029300834142900203 -0.0023898929173007677 -0.0091439212143726231 -0.0079795392959335458 -0.0043179053539749218 0.011198781711791892 0.00017025807898569045 0.0096756052637080592 0.010032777184767 0.0047500985700822968 0.011059393823807641 0.0079858176471583036 -0.0087035740676318502 -0.0077498760214272881 0.010353534395313002 -0.0060982836619025219 0.0093603003970355019 0.012777335330093504 -0.0070081196907460083 0.0085777023335166427 0.0074220282113559664 -0.0049605541253022519 -0.001045646140991612 0.0047430050134010457 -0.0077712152200791421 0.010310154038111715 0.004455394088086896 0.0091845163035877923 0.0010612499585627543 -0.00013456981259337642 0.0087594320025550978 -0.004932908148226077 -0.0031366164701827574 0.011849474308071671 0.0023758633969500416 0.00075770070637031948 0.011801440364835611 0.0048743614765461747 0.0081247914562711035 -0.003014750720281568 0.0075616256198419414 0.00042034444326136122 -0.0083558006992291572 0.0045741955527321453 0.0049572326101697149 0.01532746845347943 -0.0016740933593934503 0 0.0012829727086773033 0.00078865933687427732 0.0037291750397708506 0.0054505706169061139 -0.00067872677456832944 -0.0026354104939672303 0.0049096537943429499 -0.0015039876692413111 0.0036797656886333424 0.006684954529464166 0.005430615406481514
leaf_weight=3637 294 210 126 351 64 740 1084 770 139 291 622 80 46 202 97 197 165 555 98 1337 750 49 66 524 188 929 514 666 46 887 116 180 597 176 41 823 70 360 36 176 165 293 382 416 304 48 287 265 182 24 107 29 59 207 117 113 347 23 190 628 354 98
leaf_count=3637 294 210 126 351 64 740 1084 770 139 291 622 80 46 202 97 197 165 555 98 1337 750 49 66 524 188 929 514 666 46 887 116 180 597 176 41 823 70 360 36 176 165 293 382 416 304 48 287 265 182 24 107 29 59 207 117 113 347 23 190 628 354 98
internal_value=-2.85525e-05 0.00269012 0.0040284 0.00577297 0.00303297 -0.00898171 -0.00464529 -0.00333048 -0.000169886 0.00669819 0.00719461 -0.00122285 -0.00586846 0.00813133 0.00685253 -0.00335345 -0.00197542 0.00720502 0.00918189 0.00787952 0.0106458 0.00846843 0.00189303 0.00455334 -0.00302475 -0.00069529 0.00769806 -0.00592342 -0.000433399 0.00340119 0.00614612 -0.00200204 -0.00242449 0.0087511 0.00534819 -0.00187811 0.00560525 -8.60767e-05 0.00908112 0.00572939 0.0084667 0.00518618 -0.0048302 0.00458258 0.00417371 0.00540238 0.00270468 0.00254259 0.0122144 0.00748221 0.00401865 0.00985477 0.0050134 0.00550657 0.00950827 -0.000388664 -0.00175724 0.014186 0.00356263 0.00246957 0.00482328 0.00213633
internal_weight=22937 17594 14880 12029 3038 5343 2714 2851 1718 8991 7813 1543 1706 5766 2603 966 769 1320 3163 1676 1487 737 115 2047 1149 1415 1256 1436 473 1178 2301 368 1630 1578 241 1420 584 1289 175 2070 341 1729 676 1436 1320 751 335 569 302 200 394 231 105 287 672 604 393 205 1523 818 705 211
internal_count=22937 17594 14880 12029 3038 5343 2714 2851 1718 8991 7813 1543 1706 5766 2603 966 769 1320 3163 1676 1487 737 115 2047 1149 1415 1256 1436 473 1178 2301 368 1630 1578 241 1420 584 1289 175 2070 341 1729 676 1436 1320 751 335 569 302 200 394 231 105 287 672 604 393 205 1523 818 705 211
is_linear=0
shrinkage=0.05


Tree=11
num_leaves=63
num_cat=0
split_feature=2 2 2 2 2 10 10 2 0 5 7 2 5 1 5 4 4 1 5 7 3 0 1 10 7 5 4 7 4 0 4 1 0 3 4 5 0 2 3 7 8 3 4 5 0 0 4 4 0 0 8 8 3 7 2 5 1 1 4 5 5 3
split_gain=393.211 38.402 29.9551 6.09572 4.1533 3.47014 6.30471 2.11087 2.034 1.76513 2.02068 1.38944 1.52042 3.13795 1.25897 1.11705 1.56147 1.35963 1.0159 0.886655 1.15558 1.11256 0.857452 0.91068 0.836819 1.20434 0.830423 0.804964 0.798773 0.79619 0.78197 0.76721 0.77932 0.726175 0.796845 0.723577 1.71701 0.715473 0.713436 0.686202 0.657959 0.654593 0.800378 0.792584 0.673966 0.594922 0.593916 1.20549 0.55617 0.529707 0.528304 0.518914 0.489363 0.591721 0.487848 0.486976 0.502476 0.477989 0.464967 0.575051 0.883184 0.455408
threshold=429.50000000000006 771.50000000000011 170.50000000000003 593.50000000000011 285.50000000000006 4.5000000000000009 5.5000000000000009 930.50000000000011 60.500000000000007 906.1500000000002 0.11285902519594442 918.50000000000011 922.95000000000016 250.50000000000003 912.45000000000016 46.850000000000001 2.2500000000000004 628.50000000000011 913.85000000000002 0.1781560900222158 7.1500000000000012 173.50000000000003 6.5000000000000009 8.5000000000000018 0.087616170335203594 919.6500000000002 18.850000000000005 0.23759641157485917 23.750000000000004 81.500000000000014 15.050000000000002 119.50000000000001 298.50000000000006 32.650000000000013 1.6500000000000001 912.25000000000011 83.500000000000014 514.50000000000011 32.250000000000007 20.240384615384617 0.41248606129204562 29.450000000000003 13.250000000000002 907.85000000000002 245.50000000000003 152.50000000000003 14.250000000000002 3.8500000000000001 74.500000000000014 115.50000000000001 0.47114434510950087 -0.8814490726585632 5.7500000000000009 2.0041666666666669 684.50000000000011 908.05000000000007 227.50000000000003 315.50000000000006 20.550000000000004 918.6500000000002 922.75000000000011 -4.2499999999999991
decision_type=2 2 2 2 2 2 2 2 2 2 2 2 2 2 2 2 2 2 2 2 2 2 2 2 2 2 2 2 2 2 2 2 2 2 2 2 2 2 2 2 2 2 2 2 2 2 2 2 2 2 2 2 2 2 2 2 2 2 2 2 2 2
left_child=2 3 8 37 50 7 9 45 -1 33 -11 61 14 -14 22 16 -9 19 -5 20 28 26 49 31 25 -20 -21 -25 -18 -19 -23 48 -33 34 -7 41 -37 -2 -29 57 51 42 44 -43 -12 -3 47 -38 -24 -13 -4 -6 -32 -54 -26 56 -44 -36 -28 -60 -61 -8
right_child=1 5 4 18 40 6 11 15 -10 10 35 12 13 -15 -16 -17 17 29 24 21 -22 30 23 27 54 -27 58 38 -30 -31 52 32 -34 -35 39 36 46 -39 -40 -41 -42 43 55 -45 -46 -47 -48 -49 -50 -51 -52 -53 53 -55 -56 -57 -58 -59 59 60 -62 -63
leaf_value=-0.0099888884763897276 1.9728748351726333e-05 0.0091131136480520555 -0.004896318243730392 0.0034343459746818249 -0.0025509232332146512 0.00822441139402081 -3.5755714993058777e-05 0.013726815856559034 -0.0079423453300501122 -0.0069532070628274519 0.013912942176443583 0.011893068855866785 0.010847370334586968 -0.0076500127938555137 0.011794222890395535 0.012874691772692265 -0.0074886905118768075 0.0043011765912234542 0.0047895848784181502 0.01196773633308474 0.0097516010215272543 0.0082564329499221992 -0.003163631907224062 0.01015573412278958 0.0045235315171750301 -0.0094132151857857071 0.001153969267087669 0.0036027942425018904 0.0056053685589661055 0.014173720142164373 0.007903271479821625 0.0093151418858894112 0.0010052145964846351 0.0072177032224795563 -0.0055067482656437038 -0.006044812711989484 0.011100974999256124 0.001753480032468574 -0.0070751844712520417 0.0052624124405598735 -0.0036707586234850926 -0.0032473106518545593 0.0061326118312540097 0.0088571547876697618 0.0062737646852870912 0.0068276854604964431 0.0085912913810369911 -0.0028137390858336002 0.0060049274213991128 0.0088984916598529654 -0.0065616163203912579 -0.00059418413365246864 0.0045429838966191466 -0.0045802595351382468 0.0065243675155699085 0.0074617226665523702 -0.0047531904717582965 0 0.011772805341846267 3.2399262482365662e-05 0.013190686391360723 0.0071564655469938026
leaf_weight=4473 1205 633 1350 1681 842 20 21 235 1713 33 81 271 53 40 458 477 27 25 42 307 39 225 20 30 610 23 27 53 20 173 34 623 31 29 103 39 24 1187 22 26 670 30 22 24 50 575 81 43 80 391 787 580 41 31 670 93 20 64 68 37 20 1235
leaf_count=4473 1205 633 1350 1681 842 20 21 235 1713 33 81 271 53 40 458 477 27 25 42 307 39 225 20 30 610 23 27 53 20 173 34 623 31 29 103 39 24 1187 22 26 670 30 22 24 50 575 81 43 80 391 787 580 41 31 670 93 20 64 68 37 20 1235
internal_value=-2.69279e-05 0.00594329 -0.00720541 0.00277123 -0.00396012 0.00836174 0.00741283 0.00966239 -0.00942311 0.00336165 0.00495197 0.00836313 0.0091671 0.00283813 0.00946183 0.0107631 0.00998895 0.00916522 0.00426273 0.00830149 0.00337993 0.00883043 0.00875549 0.00768661 0.00529402 -0.000165956 0.0104435 0.00324105 -0.00181052 0.0129552 0.00657594 0.00829854 0.0089291 -0.000166929 -0.00119873 0.00573794 0.00321573 0.000882209 0.000398759 -0.00220487 -0.00237206 0.00719477 0.00821997 0.00204646 0.0110424 0.00803006 0.0056922 0.00210524 0.00411994 0.0101335 -0.00551222 -0.00175643 0.00295732 0.000544668 0.00557518 0.00543803 0.000831154 -0.00339981 0.00732633 0.00861761 0.00475192 0.00703224
internal_weight=22937 12522 10415 5418 4229 7104 4110 2994 6186 782 540 3328 2072 93 1979 1786 1309 1074 3026 876 86 790 1521 859 1345 65 459 105 47 198 331 754 654 242 213 507 187 2392 75 193 2092 320 266 54 131 1208 148 67 100 662 2137 1422 106 72 1280 135 42 167 152 125 57 1256
internal_count=22937 12522 10415 5418 4229 7104 4110 2994 6186 782 540 3328 2072 93 1979 1786 1309 1074 3026 876 86 790 1521 859 1345 65 459 105 47 198 331 754 654 242 213 507 187 2392 75 193 2092 320 266 54 131 1208 148 67 100 662 2137 1422 106 72 1280 135 42 167 152 125 57 1256
is_linear=0
shrinkage=0.05


Tree=12
num_leaves=63
num_cat=0
split_feature=0 8 9 1 3 0 8 9 0 8 8 1 1 0 0 8 9 1 0 3 10 10 3 1 3 10 0 0 4 5 7 1 5 0 3 4 10 10 10 8 0 5 5 5 0 8 8 5 5 7 8 10 9 7 3 5 8 8 5 5 5 10
split_gain=182.315 56.6994 62.5611 9.85091 14.5348 7.95911 6.5179 6.34785 6.098 5.25743 6.54186 4.52891 2.79029 2.75555 3.33 2.3036 2.40271 1.97406 1.95108 1.92206 1.89158 2.20709 2.09475 1.84173 1.5087 1.28711 1.56993 1.21721 1.16279 1.12896 2.43207 1.0812 1.0758 1.12823 1.05224 1.02631 1.27187 0.98663 0.981731 0.98144 0.943671 1.27892 1.27785 1.18871 0.911539 0.896095 0.811783 0.793968 0.771245 1.03425 0.870874 0.740897 0.728687 0.728197 0.728075 0.725736 0.680354 0.835491 0.646018 0.644825 0.635203 1.0683
threshold=55.500000000000007 0.47114434510950087 -0.29012925520284105 8.5000000000000018 29.450000000000003 39.500000000000007 0.72947329433276253 0.032701564615071219 554.50000000000011 0.19509032201612822 -0.77259657388510594 10.500000000000002 5.5000000000000009 165.50000000000003 463.50000000000006 0.63405362205439497 0.06540312923014284 182.50000000000003 163.50000000000003 22.150000000000002 4.5000000000000009 5.5000000000000009 5.2500000000000009 2.5000000000000004 2.5500000000000003 1.5000000000000002 74.500000000000014 629.50000000000011 2.4500000000000006 921.55000000000007 0.10918733692579145 179.50000000000003 909.05000000000007 175.50000000000003 1.9500000000000002 66.15000000000002 4.5000000000000009 7.5000000000000009 6.5000000000000009 0.58216583101416164 87.500000000000014 911.35000000000002 906.95000000000016 908.05000000000007 211.50000000000003 1.0000000180025095e-35 -0.9733555533461492 914.6500000000002 919.05000000000007 0.083568233105031878 -0.9733555533461492 4.5000000000000009 -0.83146961230254512 0.14535784072239916 35.050000000000004 906.1500000000002 0.19509032201612822 -0.84874750804349186 902.6500000000002 913.05000000000007 912.6500000000002 8.5000000000000018
decision_type=2 2 2 2 2 2 2 2 2 2 2 2 2 2 2 2 2 2 2 2 2 2 2 2 2 2 2 2 2 2 2 2 2 2 2 2 2 2 2 2 2 2 2 2 2 2 2 2 2 2 2 2 2 2 2 2 2 2 2 2 2 2
left_child=5 2 3 4 8 52 34 23 12 10 17 -7 19 20 28 16 48 -5 56 44 22 40 25 -4 -11 45 -27 54 -15 53 -31 -25 38 -34 -3 37 -37 58 -21 -36 41 42 -22 -42 -2 -12 -9 -16 50 -50 -13 -19 -1 -23 55 -20 57 -6 -30 -45 61 -55
right_child=1 6 7 9 18 11 -8 46 -10 24 13 15 -14 14 47 -17 -18 51 27 32 21 29 -24 31 -26 26 -28 -29 35 30 -32 -33 33 -35 39 36 -38 -39 -40 -41 43 -43 -44 59 -46 -47 -48 -49 49 -51 -52 -53 -54 60 -56 -57 -58 -59 -60 -61 -62 -63
leaf_value=-0.0024576421883052493 -0.0058760194550423542 -0.0055248825724017814 -0.0060603609471379834 0.0026468071341977 0.0027615608022000088 -0.0082368523990774423 -0.0072207668120648529 -0.0047778036674893908 0.0082046849668637942 0 0.010544641059049035 -0.0012692431447571897 0.0024267358548469512 0.0088984334857320629 0.0072464185931487742 -0.0074117126662196949 -0.0069699935023890052 0.0071152815011646222 0.00094656691612043117 -0.0047976862803299665 -0.0055462757408137045 0.010608917737560078 0.011493727642336266 -0.0013325428797881702 0.0039989289245584477 -0.002392911621012224 0.0069106694868085964 0.010772263579144969 0.00030008293167066788 -0.0084580398526698641 0.0067098411265760667 0.0016588454141944669 0.0095553951325812216 -0.0002064219852107183 -0.00016509841644206947 0.010717818654678872 0.0045147298299252894 0.0071034810528444667 0.00034584410275537983 -0.0028372779743300728 0.00010694451339531243 -0.0061315435863568291 0.0098596338458988072 0.01280565924134513 -0.00070209801206834802 0.0056058102270976993 -0.0075303269113526907 0.012902410627378633 -0.012470959162347998 -0.0011291138488415035 0.0040609182486455722 0.0042897215481184454 -0.0095122593243758442 0.007824729759378684 0.0062136845557813443 0.0058861861865428565 0.0048627201517433515 0.0097511841600308562 0.0043707792771987292 0.0043966243578381255 0.0094723081542621712 0.002119397119730694
leaf_weight=39 465 210 167 1124 49 740 1084 688 174 318 366 141 312 232 97 229 165 493 260 171 20 337 761 1123 895 57 208 70 108 30 204 412 46 80 597 172 167 337 199 823 64 53 39 52 107 130 461 205 22 244 165 466 3598 394 195 106 118 511 1338 45 347 107
leaf_count=39 465 210 167 1124 49 740 1084 688 174 318 366 141 312 232 97 229 165 493 260 171 20 337 761 1123 895 57 208 70 108 30 204 412 46 80 597 172 167 337 199 823 64 53 39 52 107 130 461 205 22 244 165 466 3598 394 195 106 118 511 1338 45 347 107
internal_value=-2.52847e-05 0.00243104 0.00364343 0.00522193 0.00265848 -0.00811455 -0.0042142 -0.0030148 -0.000608306 0.00602205 0.00649024 -0.00528968 -0.00172365 0.00734558 0.00614613 -0.00302622 -0.00165595 0.00407722 0.00654027 -0.00294091 0.008335 0.00717184 0.00962424 -0.00107259 0.00294793 0.00774692 0.00489051 0.00452092 0.00550734 0.00796611 0.0047411 -0.00052633 -0.000651194 0.00332252 -0.00221135 0.00513383 0.007679 0.00464672 -0.00201845 -0.00171745 0.00302367 -0.000459888 0.00455214 0.00547683 -0.0049172 0.00926166 -0.00588708 0.0111053 -0.000113367 -0.00209029 0.00158892 0.00574808 -0.00943806 0.00859828 0.0037302 0.00239204 0.00841131 0.00914912 0.00407024 0.0089646 0.00779218 0.00661687
internal_weight=22937 17594 14880 12029 2863 5343 2714 2851 1554 9166 7953 1706 1380 5870 2656 966 737 2083 1309 1068 3214 1692 1522 1702 1213 761 265 631 2354 1419 234 1535 496 126 1630 2122 339 1783 370 1420 273 112 59 161 572 496 1149 302 572 266 306 959 3637 1185 561 366 678 560 1446 97 848 501
internal_count=22937 17594 14880 12029 2863 5343 2714 2851 1554 9166 7953 1706 1380 5870 2656 966 737 2083 1309 1068 3214 1692 1522 1702 1213 761 265 631 2354 1419 234 1535 496 126 1630 2122 339 1783 370 1420 273 112 59 161 572 496 1149 302 572 266 306 959 3637 1185 561 366 678 560 1446 97 848 501
is_linear=0
shrinkage=0.05


Tree=13
num_leaves=63
num_cat=0
split_feature=2 2 2 2 2 11 11 0 5 2 2 2 5 1 11 11 0 11 11 5 11 11 11 5 7 5 2 2 0 0 1 7 1 5 2 11 10 5 11 11 0 11 11 1 8 5 11 1 11 0 8 11 5 8 2 0 7 8 0 0 8 7
split_gain=324.436 31.6145 24.4462 5.12967 3.41792 3.02357 6.21106 2.12867 2.50739 1.76888 1.62983 1.43096 1.76039 1.65969 1.26275 2.56772 1.25433 0.99313 1.59431 0.936161 0.90804 0.993764 0.730361 0.857625 0.707722 1.37257 0.70673 0.668843 0.637636 0.63344 0.631955 1.61216 0.658438 0.609039 0.577405 0.547654 0.532261 0.52141 0.521395 0.497816 0.493404 0.483785 0.980328 0.778619 0.464972 0.603849 0.451632 0.429209 0.418387 0.61641 0.545081 0.493036 0.469739 0.413214 0.405909 0.399021 0.381257 0.370684 0.370211 0.547105 0.34954 0.34266
threshold=429.50000000000006 771.50000000000011 170.50000000000003 570.50000000000011 270.50000000000006 121.50000000000001 139.50000000000003 92.500000000000014 906.1500000000002 930.50000000000011 89.500000000000014 947.50000000000011 923.55000000000007 740.50000000000011 54.500000000000007 32.500000000000007 74.500000000000014 274.50000000000006 272.50000000000006 913.85000000000002 133.50000000000003 123.50000000000001 298.50000000000006 921.85000000000002 0.087616170335203594 920.05000000000007 1058.5000000000002 356.50000000000006 141.50000000000003 706.50000000000011 492.50000000000006 8.0102040816326561 57.500000000000007 918.95000000000016 662.50000000000011 363.50000000000006 5.5000000000000009 925.75000000000011 150.50000000000003 136.50000000000003 148.50000000000003 8.5000000000000018 54.500000000000007 18.500000000000004 -0.58216583101416164 915.35000000000002 194.50000000000003 124.50000000000001 105.50000000000001 127.50000000000001 -0.63405362205439475 95.500000000000014 907.45000000000016 0.35206144883412582 646.50000000000011 179.50000000000003 0.51985652940773208 -0.98611507088852024 231.50000000000003 609.50000000000011 0.47114434510950087 0.10490656884099508
decision_type=2 2 2 2 2 2 2 2 2 2 2 2 2 2 2 2 2 2 2 2 2 2 2 2 2 2 2 2 2 2 2 2 2 2 2 2 2 2 2 2 2 2 2 2 2 2 2 2 2 2 2 2 2 2 2 2 2 2 2 2 2 2
left_child=2 3 10 53 60 9 7 39 20 40 -1 22 17 -14 15 -11 37 18 28 54 21 -9 23 36 25 -21 48 -6 46 -30 31 32 -18 -33 -26 -24 38 -17 -8 -7 61 -42 43 -43 -10 -46 -13 -45 51 -50 -51 56 -52 57 -5 -56 -16 -2 -38 -60 -4 -3
right_child=1 5 4 19 27 6 11 8 44 14 -12 12 13 -15 26 16 30 -19 -20 24 -22 -23 35 -25 34 -27 -28 -29 29 -31 -32 33 -34 -35 -36 -37 58 -39 -40 -41 41 42 -44 47 45 -47 -48 -49 49 50 52 -53 -54 -55 55 -57 -58 -59 59 -61 -62 -63
leaf_value=-0.0091262736023109779 -0.00028114463940824742 0.0021823198948040046 -0.0046708721082636866 0.0019130323602301062 -0.0030723315822880418 -0.0067624094558680252 0.0042887354712346599 -0.0022537388104147921 0.0025139770814856296 0.012722338108594487 -0.0073841194952444017 0.0081153613888897726 0.0064030354770074245 -0.011082161962985993 0.00760195676517611 0.0014931101410002724 -0.00945427895300259 0.011181909889295585 -0.0054723532459923716 0.0043980532485967993 -0.0053137280891885309 0.011472307570649409 0.0086060451711306076 -0.0041797147896052529 0.0036760844440164517 -0.010940414349332241 0.011981823049483892 -0.0013572643128622211 0.0063778286507219194 0.010949317661966487 0.009995045871965794 0.011630873497121481 0.0018931778775099215 0.0023365621144572891 0.0057379906229155144 6.9103061587889606e-05 0.0068018012562366982 -0.0083929093512474674 -0.0037587396406348313 0.00079244213341155305 0.010658263225366824 0.0072461849453674737 0.0071852610162709725 -0.0029012682249772775 0.0092986165924296687 0 0.010452171345764802 0.0033805397209764228 0.011745367352176149 0.0011985268472733096 0.010537886688254575 0.013045971716053137 0.0042162821274218136 -0.00051044532443283162 0.0041945028663175768 0.0023207921464047823 0.010660136746597942 0.0015341196343531523 0.0033749728355746233 0.0082974391380694675 -0.0061325192708352027 0.0085776619226808747
leaf_weight=4129 388 24 1189 638 1347 83 108 34 54 140 2057 535 35 22 182 32 22 314 21 47 84 21 383 21 606 21 539 1008 574 92 69 52 29 29 837 21 798 22 24 28 59 57 376 58 132 20 388 51 71 45 70 139 57 650 774 475 298 982 224 79 685 588
leaf_count=4129 388 24 1189 638 1347 83 108 34 54 140 2057 535 35 22 182 32 22 314 21 47 84 21 383 21 606 21 539 1008 574 92 69 52 29 29 837 21 798 22 24 28 59 57 376 58 132 20 388 51 71 45 70 139 57 650 774 475 298 982 224 79 685 588
internal_value=-2.38378e-05 0.00539917 -0.00654441 0.00252093 -0.00361248 0.00759354 0.00670375 0.00118947 0.00313591 0.00880255 -0.0085479 0.00739331 0.0083088 -0.000265661 0.00980759 0.00726555 0.00424625 0.00856542 0.00805136 0.00370735 -0.00202496 0.00290768 0.00629603 0.00568616 0.00464076 -0.000274514 0.0105202 -0.00234045 0.00823357 0.00701838 0.00607047 0.00397513 -0.00291288 0.00837192 0.00487586 0.00817479 0.00585857 -0.00245017 0.00278597 -0.00481268 0.00730965 0.00625556 0.0057652 0.00251619 0.0066418 0.00807277 0.00910412 0 0.00959912 0.00774827 0.00606339 0.0103163 0.00774552 0.000522601 0.00295707 0.00348617 0.00951282 0.00101638 0.00622212 0.0046772 -0.00520811 0.00833543
internal_weight=22937 12522 10415 5418 4229 7104 4095 456 345 3009 6186 3639 1981 57 1796 395 255 1924 1610 3398 139 55 1658 1254 1511 68 1401 2355 1589 666 201 132 51 81 1443 404 1233 54 132 111 1213 601 542 166 206 152 923 109 862 243 172 619 127 2020 1887 1249 480 1370 1101 303 1874 612
internal_count=22937 12522 10415 5418 4229 7104 4095 456 345 3009 6186 3639 1981 57 1796 395 255 1924 1610 3398 139 55 1658 1254 1511 68 1401 2355 1589 666 201 132 51 81 1443 404 1233 54 132 111 1213 601 542 166 206 152 923 109 862 243 172 619 127 2020 1887 1249 480 1370 1101 303 1874 612
is_linear=0
shrinkage=0.05


Tree=14
num_leaves=63
num_cat=0
split_feature=2 2 2 2 2 11 11 2 0 5 11 3 2 1 2 5 1 3 3 11 7 1 0 11 11 5 1 11 1 0 8 11 11 2 10 2 5 3 5 8 11 11 11 11 0 8 8 3 11 11 11 0 3 7 11 5 11 11 5 0 5 8
split_gain=292.936 28.7589 22.8269 3.54363 3.15307 2.73483 5.7021 2.701 2.00942 2.12252 1.46169 2.98159 1.35837 0.976204 0.956214 1.58904 1.49854 1.01797 0.871583 0.871558 1.0584 0.840085 1.24775 0.782747 0.844716 0.736213 0.679919 0.837627 0.902713 0.653645 0.639955 0.592024 0.870709 0.581142 0.571862 0.544825 0.516882 0.499727 0.478912 0.464806 0.463441 0.490923 1.58148 1.05183 0.751694 0.443254 0.418795 0.40526 0.622899 0.62383 0.379611 0.778847 0.37539 0.450611 0.364509 0.363602 0.357807 0.352899 0.343441 0.386702 0.343258 0.340687
threshold=473.50000000000006 212.50000000000003 797.50000000000011 641.50000000000011 122.50000000000001 121.50000000000001 139.50000000000003 356.50000000000006 92.500000000000014 906.1500000000002 54.500000000000007 -0.44999999999999996 1024.5000000000002 10.500000000000002 947.50000000000011 923.55000000000007 740.50000000000011 23.250000000000004 -0.84999999999999998 42.500000000000007 0.88307814674885676 477.50000000000006 78.500000000000014 133.50000000000003 123.50000000000001 923.55000000000007 16.500000000000004 272.50000000000006 119.50000000000001 286.50000000000006 0.41248606129204562 298.50000000000006 294.50000000000006 39.500000000000007 5.5000000000000009 564.50000000000011 922.75000000000011 26.450000000000003 915.6500000000002 -0.93540483100319605 38.500000000000007 121.50000000000001 138.50000000000003 133.50000000000003 85.500000000000014 -0.58216583101416164 -0.58216583101416164 -4.2499999999999991 298.50000000000006 292.50000000000006 50.500000000000007 144.50000000000003 30.850000000000005 35.026315789473692 150.50000000000003 915.25000000000011 56.500000000000007 136.50000000000003 908.95000000000016 325.50000000000006 919.05000000000007 0.35206144883412582
decision_type=2 2 2 2 2 2 2 2 2 2 2 2 2 2 2 2 2 2 2 2 2 2 2 2 2 2 2 2 2 2 2 2 2 2 2 2 2 2 2 2 2 2 2 2 2 2 2 2 2 2 2 2 2 2 2 2 2 2 2 2 2 2
left_child=1 4 3 35 33 10 8 30 57 23 11 19 58 -13 34 17 -17 -16 -5 -4 -21 25 -23 24 -10 50 38 28 45 -30 39 32 40 -1 54 -2 -22 -25 -19 -3 -20 56 43 44 -43 -28 -11 -36 49 -49 51 -15 -41 -54 -8 -48 -42 -7 59 -12 -14 -9
right_child=2 7 5 18 -6 6 14 61 9 46 12 13 60 21 15 16 -18 26 31 20 36 22 -24 37 -26 -27 27 -29 29 -31 -32 -33 -34 -35 47 -37 -38 -39 -40 52 41 42 -44 -45 -46 -47 55 48 -50 -51 -52 -53 53 -55 -56 -57 -58 -59 -60 -61 -62 -63
leaf_value=-0.0090654046826980413 0.00085595970745875813 -0.0036868701599494535 0.0094664055380075645 0.0061837582558041922 -0.0060533994273883202 -0.0066490821137299323 0.0040535112239244581 -0.00043675323604559302 -0.002082046007627267 0.002341179521894696 0.0071345177891990108 0.0090223750463368536 0.010444731252404549 -0.0037585586097568127 0.010672763809891878 0.0060837959276347766 -0.010530561262665831 0.0090419743647317374 -0.0017694465718244316 -0.0062405157648953626 0.0015073003682924148 -0.0022702290578876308 0.0091622025291427552 -0.0010106028014864239 0.01090236028577595 -0.0087276855079304709 -0.003490766404060733 -0.0027978455711038133 0.0077667197934364225 0.002219056282207965 -0.0046702131626577287 0.0061680105954364656 -0.0058774038932877457 -0.0079633607146520746 -4.2848342953763919e-05 0.0023555964138237033 0.01293017299196839 -0.0090700505877775919 0.001090502180159092 -0.0023049714936376055 0.0021264393033588748 -0.0069595985800324379 0.0037851879588271693 -0.0066747590865933772 0.0037952816164931787 0.0047900957757019691 0.0087741189142788271 0.0061091050127418077 0.0084903697739136599 -0.0024273076010823814 -0.0026909220455377508 0.0086610983104206795 0.006795057018155453 -0.0016251880016661417 -0.0031345650165284407 0.001494379877639572 0.0052634950181087914 0 0.0087190672943096657 0 0.013505250667908517 -0.0019782132440463759
leaf_weight=2303 1306 891 530 459 1882 78 91 1102 32 53 269 47 664 21 337 35 22 665 38 20 20 39 59 41 20 28 28 22 754 60 878 237 24 2840 22 1154 22 39 21 548 114 20 1115 61 81 37 122 942 330 21 49 30 26 39 21 22 604 26 892 20 124 540
leaf_count=2303 1306 891 530 459 1882 78 91 1102 32 53 269 47 664 21 337 35 22 665 38 20 20 39 59 41 20 28 28 22 754 60 878 237 24 2840 22 1154 22 39 21 548 114 20 1115 61 81 37 122 942 330 21 49 30 26 39 21 22 604 26 892 20 124 540
internal_value=-2.23353e-05 -0.00588365 0.00542489 0.00294396 -0.0078146 0.00736162 0.00648642 -0.00251127 0.00106787 0.00299238 0.00854576 0.00680899 0.00930582 0.00245952 0.00717335 0.00789383 -0.000248409 0.00813765 0.00417732 0.00880554 0.00306955 0.00106918 0.00456392 -0.00188396 0.00282733 -0.00156892 0.00759553 0.00666745 0.00691033 0.00736427 -0.00358752 0.00377343 0.00349482 -0.00845799 0.00616918 0.00156155 0.00762598 -0.00500842 0.00880604 -0.00295188 0.0036082 0.00371322 0.00311326 -0.00148006 0.00161137 0.00114627 0.00628444 0.00646407 0.00657864 0.00591753 0.0003923 0.00345193 -0.00187498 0.00167137 0.00265955 0.00769844 0.00477274 -0.00496924 0.00821415 0.00663596 0.0109343 -0.000946823
internal_weight=22937 11049 11888 5213 7025 6675 3841 4024 433 329 2834 865 1969 273 3408 1981 57 1924 2753 592 62 226 98 132 52 128 1587 901 879 814 2382 2294 2057 5143 1427 2460 42 80 686 1504 2033 1995 1277 162 101 65 197 1315 1293 963 100 51 613 65 112 144 718 104 1181 289 788 1642
internal_count=22937 11049 11888 5213 7025 6675 3841 4024 433 329 2834 865 1969 273 3408 1981 57 1924 2753 592 62 226 98 132 52 128 1587 901 879 814 2382 2294 2057 5143 1427 2460 42 80 686 1504 2033 1995 1277 162 101 65 197 1315 1293 963 100 51 613 65 112 144 718 104 1181 289 788 1642
is_linear=0
shrinkage=0.05


Tree=15
num_leaves=63
num_cat=0
split_feature=2 2 2 2 2 2 11 11 0 4 11 3 4 2 1 11 1 7 11 5 7 5 11 5 9 5 2 11 1 4 5 1 0 5 11 11 5 2 0 2 1 11 3 5 1 0 11 3 5 5 1 11 5 0 11 11 11 11 0 11 1 5
split_gain=263.497 26.9785 20.9275 3.97528 3.63015 2.06583 2.00849 4.3295 1.8821 1.44635 1.31355 2.70359 1.23983 1.21096 1.16624 1.01608 1.21156 0.96145 1.54778 0.834817 0.830293 0.8184 0.722723 1.41254 0.658272 0.644449 0.632034 0.599718 0.614844 0.568125 0.553572 2.77943 0.892229 0.824595 0.854874 0.693684 0.685423 0.586542 0.527121 0.521598 0.471301 0.454633 0.7904 0.817741 0.98012 0.426684 0.83498 0.401702 0.389434 0.385268 0.844019 0.385126 0.380243 0.379967 0.344247 0.62467 0.337422 0.848328 0.33084 0.319888 0.317441 0.306603
threshold=480.50000000000006 233.50000000000003 823.50000000000011 662.50000000000011 122.50000000000001 343.50000000000006 121.50000000000001 144.50000000000003 88.500000000000014 21.950000000000003 54.500000000000007 1.0000000180025095e-35 3.2500000000000004 1024.5000000000002 11.500000000000002 42.500000000000007 9.5000000000000018 2.6033573806881249 48.500000000000007 914.35000000000002 0.092828037674511824 922.05000000000007 126.50000000000001 906.35000000000002 -0.68322629814330815 908.45000000000016 564.50000000000011 42.500000000000007 619.50000000000011 18.050000000000004 923.35000000000002 740.50000000000011 109.50000000000001 912.45000000000016 268.50000000000006 152.50000000000003 910.45000000000016 1112.5000000000002 25.500000000000004 966.50000000000011 415.50000000000006 83.500000000000014 17.150000000000002 912.55000000000007 254.50000000000003 150.50000000000003 56.500000000000007 -3.7499999999999996 906.45000000000016 915.05000000000007 415.50000000000006 136.50000000000003 911.05000000000007 102.50000000000001 139.50000000000003 133.50000000000003 140.50000000000003 133.50000000000003 263.50000000000006 143.50000000000003 696.50000000000011 908.35000000000002
decision_type=2 2 2 2 2 2 2 2 2 2 2 2 2 2 2 2 2 2 2 2 2 2 2 2 2 2 2 2 2 2 2 2 2 2 2 2 2 2 2 2 2 2 2 2 2 2 2 2 2 2 2 2 2 2 2 2 2 2 2 2 2 2
left_child=1 4 3 26 38 47 10 8 51 12 11 15 40 -12 -13 -4 -17 18 27 45 21 59 23 -14 30 54 -2 28 -16 -20 32 -32 -9 34 35 36 -34 39 -1 -37 -10 49 43 -43 -45 -5 -47 -3 56 50 -15 -8 -24 -46 55 58 57 -48 -11 -21 -41 -36
right_child=2 5 6 19 -6 -7 7 24 9 25 13 14 22 41 17 16 -18 -19 29 20 -22 -23 52 -25 -26 -27 -28 -29 -30 -31 31 -33 33 -35 61 37 -38 -39 -40 60 -42 42 -44 44 53 46 48 -49 -50 -51 -52 -53 -54 -55 -56 -57 -58 -59 -60 -61 -62 -63
leaf_value=-0.0086133397950882498 0.00075537243125290354 -0.0053627651174396199 0.0091647691866808701 0.0043536038232019503 -0.0056179884323973297 -0.00093741694879778984 -0.0065516524287100534 0.0089084799028148823 0.0038310299548880221 0.00080195042679752154 0.0078707679551438849 0.0088425770479403521 -0.0020382874693865138 0.011531629684789088 0.0075263408842074931 0.011698053992981286 -0.0028282989048749731 -0.0068602258039404986 0.01078966190736997 -0.00031012786447485801 0.0056043309973924319 -0.008606311808622891 -0.0016909755164275977 0.012752796151486051 0.0054371645579808624 0.010161958032228302 0.0022931060759056208 -0.0077521258336969842 -0.0043902318327973932 0.00056836457825949966 0.0075403220881755453 -0.009081733400045441 -0.0064674546204238599 0.0087638046854785889 0.0041312884685419634 0.0055832399943437309 0.0065896648809369365 0.0024483031193947746 -0.0075540006891072695 0.0085143835124533492 0.01326415059388493 0.014406981834998498 0.010627913049438534 0.010305263617695952 0.0052293484038974519 -0.006816975236343583 0.0027721150099046139 -0.003008274255992956 0.0040523277817447537 0.013090333777143201 0.00075890261339819779 0.0010551579356175888 -0.0087886052816735279 -0.0032159966376760158 0.0093147658199341597 -0.005261772908142939 0.0026610678924973855 -0.0071124293606542599 0.0098450209592332218 0.0080183235637102078 0.002542188900640641 -0.0021730098302300111
leaf_weight=2252 1195 212 491 820 2293 1951 64 921 39 22 1090 48 44 91 20 22 40 39 45 23 1154 20 102 25 500 86 1552 34 23 21 147 30 20 424 38 331 20 75 2817 475 22 22 325 34 20 22 59 1600 406 237 24 21 24 39 22 20 271 34 21 21 26 38
leaf_count=2252 1195 212 491 820 2293 1951 64 921 39 22 1090 48 44 91 20 22 40 39 45 23 1154 20 102 25 500 86 1552 34 23 21 147 30 20 424 38 331 20 75 2817 475 22 22 325 34 20 22 59 1600 406 237 24 21 24 39 22 20 271 34 21 21 26 38
internal_value=4.34719e-06 -0.005516 0.00520978 0.00298398 -0.0072766 -0.0020701 0.00720396 0.00641951 0.00215091 0.00351013 0.00824881 0.00650255 0.00110771 0.0089723 0.0019175 0.0083998 0.00225624 5.97969e-05 0.00198549 0.00430023 0.00529677 -0.000171048 -0.000816234 0.00325914 0.00713552 0.00707477 0.00162603 -0.00278187 0.00104095 0.00761885 0.00746699 0.00469125 0.00767215 0.00688122 0.00609528 0.00650562 0 0.00678978 -0.00802578 0.00717479 0.00733111 0.0104808 0.00934856 0.00568348 0.00355289 0.00354389 0.00269879 -0.00328678 0.00297801 0.0118788 0.00932946 -0.00461454 -0.00308845 -0.000264561 0.00388423 0.00189685 0.00176521 -0.000791642 0.00534694 0.0035606 0.008215 0.000914723
internal_weight=22924 11125 11799 5577 7362 3763 6222 3557 512 427 2665 783 256 1882 230 553 62 182 143 2830 1218 64 195 69 3045 171 2747 77 43 66 2545 177 2368 1447 1023 947 40 907 5069 832 61 792 440 115 93 1612 792 1812 770 352 115 85 126 59 85 63 364 93 43 44 501 76
internal_count=22924 11125 11799 5577 7362 3763 6222 3557 512 427 2665 783 256 1882 230 553 62 182 143 2830 1218 64 195 69 3045 171 2747 77 43 66 2545 177 2368 1447 1023 947 40 907 5069 832 61 792 440 115 93 1612 792 1812 770 352 115 85 126 59 85 63 364 93 43 44 501 76
is_linear=0
shrinkage=0.05


Tree=16
num_leaves=63
num_cat=0
split_feature=2 2 2 2 2 11 11 2 0 2 11 11 4 4 2 4 5 11 5 11 5 1 11 11 5 7 0 11 5 4 4 11 0 1 1 2 1 7 11 11 11 5 0 0 4 1 2 5 8 0 8 1 11 5 11 11 11 8 5 1 4 11
split_gain=237.838 24.3465 18.9067 3.27498 2.7542 1.9193 4.25382 1.86428 1.80926 1.43898 1.68065 1.95161 1.26079 1.17053 1.03709 0.896822 1.24804 0.672648 0.651768 1.23985 1.17694 2.37479 0.669066 0.649743 1.33127 0.604679 0.577334 0.684287 0.540773 0.520574 0.604337 0.895904 0.663263 0.566938 0.673731 0.47767 0.453766 0.697878 0.446893 0.442957 1.17559 0.553511 0.64404 0.558104 0.652206 0.620228 0.44241 0.442287 0.413277 0.408607 0.407947 0.407166 0.374113 0.379735 0.461645 0.890053 0.541537 0.369173 0.364972 0.681899 0.418872 0.402149
threshold=480.50000000000006 233.50000000000003 786.50000000000011 122.50000000000001 646.50000000000011 121.50000000000001 144.50000000000003 343.50000000000006 88.500000000000014 984.50000000000011 46.500000000000007 32.500000000000007 23.750000000000004 3.8500000000000001 896.50000000000011 16.650000000000002 921.85000000000002 34.500000000000007 909.85000000000002 272.50000000000006 923.55000000000007 278.50000000000006 194.50000000000003 126.50000000000001 906.35000000000002 0.1781560900222158 258.50000000000006 183.50000000000003 908.45000000000016 38.95000000000001 15.350000000000003 8.5000000000000018 167.50000000000003 135.50000000000003 23.500000000000004 39.500000000000007 415.50000000000006 1.848293057153817 136.50000000000003 83.500000000000014 86.500000000000014 916.55000000000007 159.50000000000003 108.50000000000001 6550.8500000000013 454.50000000000006 564.50000000000011 918.95000000000016 0.35206144883412582 136.50000000000003 -0.8814490726585632 221.50000000000003 38.500000000000007 905.55000000000007 154.50000000000003 133.50000000000003 138.50000000000003 0.41248606129204562 915.05000000000007 393.50000000000006 8.5500000000000025 60.500000000000007
decision_type=2 2 2 2 2 2 2 2 2 2 2 2 2 2 2 2 2 2 2 2 2 2 2 2 2 2 2 2 2 2 2 2 2 2 2 2 2 2 2 2 2 2 2 2 2 2 2 2 2 2 2 2 2 2 2 2 2 2 2 2 2 2
left_child=1 3 4 35 46 9 8 57 38 29 11 -11 13 36 -8 -13 25 -6 19 22 49 -22 26 24 -15 -17 -16 -28 -14 30 -4 -32 -33 34 -34 -1 37 -10 -7 58 -41 42 -42 -43 45 -45 -2 -27 50 -20 -9 -35 -19 54 55 -54 -57 -3 59 -12 -61 -60
right_child=2 7 5 -5 17 6 14 48 12 10 39 15 28 23 18 16 -18 52 20 -21 21 -23 -24 -25 -26 47 27 -29 -30 -31 31 32 33 51 -36 -37 -38 -39 -40 40 41 43 -44 44 -46 -47 -48 -49 -50 -51 -52 -53 53 -55 -56 56 -58 -59 61 60 -62 -63
leaf_value=-0.0081886514202263901 0.00071760696681571676 -0.0025831785708676554 0.0069801635271689649 -0.0053371012536736259 0.0060492093891940605 -0.0065465901514674329 0.0051871671342994842 -0.0011251009838602222 -0.0033120260657786755 0.011623158521645171 0.010676340531755257 -0.0070655780813460856 0.0035802723201301188 -0.0021330427976401921 0.0062221832975800024 -0.0061942620224308687 0.012835913233132476 -0.0018747035330131505 0.01019514325189131 -0.002941468072839903 0.0083647396189821203 -0.0082683907666054948 0.0079012021858707038 -0.0031014934520479515 0.012117696609867522 0.0068330400852585141 0.0046916424298226941 -0.0048374128824107028 0.0091631180373693381 0.007879121203295314 0.0093348101209314287 0.0053592856608659523 0.0046399200004915075 0.0097554721460757759 -0.0052419982241070258 -0.0071780074381424148 0.012065005856488844 0.0084307541649949521 0.0012066439134204043 0.00011427109046360415 0.011673169789625803 0.011655304314651851 0.0077887839888437435 -0.006039294050964295 0.010931261721535109 0.004981848906955382 0.0020639710527495447 -0.0023570589765341361 -0.0019100371712429936 0.0077352157430656794 0.00067198379979632392 0.0017333921534699417 0.0043810155352837941 0.0039961677641923076 0.0032276437847238992 -0.0081465423096533859 3.0843110186173814e-05 -0.0041020641656170963 0.0082635206538455575 -0.0016309986187525057 0.0074078778598480792 0.012792122445317878
leaf_weight=2234 1195 1172 608 2293 293 69 961 748 21 65 148 27 92 46 727 26 25 31 376 33 68 31 698 130 25 32 65 26 90 557 80 202 25 22 53 2835 24 30 24 39 258 29 204 22 20 30 1280 21 660 364 543 64 65 1500 523 35 45 640 71 20 32 252
leaf_count=2234 1195 1172 608 2293 293 69 961 748 21 65 148 27 92 46 727 26 25 31 376 33 68 31 698 130 25 32 65 26 90 557 80 202 25 22 53 2835 24 30 24 39 258 29 204 22 20 30 1280 21 660 364 543 64 65 1500 523 35 45 640 71 20 32 252
internal_value=4.33776e-06 -0.00524033 0.00494984 -0.00691286 0.00260073 0.00665688 0.00592407 -0.00196674 0.00183999 0.0076297 0.0088648 0.00454007 0.00313754 0.000985024 0.00659444 0.000981241 0.00312313 0.00377529 0.00715844 0.00653398 0.00830447 0.00310284 0.00674372 -0.00098301 0.00282449 0 0.00574908 0.00191185 0.00637199 0.00661334 0.00593899 0.00450717 0.00343603 0.00103485 -0.00200881 -0.00762456 0.00632022 0.00350063 -0.0044929 0.00961335 0.00864039 0.009222 0.00997086 0.00574058 0.00327606 0.000220446 0.00141598 0.00309994 -0.000890549 0.00899309 -0.000365373 0.00385257 0.00346977 0.00354858 0.0025356 4.49001e-06 -0.00349005 -0.00312261 0.0107219 0.00892642 0.00383896 0.011815
internal_weight=22924 11125 11799 7362 4967 6832 3900 3763 551 2932 1321 196 458 276 3349 131 104 2492 2388 1549 839 99 1516 201 71 79 818 91 182 1611 1054 446 366 164 78 5069 75 51 93 1125 602 563 462 101 72 52 2475 53 1951 740 1291 86 2199 2168 668 145 80 1812 523 200 52 323
internal_count=22924 11125 11799 7362 4967 6832 3900 3763 551 2932 1321 196 458 276 3349 131 104 2492 2388 1549 839 99 1516 201 71 79 818 91 182 1611 1054 446 366 164 78 5069 75 51 93 1125 602 563 462 101 72 52 2475 53 1951 740 1291 86 2199 2168 668 145 80 1812 523 200 52 323
is_linear=0
shrinkage=0.05


Tree=17
num_leaves=63
num_cat=0
split_feature=0 8 9 8 9 0 8 7 0 0 7 3 11 11 11 11 11 7 7 3 8 7 8 8 7 8 7 4 5 8 9 4 11 3 10 3 7 9 3 5 7 0 4 7 3 5 9 5 7 7 8 3 5 3 11 4 5 11 5 0 8 3
split_gain=109.595 35.6135 39.2082 5.43719 5.37318 4.3229 3.82645 3.78166 2.93692 3.86438 2.10708 1.83481 1.76855 7.13132 2.1654 3.51481 1.74877 1.33722 1.29665 2.10923 1.27202 1.23887 1.04095 1.00999 0.906319 0.861344 0.860333 0.821138 1.43875 0.815393 0.79043 0.786047 0.959759 0.785969 0.779164 0.814547 0.727581 0.717786 0.7118 0.689377 0.664905 0.660503 0.635163 1.3363 2.36868 0.695342 0.626623 0.677199 0.643955 0.615584 0.607696 0.555942 0.577413 0.547178 0.540499 0.662423 0.648655 0.537238 0.599906 0.536656 0.534292 0.50693
threshold=54.500000000000007 0.47114434510950087 -0.3520614488341256 0.16280825711809011 -0.032701564615071448 42.500000000000007 0.72947329433276253 1.3591746794871797 448.50000000000006 146.50000000000003 0.32838028790956469 3.9500000000000006 126.50000000000001 137.50000000000003 46.500000000000007 42.500000000000007 284.50000000000006 9.2620137299771184 34.018518518518526 34.550000000000004 -0.79335334029123528 6.3779761904761916 0.77259657388510639 -0.70710678118654735 42.722222222222229 -0.52778511650980109 11.340579710144929 15.550000000000002 906.25000000000011 -0.98611507088852024 -0.91037613702198728 64.350000000000009 12.500000000000002 1.9500000000000002 4.5000000000000009 32.850000000000001 0.69309523809523821 -0.88144907265856332 31.250000000000004 925.25000000000011 10.770979020979023 209.50000000000003 18.550000000000004 14.930952380952382 29.550000000000004 905.85000000000002 0.06540312923014284 922.05000000000007 0.092828037674511824 0.14931745146469075 0.58216583101416164 29.250000000000004 907.25000000000011 29.250000000000004 112.50000000000001 49.250000000000007 916.1500000000002 56.500000000000007 913.35000000000002 345.50000000000006 0.81241147629689026 6.2500000000000009
decision_type=2 2 2 2 2 2 2 2 2 2 2 2 2 2 2 2 2 2 2 2 2 2 2 2 2 2 2 2 2 2 2 2 2 2 2 2 2 2 2 2 2 2 2 2 2 2 2 2 2 2 2 2 2 2 2 2 2 2 2 2 2 2
left_child=5 2 3 7 21 37 33 12 9 16 22 26 14 -14 15 39 20 -18 23 51 24 61 46 57 -9 36 -5 28 34 -6 -12 32 -29 -3 -25 -36 -15 -1 -23 49 -13 -27 45 -44 -45 53 47 -7 -49 -2 -35 59 -53 -22 56 -56 -34 -11 -59 -20 -8 -4
right_child=1 6 4 11 29 10 60 8 -10 18 30 40 13 25 -16 -17 17 -19 19 -21 42 38 -24 27 -26 41 -28 31 -30 -31 -32 -33 54 50 35 -37 -38 -39 -40 -41 -42 -43 43 44 -46 -47 -48 48 -50 -51 -52 52 -54 -55 55 -57 -58 58 -60 -61 -62 -63
leaf_value=0.00028638949283581237 -0.00093072919236272247 -0.0045553469033822623 -0.0014995487851727006 0.00077919943302237236 -0.0030901201201183033 0.0017841314542746121 -0.0043527080633253903 0.0041686557402481478 0.0074149421026333514 -0.0014683236480972691 0.001334761519756103 0.003629875617640044 -0.0060082156056332813 0.0052811233880876475 0.0079724040155435081 -0.0073218294408317341 0.0040417373857901751 -0.004143001450369564 -0.0016966365545315106 0.005603454641647322 -0.0011700730956248028 -0.003027050131249806 -0.0071195674450716118 0.0064997609306632455 -0.0041072983063777501 0.0071308113255062981 -0.0034095689567803797 0.0060764967901579241 0.006709449627818458 -0.0054723522620178985 -0.0057625674024384061 0.0056510899073026512 -0.0033523286797776854 -0.00015309421144419984 -0.0019041153045413679 0.0065167167999046153 0.0018932817074871278 -0.0073184564978144911 0.00031736165192854565 0.0091812871537196514 0.0014894931910566411 0.0033543790090195761 0.007184679485719366 -0.0030822707710417363 0.0085166955279978186 0.0098105271509135537 -0.005160222374450827 -0.010050291565814579 -0.0005268894136935537 0.0053534637109998754 -0.0022521957668583024 0.00029846257373612875 0.005711104824043251 0.0068573441957953344 0.0037164143993951432 -0.0056579824231231387 0.001347827069247862 0.0012578289519065348 0.0053977176786674588 0.0030934119287106174 -0.0066070880352767222 0.001295373942194199
leaf_weight=30 44 227 193 417 786 261 493 271 526 125 40 975 140 719 1425 59 147 75 473 196 22 447 65 64 37 915 173 123 465 688 811 194 105 600 127 37 210 3810 243 107 594 139 422 100 78 284 57 25 65 269 828 194 67 253 235 20 243 413 113 66 619 975
leaf_count=30 44 227 193 417 786 261 493 271 526 125 40 975 140 719 1425 59 147 75 473 196 22 447 65 64 37 915 173 123 465 688 811 194 105 600 127 37 210 3810 243 107 594 139 422 100 78 284 57 25 65 269 828 194 67 253 235 20 243 413 113 66 619 975
internal_value=4.35668e-06 0.00186878 0.00283083 0.00419774 -0.00195143 -0.00640669 -0.0033422 0.00471275 0.00385448 0.00347491 -0.00393426 0.00192868 0.00587826 0.00487762 0.00699104 0.00406005 0.00541846 0.00125349 0.00246629 0.000955506 0.0060452 -0.000160211 -0.00124468 0.00312865 0.00315723 0.00564895 -0.000440929 0.00380149 0.00511031 -0.00420573 -0.00542298 0.00280972 0.0020429 -0.00181345 0.00182548 0 0.00452097 -0.00725774 -0.00184211 0.00567219 0.00282289 0.00663789 0.00680802 0.00564785 0.00197428 0.00804312 -0.000294964 0.000482124 -0.00323599 0.00445408 -0.00137379 -0.00017755 0.00170872 0.00619678 0.00121096 0.00295964 -5.65153e-05 0.00145355 0.00215756 -0.00110036 -0.0056126 0.000829172
internal_weight=22924 17760 14993 11661 3332 5164 2767 9502 5475 4949 1324 2159 4027 2123 1904 479 1689 222 3260 996 1467 1858 473 2264 308 1983 590 1613 693 1474 851 920 726 1655 228 164 929 3840 690 420 1569 1054 1159 600 178 559 408 351 90 313 1428 800 261 275 603 255 348 651 526 539 1112 1168
internal_count=22924 17760 14993 11661 3332 5164 2767 9502 5475 4949 1324 2159 4027 2123 1904 479 1689 222 3260 996 1467 1858 473 2264 308 1983 590 1613 693 1474 851 920 726 1655 228 164 929 3840 690 420 1569 1054 1159 600 178 559 408 351 90 313 1428 800 261 275 603 255 348 651 526 539 1112 1168
is_linear=0
shrinkage=0.05


Tree=18
num_leaves=63
num_cat=0
split_feature=2 2 2 2 2 2 11 11 11 5 11 3 4 11 6 6 6 3 11 5 1 3 4 4 11 11 11 11 11 6 6 11 5 5 1 5 11 6 3 6 4 11 3 11 2 2 4 11 11 1 11 6 8 11 8 9 5 5 6 5 5 7
split_gain=196.461 20.5875 14.7839 3.78426 2.18282 1.54705 1.48818 1.45066 1.37238 1.63304 1.19203 1.86029 0.961701 1.31597 0.961488 0.804006 0.790454 0.769755 0.68816 0.663818 0.6068 0.548391 0.540161 0.574332 1.16459 1.15696 0.795734 1.46464 1.10421 0.507619 0.479767 0.657628 0.557084 0.463745 2.22362 0.833407 1.18305 0.657258 0.594668 0.559002 0.470814 0.439058 0.557083 0.456643 0.422297 0.392945 0.390414 0.387372 0.986951 0.554603 0.381932 0.351319 0.349963 0.346412 0.34589 0.338856 0.328291 0.494121 0.328284 0.323118 0.544925 0.30843
threshold=429.50000000000006 699.50000000000011 170.50000000000003 866.50000000000011 285.50000000000006 570.50000000000011 105.50000000000001 154.50000000000003 121.50000000000001 905.45000000000016 54.500000000000007 1.0000000180025095e-35 17.850000000000005 46.500000000000007 4290.5000000000009 4556.5000000000009 16770.500000000004 -5.0499999999999989 42.500000000000007 915.55000000000007 198.50000000000003 -2.7499999999999996 29.950000000000003 1.6500000000000001 76.500000000000014 95.500000000000014 90.500000000000014 86.500000000000014 83.500000000000014 34410.500000000007 27390.500000000004 64.500000000000014 913.55000000000007 923.55000000000007 740.50000000000011 911.45000000000016 272.50000000000006 43890.500000000007 22.950000000000003 396270.50000000006 14.450000000000001 139.50000000000003 25.850000000000005 142.50000000000003 1102.5000000000002 1068.5000000000002 20.250000000000004 121.50000000000001 139.50000000000003 55.500000000000007 106.50000000000001 105950.50000000001 0.41248606129204562 326.50000000000006 -0.8814490726585632 -0.93540483100319605 916.55000000000007 922.55000000000007 170982.50000000003 920.95000000000016 912.55000000000007 14.930952380952382
decision_type=2 2 2 2 2 2 2 2 2 2 2 2 2 2 2 2 2 2 2 2 2 2 2 2 2 2 2 2 2 2 2 2 2 2 2 2 2 2 2 2 2 2 2 2 2 2 2 2 2 2 2 2 2 2 2 2 2 2 2 2 2 2
left_child=2 5 14 17 -4 -2 10 8 16 41 11 18 13 -13 55 -11 -8 -3 -5 50 -20 -9 23 -12 45 26 27 28 -26 -27 -19 56 -33 35 -35 36 37 61 -38 40 51 42 -10 -43 -17 46 -25 -7 49 -49 -18 -39 54 -54 -6 -1 -32 -58 -30 60 -14 -23
right_child=1 3 4 6 52 47 7 21 9 15 22 12 59 -15 -16 44 19 30 20 -21 -22 33 -24 24 25 29 -28 -29 58 -31 31 32 -34 34 -36 -37 38 39 -40 -41 -42 43 -44 -45 -46 -47 -48 48 -50 -51 -52 -53 53 -55 -56 -57 57 -59 -60 -61 -62 -63
leaf_value=-0.00085651679312292474 0.00033394634772696279 0.0071194092574755983 -0.0039360198670542051 0.0083448627850038776 -0.0018657987301935479 0.0030918026737341386 0.0097548224234842978 -0.0011879379443858005 0.0018167186138048495 -0.0024863413501711911 0.010206629353554895 -0.0038968480436124484 0.0036461789624311434 0.0090864483143080401 -0.0055657468743516691 0.0042179022967748772 0 0.0045295306319101556 0.0062413624657631089 -0.0032114891402794223 -0.0045736151140424149 0.0062163645902458637 0.010314686858686289 0.0083953500528561025 0.0059334553272055394 0.011375257074466152 -0.0024390925767089331 0.01242126101342431 -0.0086342847137035675 0.0031337295271111551 -0.0042336370148550071 0.002874774823271579 0.0055491448434107533 0.0068852128593866156 -0.00941788486822355 0.0082479852942348511 0.0032862431846088034 0.0032742058812856713 -0.0079388451467872871 0.0089307642552157399 0.0058610239608878623 0.0080698367560384284 -0.0059591863529568018 -0.00081002957419001051 0.0085200834366703834 0.010840040822922807 0.003308384373915728 0.001653345025514278 0.002167361107173233 -0.0051878453606223202 0.0064106383250668517 -0.0016340830521519648 -0.0023287913383751606 -0.0074405104685523185 -0.00026960101579434967 -0.0070593053189038028 0.0038439090511432753 -0.0034008143315797518 0 0.0035901677728546739 -0.0057912598214177949 0.0079168977310014356
leaf_weight=24 2027 214 2161 371 838 865 133 22 33 39 211 27 20 66 1550 377 27 1633 35 22 20 705 307 273 54 71 58 41 24 28 35 725 276 102 26 653 26 146 21 63 148 20 70 49 71 158 48 47 1117 76 216 47 638 36 584 4548 69 35 20 21 58 499
leaf_count=24 2027 214 2161 371 838 865 133 22 33 39 211 27 20 66 1550 377 27 1633 35 22 20 705 307 273 54 71 58 41 24 28 35 725 276 102 26 653 26 146 21 63 148 20 70 49 71 158 48 47 1117 76 216 47 638 36 584 4548 69 35 20 21 58 499
internal_value=4.21425e-06 0.00421464 -0.0050844 0.00563433 -0.00281928 0.00132279 0.00642293 0.00580576 0.00424222 0.00282804 0.00755515 0.00572156 0.00160114 0.00526326 -0.00665859 0.00430945 0.00656995 0.00419996 0.00756611 0.00494956 0.00221674 0.00647588 0.00842715 0.0078334 0.00717958 0.0046747 0.00242182 0.00448636 0.00110641 0.00910029 0.00397261 0.00317013 0.00361764 0.00654719 0.00352985 0.00671221 0.00610277 0.00633196 -0.00162927 0.00454824 0.00372153 -0.00133745 -0.00342003 0.00169944 0.00491263 0.00871575 0.00765152 0.00227255 0.00169683 -0.0025339 0.00571001 0.0020528 -0.00166538 -0.0026103 -0.00121384 -0.00702786 -1.69312e-05 0.00135683 -0.00470434 -0.00179043 -0.00330581 0.00692591
internal_weight=22924 12545 10379 8413 4257 4132 5426 3515 1057 659 1911 618 192 93 6122 487 398 2987 426 265 55 2458 1293 986 775 296 197 139 98 99 2773 1140 1001 2436 128 2308 1655 1608 47 404 341 172 103 69 448 479 321 2105 1240 123 243 193 2096 674 1422 4572 139 104 44 99 78 1204
internal_count=22924 12545 10379 8413 4257 4132 5426 3515 1057 659 1911 618 192 93 6122 487 398 2987 426 265 55 2458 1293 986 775 296 197 139 98 99 2773 1140 1001 2436 128 2308 1655 1608 47 404 341 172 103 69 448 479 321 2105 1240 123 243 193 2096 674 1422 4572 139 104 44 99 78 1204
is_linear=0
shrinkage=0.05


Tree=19
num_leaves=63
num_cat=0
split_feature=2 2 2 2 2 2 11 11 0 4 4 11 3 1 2 11 1 1 11 11 5 1 11 5 9 5 0 5 1 3 2 5 10 4 0 11 5 4 2 1 3 0 11 1 0 11 3 5 1 3 1 1 0 11 11 4 5 1 11 11 1 0
split_gain=177.435 18.1668 14.1486 2.67469 2.11976 1.63968 1.38832 3.02584 1.32788 1.12413 0.968568 0.872209 2.00098 0.912167 0.866673 0.741076 0.969077 0.645087 1.0989 0.658262 0.617816 0.661374 0.612563 1.0713 0.527406 0.478255 0.445265 0.875896 0.763377 0.716581 0.660049 0.566289 1.0173 0.603359 0.432619 0.419486 0.416713 0.412535 0.411897 0.402378 0.359724 0.357682 0.655992 0.355359 0.350457 0.331397 0.619042 0.646467 0.829192 0.330734 0.330504 0.987329 0.433528 0.324416 0.956919 0.313911 0.308545 0.702957 0.292828 0.944402 0.366914 0.702733
threshold=480.50000000000006 224.50000000000003 823.50000000000011 662.50000000000011 122.50000000000001 343.50000000000006 121.50000000000001 144.50000000000003 88.500000000000014 21.950000000000003 3.4500000000000006 54.500000000000007 1.0000000180025095e-35 11.500000000000002 1024.5000000000002 42.500000000000007 9.5000000000000018 65.500000000000014 48.500000000000007 52.500000000000007 914.35000000000002 785.50000000000011 126.50000000000001 906.35000000000002 -0.68322629814330815 908.45000000000016 185.50000000000003 921.35000000000002 785.50000000000011 -1.0000000180025095e-35 1112.5000000000002 912.95000000000016 8.5000000000000018 3.0500000000000003 706.50000000000011 42.500000000000007 911.05000000000007 5.7500000000000009 570.50000000000011 415.50000000000006 -6.2499999999999991 150.50000000000003 56.500000000000007 628.50000000000011 25.500000000000004 83.500000000000014 17.150000000000002 912.95000000000016 254.50000000000003 25.250000000000004 5.5000000000000009 119.50000000000001 105.50000000000001 133.50000000000003 138.50000000000003 4.0500000000000007 915.05000000000007 415.50000000000006 152.50000000000003 150.50000000000003 696.50000000000011 111.50000000000001
decision_type=2 2 2 2 2 2 2 2 2 2 2 2 2 2 2 2 2 2 2 2 2 2 2 2 2 2 2 2 2 2 2 2 2 2 2 2 2 2 2 2 2 2 2 2 2 2 2 2 2 2 2 2 2 2 2 2 2 2 2 2 2 2
left_child=1 4 3 38 44 40 11 8 -8 10 39 12 15 -14 -13 -4 -17 -15 35 -20 41 -22 23 -12 26 -11 27 31 29 -29 34 32 50 -34 -28 43 -24 -35 -2 49 -3 -5 -43 -19 -1 56 47 -47 -49 -10 -9 52 -52 -44 -55 -53 57 -16 59 -57 -60 -62
right_child=2 5 6 20 -6 -7 7 24 9 25 22 14 13 17 45 16 -18 18 19 -21 21 -23 36 -25 -26 -27 30 28 -30 -31 -32 -33 33 37 -36 -37 -38 -39 -40 -41 -42 42 53 -45 -46 46 -48 48 -50 -51 51 55 -54 54 -56 58 -58 -59 60 -61 61 -63
leaf_value=-0.0070618226256782789 0.00066989408888190778 -0.0051694269650351147 0.0076434272388460943 0.0036143041588368517 -0.0046843249374035169 -0.00076195092541708558 -0.0039877322499971895 0.0079404090334521133 0.0075801762034050854 0.0032163898295383096 -0.0019358061482103502 0.0064420216332888225 0.0075366797886029851 -0.005896672508333956 0.0095742233933801199 0.010184741049280129 -0.0028083548339970987 0.0054237535306766848 0.0092745573372597905 -0.0013446993444726539 0.0045761487996461665 -0.0026044764628523603 -0.0017292446623660635 0.010940201746752538 0.0043402669222251571 0.0086396764123403465 0.0050776691781466883 -0.0039099069043475 -0.0047745658006247893 0.0062912109166558886 0.00013877838648872182 0.0087188913685527138 -0.0062062516011557175 0.0081720168622293841 0.0085117817411296381 -0.0068542387172623471 -0.0093031685138161568 0.00043746902452834323 0.0019051585729395765 0.011374344703493423 -0.0026066418065194951 -0.0063336509570681675 0.0037384870956921716 -0.003733754440840772 -0.0061923003056183167 0.01140578903571856 0.0088139716735764553 0.0086259944696440802 -0.0012973705452739024 -0.0011271011261311593 -0.0035980258773789446 0.0085724754050499202 0.0050076582884616347 -0.0064809473957921056 0.0021710322936113161 0.010131929516469762 0.010937679131157486 0 0.0076045590907221202 -0.0030590959969687501 0.0064961765513681215 -0.002277656894931839
leaf_weight=2252 1281 153 491 820 2116 1951 85 451 20 85 44 1090 48 39 91 22 40 20 47 20 1186 32 99 25 500 86 667 20 26 102 62 375 20 29 113 34 23 46 1466 23 1836 22 275 22 2817 26 325 33 56 22 35 174 25 34 461 23 237 24 235 32 79 31
leaf_count=2252 1281 153 491 820 2116 1951 85 451 20 85 44 1090 48 39 91 22 40 20 47 20 1186 32 99 25 500 86 667 20 26 102 62 375 20 29 113 34 23 46 1466 23 1836 22 275 22 2817 26 325 33 56 22 35 174 25 34 461 23 237 24 235 32 79 31
internal_value=4.16956e-06 -0.00452579 0.00427579 0.00244539 -0.00602229 -0.00179542 0.00591558 0.0052624 0.00169184 0.00283482 0.000715184 0.00678528 0.00535779 0.00141038 0.00737621 0.00698997 0.00173056 -0.000181135 0.00134574 0.00603283 0.00352525 0.00438319 -0.00105725 0.00266614 0.00586105 0.00597657 0.00615768 0.00663396 0.00289755 0.00457611 0.00518776 0.00698615 0.00643057 0.00140092 0.00558261 -0.0027231 -0.00320452 0.00350164 0.00133099 0.00599386 -0.00280654 0.00287367 0.00210017 0.000510724 -0.00657972 0.00865462 0.00768201 0.00443466 0.00233151 0.00290861 0.00686617 0.00609299 0 0.00234842 0.00156547 0.00673082 0.00985365 0.0075686 0.00591526 0.00237478 0.00646434 0.00397831
internal_weight=22924 11125 11799 5577 7185 3940 6222 3557 512 427 256 2665 783 230 1882 553 62 182 143 67 2830 1218 191 69 3045 171 2545 1703 148 122 842 1555 1180 95 780 76 122 75 2747 65 1989 1612 792 42 5069 792 440 115 89 42 1085 634 60 770 495 574 352 115 400 55 345 110
internal_count=22924 11125 11799 5577 7185 3940 6222 3557 512 427 256 2665 783 230 1882 553 62 182 143 67 2830 1218 191 69 3045 171 2545 1703 148 122 842 1555 1180 95 780 76 122 75 2747 65 1989 1612 792 42 5069 792 440 115 89 42 1085 634 60 770 495 574 352 115 400 55 345 110
is_linear=0
shrinkage=0.05


Tree=20
num_leaves=63
num_cat=0
split_feature=2 2 2 2 2 2 2 10 10 5 6 5 2 5 4 4 4 1 1 1 6 3 3 3 8 10 10 5 6 4 5 4 7 3 5 1 5 7 10 6 1 3 8 7 6 4 7 3 8 8 2 1 6 7 6 8 3 8 3 7 7 6
split_gain=159.749 16.327 12.0694 1.65849 1.63358 1.52318 1.50182 1.19662 1.9578 0.896721 0.89892 1.61296 0.779694 0.654266 0.598905 0.566946 0.858353 0.536541 0.610603 0.60656 0.550244 0.538289 0.654469 0.675351 0.534271 0.476503 1.0579 0.694743 0.464815 0.464218 0.609291 0.424122 0.598763 0.685804 0.413049 1.71037 0.685099 0.652802 0.726406 0.731361 0.865242 0.621822 0.376203 0.36814 0.557468 0.360525 0.452768 0.338035 0.323968 0.362576 0.312501 0.310014 0.308745 0.443156 0.3451 0.3036 0.299375 0.290812 0.28481 0.434078 0.282071 0.280465
threshold=480.50000000000006 212.50000000000003 767.50000000000011 118.50000000000001 908.50000000000011 605.50000000000011 336.50000000000006 4.5000000000000009 5.5000000000000009 906.55000000000007 6806.5000000000009 908.95000000000016 1150.5000000000002 913.85000000000002 2.2500000000000004 1.6500000000000001 46.250000000000007 651.50000000000011 278.50000000000006 459.50000000000006 30102.500000000004 5.7500000000000009 11.15 19.750000000000004 -0.63405362205439475 4.5000000000000009 5.5000000000000009 905.55000000000007 6642.5000000000009 36.550000000000004 919.25000000000011 15.350000000000003 2.0041666666666669 1.3500000000000003 923.1500000000002 250.50000000000003 912.05000000000007 14.021739130434783 8.5000000000000018 87320.500000000015 119.50000000000001 32.750000000000007 0.41248606129204562 0.28143841515934548 26732.500000000004 11.050000000000002 6.9019230769230786 25.050000000000004 0.35206144883412582 -0.8814490726585632 36.500000000000007 10.500000000000002 522006.50000000006 0.77306314375279905 13110.500000000002 -0.9103761370219875 -5.6499999999999995 0.41248606129204562 30.550000000000004 34.018518518518526 0.10918733692579145 119370.50000000001
decision_type=2 2 2 2 2 2 2 2 2 2 2 2 2 2 2 2 2 2 2 2 2 2 2 2 2 2 2 2 2 2 2 2 2 2 2 2 2 2 2 2 2 2 2 2 2 2 2 2 2 2 2 2 2 2 2 2 2 2 2 2 2 2
left_child=1 3 5 50 13 -2 42 12 9 14 11 -11 15 51 -9 -6 17 18 20 21 29 -20 -23 -24 -22 -7 27 -27 -19 -17 -31 61 -33 -34 36 -36 37 38 39 40 45 -40 55 -12 -45 46 -10 60 49 -8 -1 -4 53 54 -16 -3 -28 -58 -57 -60 -15 -26
right_child=2 6 4 -5 7 25 48 8 34 10 43 -13 -14 47 52 16 -18 28 19 -21 24 22 23 -25 31 26 56 -29 -30 30 -32 32 33 -35 35 -37 -38 -39 41 -41 -42 -43 -44 44 -46 -47 -48 -49 -50 -51 -52 -53 -54 -55 -56 58 57 -59 59 -61 -62 -63
leaf_value=-0.006735774892963938 0.00093980637394662817 -0.0028010943992567666 0.004986081710762251 -0.0045585319485218967 0.0095311386463734372 0.0036027678468538125 -0.0010347522357147003 0.0071330028033746778 -0.0046484636246737609 0.010686540586570472 0.0077591344333634337 -0.0052074660607426063 -0.0025113637669462161 0.0022042514617393073 -0.004509253183609817 0.0087354059497935458 0.008443577956052873 0.0019017005460993754 -0.0039324428468022919 0.0056508458115039116 -0.00081448175989494703 0.0074666724877295865 -0.0016482553816230359 0.0076531347369068652 0.00841273221954973 -0.0042526580773613537 -0.0030771493436235805 0.0010813898842134512 0.009699439230529459 0.0085540841732706339 -0.0032358771013976332 0.010052085352774284 0.0057852335466669937 -0.0051795085363764547 0.0076740438883302065 -0.0059298761880381291 0.0076687859666151846 0.0067304439132497874 0.0026198582634437443 -0.00052923721286754098 0.0061713285423091501 -0.0076054416342049977 -0.0036217562274712292 -0.0018913552210050044 0.0051594644893011229 0.0049965247498057041 0.0040607672076502276 0.00072360491842515513 -0.001697666073479623 0.0006525058130144889 -0.0059015847942562828 0.0031609828668678211 0.0040502855986780462 -0.005538413574410002 0.0027147240993027574 -0.001637847841849358 0.0033279516425887196 0.0013968043736435581 0.0078056949641008219 -0.001332834841641982 0.0055848089289961276 0.0021604064774711101
leaf_weight=2189 1812 835 317 2017 206 1138 783 23 38 22 100 57 21 71 25 281 502 24 32 267 35 56 76 26 116 85 20 214 144 23 20 20 27 30 63 36 521 652 57 53 616 20 768 33 155 37 24 43 681 533 2748 1055 21 61 48 448 1045 252 21 32 1068 24
leaf_count=2189 1812 835 317 2017 206 1138 783 23 38 22 100 57 21 71 25 281 502 24 32 267 35 56 76 26 116 85 20 214 144 23 20 20 27 30 63 36 521 652 57 53 616 20 768 33 155 37 24 43 681 533 2748 1055 21 61 48 448 1045 252 21 32 1068 24
internal_value=1.04013e-05 -0.0043003 0.00407972 -0.00577622 0.00536317 0.00206988 -0.0017963 0.00593007 0.00523443 0.00254518 0.00395844 -0.000710161 0.00688665 0.00434176 -0.0003412 0.00699278 0.00668225 0.00594124 0.00550044 0.0041048 0.00659816 0.00190407 0.00311951 0.000678889 0.00479222 0.00281154 0.00225107 -0.000419176 0.00861701 0.00798544 0.00295959 0.00571952 0.00263195 0 0.00592423 0.00267572 0.00608098 0.00552457 0.00458751 0.00505166 0.00547236 0 -0.00272947 0.00525623 0.00389489 0.00107093 -0.00119552 0.00521364 -0.000810547 -0.00034759 -0.0062726 0.00358665 -0.0014864 -0.00239374 0.000169576 -0.00221256 0.00286108 0.00295673 -0.00122132 0.00220181 0.00537868 0.0073789
internal_weight=22767 11055 11712 6954 7146 4566 4101 4592 2662 545 367 79 1930 2554 178 1909 1703 1201 1033 457 576 190 158 102 252 2754 1616 299 168 324 43 217 77 57 2117 99 2018 1497 845 768 715 77 2104 288 188 99 62 1182 1997 1316 4937 1372 155 134 73 1336 1317 1297 501 53 1139 140
internal_count=22767 11055 11712 6954 7146 4566 4101 4592 2662 545 367 79 1930 2554 178 1909 1703 1201 1033 457 576 190 158 102 252 2754 1616 299 168 324 43 217 77 57 2117 99 2018 1497 845 768 715 77 2104 288 188 99 62 1182 1997 1316 4937 1372 155 134 73 1336 1317 1297 501 53 1139 140
is_linear=0
shrinkage=0.05


Tree=21
num_leaves=63
num_cat=0
split_feature=2 2 2 2 2 11 11 2 2 6 2 5 4 4 11 11 11 11 6 5 8 11 11 10 5 7 11 11 6 7 4 5 5 4 5 6 4 4 3 11 3 5 2 5 6 4 2 8 3 11 7 2 11 8 11 11 7 8 9 7 6 7
split_gain=144.226 13.7844 11.7764 2.13738 1.49888 1.2031 1.23809 1.20037 0.987776 0.95679 0.767178 0.743364 0.625086 0.833594 0.766004 1.30444 0.697624 0.735289 0.57741 0.729638 0.67686 0.639067 1.62105 0.574715 0.534552 1.42016 0.496408 0.638994 0.43912 0.595562 0.449647 0.593803 1.05606 0.667345 0.766659 0.431086 0.423909 0.394778 0.37157 0.90426 0.584885 0.370066 0.354393 0.346513 0.343469 0.446477 0.34218 0.338922 0.333322 0.403259 0.319409 0.318426 0.295534 0.292197 0.286247 1.11132 0.635859 0.285431 0.2918 0.282172 0.341868 0.356783
threshold=466.50000000000006 212.50000000000003 726.50000000000011 908.50000000000011 126.50000000000001 105.50000000000001 194.50000000000003 336.50000000000006 605.50000000000011 4422.5000000000009 1150.5000000000002 913.85000000000002 46.250000000000007 2.4500000000000006 76.500000000000014 95.500000000000014 54.500000000000007 32.500000000000007 17292.500000000004 916.05000000000007 -0.52778511650980109 127.50000000000001 137.50000000000003 3.5000000000000004 923.1500000000002 0.10918733692579145 86.500000000000014 83.500000000000014 7140.5000000000009 5.9180107526881729 17.650000000000002 925.05000000000007 919.45000000000016 38.95000000000001 913.05000000000007 19460.500000000004 4.2500000000000009 26.650000000000002 27.850000000000005 268.50000000000006 32.750000000000007 915.1500000000002 1107.5000000000002 916.75000000000011 39800.500000000007 6549.7500000000009 1048.5000000000002 0.41248606129204562 24.650000000000002 262.50000000000006 23.379807692307697 36.500000000000007 150.50000000000003 0.35206144883412582 127.50000000000001 139.50000000000003 7.2041666666666675 0.35206144883412582 -0.065403129230142923 0.10918733692579145 9506.5000000000018 7.7165178571428585
decision_type=2 2 2 2 2 2 2 2 2 2 2 2 2 2 2 2 2 2 2 2 2 2 2 2 2 2 2 2 2 2 2 2 2 2 2 2 2 2 2 2 2 2 2 2 2 2 2 2 2 2 2 2 2 2 2 2 2 2 2 2 2 2
left_child=1 4 8 11 51 10 9 47 57 52 12 50 13 -5 16 23 17 -15 21 20 -20 -11 -23 26 38 -26 27 -16 29 37 -30 32 33 34 -32 -17 -24 -19 -8 43 -41 -28 -38 -40 -22 46 -46 -3 59 -50 -4 -1 -7 -9 -10 56 -56 58 -2 -13 -61 -62
right_child=2 7 3 5 -6 6 24 53 54 18 -12 48 -14 14 15 35 -18 28 19 -21 44 22 36 -25 25 -27 41 -29 30 -31 31 -33 -34 -35 -36 -37 42 -39 39 40 -42 -43 -44 -45 45 -47 -48 -49 49 -51 -52 -53 -54 -55 55 -57 -58 -59 -60 60 61 -63
leaf_value=-0.0063990015630653214 0.0014984816613539389 -0.0021021086285104114 0.0029104607792020663 0.0089834286674389009 -0.0042392464004268639 -0.0058896349947835571 0.0075391009305793974 -0.00037528749796549379 0.0030903020458320375 0.008431613911058778 -0.002788036798974916 0.0021651671981918162 0.0088069774057223191 0.0086974457917995251 0.004053478592899811 0.010592263003983644 0.0078139106643231263 -0.0068445542014341585 0.0017708837435861638 -0.0047301820095742679 0.0064207256190812086 -0.0034943456460676155 0.0075803955605038519 -0.006003763801433715 -0.0082328807094912502 0.0058717966681828488 0.010550566526694536 -0.0056733001984896198 0.0080112194098566035 0.0065112573732293488 0.0069056210096508147 0.010697803227462581 -0.0066116087881235575 0.010552268119999523 -0.00596512455305683 0.0016904581301099627 0.0038258031437607407 0.0021256881933983656 0.0064209519784200284 0.0034020135710609253 -0.0072270615239493283 0.00085864101202963905 0.0083132901297823664 0.00021478881339627909 0.0039858709461361623 0.0094922043443013623 -0.00010285685886813418 -0.0034406919852782154 -0.0030845671124065041 0.0055280881462640968 0.0045694814962864722 -0.0055726577602834733 0.0015564816532196938 -0.0017212150049758499 -0.0066601563952928466 0.0022909280926764956 0.0029131608284793452 -8.2906843198254161e-05 -0.00059466116051399653 0.0062327082416025288 0.0037405076855951806 0.0058689708380808957
leaf_weight=2189 1183 1336 1421 245 1809 29 499 1203 847 141 20 93 343 89 33 55 418 29 302 26 203 55 169 30 23 76 22 34 66 24 24 20 30 28 22 20 322 20 676 36 20 20 54 25 227 31 63 768 29 25 384 2956 23 617 57 1060 24 616 190 471 572 325
leaf_count=2189 1183 1336 1421 245 1809 29 499 1203 847 141 20 93 343 89 33 55 418 29 302 26 203 55 169 30 23 76 22 34 66 24 24 20 30 28 22 20 322 20 676 36 20 20 54 25 227 31 63 768 29 25 384 2956 23 617 57 1060 24 616 190 471 572 325
internal_value=1.00387e-05 -0.00415015 0.00381688 0.00493285 -0.0054875 0.0056343 0.00503772 -0.00177878 0.0015954 0.00410619 0.00675497 0.00396101 0.00687973 0.00633712 0.00567231 0.00298008 0.00641356 0.0047347 0.00432523 0.00342035 0.0036835 0.00535832 0.00462647 7.49354e-05 0.00616455 0.0025395 0.00179777 -0.000809082 0.00337189 6.44471e-06 0.00463794 0.00279719 0.00122099 0.00446849 0.000642 0.00829044 0.00545567 -0.00308453 0.00644607 0.00571806 -0.000311074 0.00606713 0.00448562 0.00620681 0.00477573 0.00371818 0.00308067 -0.00259323 0.004785 0.0008132 0.00326641 -0.00592532 -0.00250352 -0.000834388 0.00238485 0.00185656 -0.00376187 0.000803745 0.00120516 0.00492831 0.00511233 0.00451783
internal_weight=22767 10878 11889 7912 6954 4592 3000 3924 3977 1645 1592 3320 1572 1229 984 214 770 352 1593 852 826 741 600 139 1355 99 109 67 263 73 190 124 104 74 46 75 545 49 1256 757 56 42 376 701 524 321 290 2104 1515 54 1805 5145 52 1820 1988 1141 81 1989 1373 1461 1368 897
internal_count=22767 10878 11889 7912 6954 4592 3000 3924 3977 1645 1592 3320 1572 1229 984 214 770 352 1593 852 826 741 600 139 1355 99 109 67 263 73 190 124 104 74 46 75 545 49 1256 757 56 42 376 701 524 321 290 2104 1515 54 1805 5145 52 1820 1988 1141 81 1989 1373 1461 1368 897
is_linear=0
shrinkage=0.05


Tree=22
num_leaves=63
num_cat=0
split_feature=0 8 9 1 3 0 0 8 8 8 0 0 9 1 1 9 11 11 8 3 8 9 11 11 0 0 5 8 1 3 11 5 11 8 1 8 11 0 11 5 5 1 11 11 11 5 11 0 5 11 10 11 3 3 11 7 3 11 0 5 0 0
split_gain=65.9887 22.0597 23.5176 3.24354 5.569 3.02038 2.9738 2.46958 3.24852 2.42385 1.66947 1.61106 1.5424 1.2338 0.96123 0.935276 0.878606 3.06471 0.833382 0.798125 0.732803 0.839002 0.635417 0.641492 0.584057 0.615232 0.561578 0.547625 0.546814 0.722722 0.546126 0.531559 0.611824 0.512415 0.503199 0.472403 0.471363 1.06335 1.05047 0.832229 0.446748 0.444577 0.442535 1.25171 1.17499 0.574767 0.43643 0.537934 0.467671 0.414196 0.586254 0.447043 0.413344 0.408122 0.820497 1.01721 0.407568 0.458998 0.403435 0.411276 0.40127 0.389053
threshold=55.500000000000007 0.47114434510950087 -0.2269546835593246 7.5000000000000009 29.450000000000003 45.500000000000007 609.50000000000011 -0.84874750804349186 0.097964660725097366 0.77259657388510639 173.50000000000003 448.50000000000006 0.06540312923014284 14.500000000000002 240.50000000000003 -0.88144907265856332 127.50000000000001 137.50000000000003 -0.8814490726585632 3.9500000000000006 0.63405362205439497 -0.2269546835593246 93.500000000000014 90.500000000000014 233.50000000000003 629.50000000000011 909.85000000000002 0.29012925520284133 5.5000000000000009 22.550000000000004 260.50000000000006 915.45000000000016 324.50000000000006 0.63405362205439497 397.50000000000006 -0.9103761370219875 54.500000000000007 298.50000000000006 8.5000000000000018 907.85000000000002 920.55000000000007 127.50000000000001 121.50000000000001 139.50000000000003 127.50000000000001 906.1500000000002 187.50000000000003 173.50000000000003 909.75000000000011 121.50000000000001 5.5000000000000009 133.50000000000003 0.65000000000000002 4.3500000000000005 42.500000000000007 0.85764944275582577 22.350000000000005 138.50000000000003 205.50000000000003 916.55000000000007 25.500000000000004 141.50000000000003
decision_type=2 2 2 2 2 2 2 2 2 2 2 2 2 2 2 2 2 2 2 2 2 2 2 2 2 2 2 2 2 2 2 2 2 2 2 2 2 2 2 2 2 2 2 2 2 2 2 2 2 2 2 2 2 2 2 2 2 2 2 2 2 2
left_child=5 2 3 4 6 15 28 14 10 33 16 36 41 -7 -5 -1 22 -18 -6 -10 21 27 23 53 -20 -26 49 40 29 61 -8 -13 -33 52 -25 60 38 42 -12 -39 -15 -4 -38 44 45 -44 48 -48 -31 -21 51 -51 -3 54 -9 -56 -53 -58 -40 -60 -17 -2
right_child=1 9 12 7 18 13 30 8 19 -11 11 31 -14 20 -16 35 17 -19 24 26 -22 -23 -24 34 25 -27 -28 -29 -30 46 -32 32 -34 -35 -36 -37 37 39 58 -41 -42 -43 43 -45 -46 -47 47 -49 -50 50 -52 56 -54 -55 55 -57 57 -59 59 -61 -62 -63
leaf_value=0.0014616505949962035 -0.004024464899445912 -0.0034738516404233949 -0.0017733235430445625 0.0009920319366221017 -0.00045394969716805656 -0.00441566219739671 0.0072578674210300974 0.0056953647105418507 0.00050191048266772073 -0.0048850412554853131 0.0058714825871282513 0.0042345813225763938 -0.0038715463622545805 0.0053940128256005082 0.0034716715174845656 -0.0057679245459987582 -0.0039541277600568378 0.0049949188394223807 0.0052420587846981068 0.0041658882646165539 -0.004520003829184 -0.002517084839141532 0.0080941763978807073 0.0052241308637778856 0.0019058003015387085 0.0072166917748449468 0.0036790411495881588 -0.0010857741921168201 0.0011334808840935962 -0.0028860226939182347 -0.00013758750613202753 0.0098118515190703248 0.0017049265987018952 -0.0025681008636982208 -0.0056892062762828027 -0.0059755875374158454 0.0053827502883903181 1.3260277680947762e-05 0.0019017577463590523 0.0035222237059073327 -2.9596862501054731e-05 0.00011299973277015901 -0.0015927991132069247 0.0044782612235114982 -0.0071650863243854952 0.0078426716913036851 0.0038843119197457497 -0.00057711490267045888 0.0040983661514366679 0.0015386658846804607 0.0021376197914359709 0.0012228365653598927 -0.00050490472680236626 0.0070573913799040992 -0.0041676277380265645 0.0060520030676749111 -0.011460414226074144 -0.0024605365516806167 -0.006074909719369373 -0.00012433685454036686 -0.0038941678801212918 -0.0015174444729058674
leaf_weight=46 313 136 1151 1132 92 507 135 716 541 842 108 118 895 107 604 559 101 1613 775 124 122 214 332 20 323 67 768 106 208 181 29 163 29 845 22 2873 571 323 166 361 56 422 31 502 49 32 106 182 27 61 306 25 902 439 50 47 25 37 39 120 647 324
leaf_count=46 313 136 1151 1132 92 507 135 716 541 842 108 118 895 107 604 559 101 1613 775 124 122 214 332 20 323 67 768 106 208 181 29 163 29 845 22 2873 571 323 166 361 56 422 31 502 49 32 106 182 27 61 306 25 902 439 50 47 25 37 39 120 647 324
internal_value=9.73984e-06 0.00148127 0.0022424 0.00313388 0.00162098 -0.00491493 -0.000427887 0.00356975 0.0039482 -0.00265211 0.00452207 0.00356891 -0.00221182 -0.00259342 0.00185779 -0.00553946 0.00526586 0.00446447 0.00407789 0.0021353 -0.00105761 -0.000171952 0.00610722 0.00559298 0.00444007 0.00283262 0.00278802 0.00167535 -0.00120837 -0.00164277 0.00592038 0.00696559 0.00861492 -0.00165077 -0.000373549 -0.00561968 0.00310904 0.00345578 0.00160039 0.00187277 0.00350116 -0.00126411 0.00436506 0.00340978 -0.00133445 0.00312542 -0.000200686 0.00104836 -0.00195383 0.00159501 0.000881059 -0.00168289 -0.000899013 0.00579714 0.00510971 0.000733792 -0.00399827 -0.00618265 0.000164319 -0.00161824 -0.00476724 -0.00275759
internal_weight=22767 17530 14805 12337 2762 5237 1505 9575 7839 2725 5952 2612 2468 1112 1736 4125 3340 1714 1257 1887 605 483 1626 1294 1165 390 1346 269 1341 1133 164 310 192 1883 42 4079 2302 1869 433 684 163 1573 1185 614 112 63 496 288 208 578 454 148 1038 1252 813 97 87 62 325 159 1206 637
internal_count=22767 17530 14805 12337 2762 5237 1505 9575 7839 2725 5952 2612 2468 1112 1736 4125 3340 1714 1257 1887 605 483 1626 1294 1165 390 1346 269 1341 1133 164 310 192 1883 42 4079 2302 1869 433 684 163 1573 1185 614 112 63 496 288 208 578 454 148 1038 1252 813 97 87 62 325 159 1206 637
is_linear=0
shrinkage=0.05


Tree=23
num_leaves=63
num_cat=0
split_feature=2 2 2 2 2 11 11 3 0 2 5 4 4 11 11 11 11 2 0 2 3 3 0 11 11 11 7 3 5 8 3 7 8 4 5 0 11 4 4 2 3 3 4 3 5 5 11 5 5 5 1 11 1 0 9 2 11 0 1 0 1 5
split_gain=119.12 12.6075 8.66039 1.65952 1.58947 1.00162 2.50947 1.17092 1.08954 0.891403 0.79639 0.603141 0.912069 0.541969 1.51226 0.729889 0.961428 0.794681 0.646787 0.527726 0.917742 0.517673 0.514417 0.484704 0.878771 0.448581 0.429435 0.404741 0.381335 0.361425 0.35722 0.353646 0.401842 0.484296 0.352558 0.348934 0.324985 0.978893 0.313245 0.312639 0.312132 0.307633 0.299054 0.539117 0.442921 0.448898 0.341651 0.298879 0.876701 0.276863 0.704513 0.558379 0.370256 0.27307 0.341985 0.271859 0.252618 0.322619 0.2455 0.311585 0.254427 0.279946
threshold=488.50000000000006 233.50000000000003 828.50000000000011 662.50000000000011 135.50000000000003 121.50000000000001 139.50000000000003 29.950000000000003 91.500000000000014 363.50000000000006 904.45000000000016 1.8500000000000003 48.150000000000013 83.500000000000014 86.500000000000014 54.500000000000007 52.500000000000007 1122.5000000000002 103.50000000000001 1002.5000000000001 9.6500000000000004 24.350000000000005 118.50000000000001 90.500000000000014 95.500000000000014 195.50000000000003 0.12273877651866742 -3.7499999999999996 930.1500000000002 0.5277851165098012 1.3500000000000003 0.26759355446573097 -0.63405362205439475 15.350000000000003 906.95000000000016 60.500000000000007 113.50000000000001 6549.3500000000013 2.8500000000000001 938.50000000000011 -3.7499999999999996 21.550000000000004 6549.7500000000009 25.850000000000005 914.1500000000002 906.35000000000002 126.50000000000001 925.45000000000016 923.55000000000007 915.1500000000002 415.50000000000006 70.500000000000014 497.50000000000006 67.500000000000014 -0.93540483100319605 938.50000000000011 183.50000000000003 181.50000000000003 2.5000000000000004 295.50000000000006 307.50000000000006 908.95000000000016
decision_type=2 2 2 2 2 2 2 2 2 2 2 2 2 2 2 2 2 2 2 2 2 2 2 2 2 2 2 2 2 2 2 2 2 2 2 2 2 2 2 2 2 2 2 2 2 2 2 2 2 2 2 2 2 2 2 2 2 2 2 2 2 2
left_child=1 4 3 29 53 11 7 8 -7 27 -10 -4 13 15 -15 16 17 26 -16 25 -21 -22 30 -20 -25 56 -13 -3 35 -2 -5 -26 55 41 -24 -28 39 -38 -12 -14 -27 -34 44 -44 45 -40 -47 48 -37 50 -17 52 -52 54 -1 -33 -8 -58 -23 60 61 -60
right_child=2 9 5 22 -6 6 19 -9 10 -11 38 12 36 14 18 49 -18 -19 23 20 21 58 34 24 31 40 28 -29 -30 -31 -32 32 33 -35 -36 47 37 -39 42 -41 -42 -43 43 -45 -46 46 -48 -49 -50 -51 51 -53 -54 -55 -56 -57 57 -59 59 -61 -62 -63
leaf_value=0 0.0014411543380032517 -0.0039371279955698257 0.0078003252181498344 0.0051164706283587866 -0.0036755779746032234 -0.003643805802839805 0.0036176370278260595 -0.0054573982291814069 -0.0031126864538892 -0.00050146525091249769 0.0086180668568673728 -9.929735260191214e-05 0.0057259781537372517 -0.0054384528215305509 0.008303374255126136 0.0070522937218796752 -0.0035870307209216155 -0.0051047671623342663 0.0094121031463146217 -0.0044200582085788349 0.0077573634013115888 0.0064594203937157774 0.0012664957054222248 -0.0029760677850032111 0.0088501870336237364 -0.0011891111981735302 -0.0012777625105867339 -0.0017806279005795822 0.012215007804519501 -0.00020133543080693263 0.0031817621699433288 0.0027786366659176857 0.0015003436350173526 -0.00016539734814051714 0.0028552593578330719 0.0053792019383382232 0.006600072116525026 -0.0045577331790947499 -0.00074261042915875356 0.0085139497547421523 0.004909166413739622 0.0072664089006732923 0.011341771555110762 0.00070738130295438465 -0.0037856663741495968 0.0095576256579143221 0.0027910528483794782 0.0084569725967199739 -0.0033920951633160295 0.007723718206104126 0 -0.0040021999682767111 0.0072492134604700388 -0.0045477310727508281 -0.0055517608427147749 -0.0050874742569730555 0.0024593308511891253 -0.0035032307311870107 0.0044181840139210461 0.00042788666606018546 0.0058759765579125779 0
leaf_weight=27 2197 252 289 332 1980 72 490 66 41 1715 38 38 168 45 78 217 38 20 29 22 263 301 540 57 32 20 20 1863 20 389 991 21 34 45 1067 382 117 23 39 327 1146 93 29 22 24 34 48 67 30 279 28 28 42 958 4364 22 97 29 276 43 364 39
leaf_count=27 2197 252 289 332 1980 72 490 66 41 1715 38 38 168 45 78 217 38 20 29 22 263 301 540 57 32 20 20 1863 20 389 991 21 34 45 1067 382 117 23 39 327 1146 93 29 22 24 34 48 67 30 279 28 28 42 958 4364 22 97 29 276 43 364 39
internal_value=9.3055e-06 -0.00367917 0.00355554 0.00211862 -0.00489434 0.00485572 0.00429808 0.000623426 0.00179565 -0.00135247 0.00323878 0.0056081 0.00533014 0.00470532 0.00320691 0.00526603 0.00403599 0.00454722 0.00416673 0.00478757 0.00556281 0.00573781 0.00293454 0.00318058 0.00256678 0.00421545 0.00490362 -0.00204011 0.00527951 0.00119215 0.0036714 0.00386682 0.0030981 0.00418481 0.00232461 0.00498912 0.00695959 0.00472937 0.00437386 0.00757918 0.00480018 0.00576447 0.00352153 0.0068626 0.00230802 0.0035601 0.00566583 0.00526144 0.00472771 0.00653024 0.00545518 0.00186417 0.0042844 -0.00534447 -0.00551705 -0.00113234 0.00309992 0.00104565 0.00521301 0.00468564 0.00494781 0.00385788
internal_weight=22767 11159 11608 5516 7329 6092 3503 413 347 3830 275 2589 2300 1665 456 1209 615 577 411 3090 1308 1286 2930 333 304 1782 557 2115 519 2586 1323 247 215 172 1607 499 635 140 234 495 1166 127 196 51 145 121 82 479 412 594 315 98 70 5349 4391 43 616 126 1023 722 679 315
internal_count=22767 11159 11608 5516 7329 6092 3503 413 347 3830 275 2589 2300 1665 456 1209 615 577 411 3090 1308 1286 2930 333 304 1782 557 2115 519 2586 1323 247 215 172 1607 499 635 140 234 495 1166 127 196 51 145 121 82 479 412 594 315 98 70 5349 4391 43 616 126 1023 722 679 315
is_linear=0
shrinkage=0.05


Tree=24
num_leaves=63
num_cat=0
split_feature=2 2 2 2 2 2 11 11 0 2 5 11 11 1 9 5 1 0 0 7 2 0 4 3 5 1 11 1 11 11 1 0 4 11 2 4 11 11 0 10 3 11 3 0 1 11 9 5 5 3 3 11 1 0 3 3 0 7 11 11 5 5
split_gain=107.555 10.7776 8.17124 1.58094 1.31819 1.14861 0.934215 0.990758 0.76191 0.61662 0.577621 0.484747 1.1 1.14212 0.473082 0.447224 1.4109 0.443886 0.371722 0.36539 0.572606 0.43584 0.587935 0.713642 0.573391 0.422588 0.683236 0.415008 0.3289 1.12897 0.624097 0.321749 0.520619 0.428977 0.337521 0.329539 0.412189 0.455735 0.526828 0.309965 0.309553 0.815364 0.529121 0.305947 0.300971 0.290173 0.289702 0.286331 0.39994 0.32069 0.285076 0.366107 0.319279 0.276714 0.393207 0.293051 0.270871 0.315096 0.31406 0.416471 0.283142 0.665281
threshold=429.50000000000006 726.50000000000011 162.50000000000003 908.50000000000011 270.50000000000006 546.50000000000011 105.50000000000001 194.50000000000003 66.500000000000014 1150.5000000000002 913.85000000000002 93.500000000000014 90.500000000000014 69.500000000000014 -0.81241147629688992 923.1500000000002 250.50000000000003 72.500000000000014 171.50000000000003 0.69309523809523821 1068.5000000000002 78.500000000000014 41.150000000000013 4.3500000000000005 915.35000000000002 300.50000000000006 70.500000000000014 492.50000000000006 127.50000000000001 139.50000000000003 55.500000000000007 229.50000000000003 16.250000000000004 114.50000000000001 1102.5000000000002 6549.9500000000007 152.50000000000003 149.50000000000003 131.50000000000003 11.500000000000002 27.850000000000005 268.50000000000006 32.750000000000007 301.50000000000006 10.500000000000002 60.500000000000007 -0.95642797789208678 925.45000000000016 918.25000000000011 -1.8499999999999999 24.650000000000002 262.50000000000006 733.50000000000011 629.50000000000011 29.050000000000004 35.150000000000013 98.500000000000014 10.048809523809526 54.500000000000007 50.500000000000007 922.05000000000007 925.25000000000011
decision_type=2 2 2 2 2 2 2 2 2 2 2 2 2 2 2 2 2 2 2 2 2 2 2 2 2 2 2 2 2 2 2 2 2 2 2 2 2 2 2 2 2 2 2 2 2 2 2 2 2 2 2 2 2 2 2 2 2 2 2 2 2 2
left_child=2 5 17 10 -4 -2 9 8 -8 11 44 12 19 -14 31 40 -17 46 -16 21 -21 22 23 -5 25 -23 27 -27 -7 30 -30 34 33 -33 35 -10 37 38 -37 -6 -9 43 -43 -42 -3 47 -1 48 -26 -50 52 -52 56 55 -55 -45 -12 58 59 60 -58 -62
right_child=1 3 4 6 39 28 7 15 14 -11 50 -13 13 -15 18 16 -18 -19 -20 20 -22 24 -24 -25 45 26 -28 -29 29 -31 -32 32 -34 -35 -36 36 -38 -39 -40 -41 41 42 -44 53 -46 -47 -48 -49 49 -51 51 -53 -54 54 -56 -57 57 -59 -60 -61 61 -63
leaf_value=0.00031553606768201916 0.00013385820095980031 0.0040247541581990252 -0.0030501498352697568 -0.0047946483984085209 -0.0011887326403720391 0.002414989036224122 -0.0023945000022649768 0.0065978960152095938 0.0048182966218066701 -0.0026940905447326489 0.0054240448427846748 0.0079474136374196227 0.007786595082951187 -0.0048484355771758591 0.0033632012686944691 0.0065695996885520016 -0.0057889372646973743 -0.0040907459072915082 0.00037680683114493389 0.0058402950972793674 0.009224256713462213 0.0070182263660591151 0.007953353957174265 0.0057067141836059506 0.0076592978460632115 0 -0.0039376942435846813 0.0070723210366632414 0.0019358990676299421 0.0016931996421891205 -0.0057961622647255961 0.0076042552222598554 0.0061560855259763722 0.00028277415723541605 0.0069388381555900817 0.006717364277183952 0.0045345201227971737 -0.0068788166199832872 -0.0039713901147913578 -0.0040035910446797997 0.0059770587875710799 0.0027278235042854687 -0.0073623094311567831 -0.0015931276418918502 0.0024492432463872772 0.0091418356825001233 -0.0052239287068650987 0.010198384483426925 0.0057078654525961675 -0.0021166687621660169 -0.0032416796561368956 0.0049762666492585636 0.0012950648553669453 -0.0009597762772785639 0.0066969786178146711 0.0057089748066057686 0.0046236488818664802 0.0055177458225491244 0.0043186302059867497 -0.0021425058805769051 -0.0022472515293431882 0.0054182432961841671
leaf_weight=22 1640 406 2081 42 2242 1239 52 499 560 20 500 267 28 49 310 63 36 1188 163 552 172 55 27 26 43 35 37 50 37 1518 82 23 77 163 151 26 79 21 20 104 542 36 20 42 1399 110 4702 26 22 31 29 25 89 20 77 20 120 234 356 48 64 50
leaf_count=22 1640 406 2081 42 2242 1239 52 499 560 20 500 267 28 49 310 63 36 1188 163 552 172 55 27 26 43 35 37 50 37 1518 82 23 77 163 151 26 79 21 20 104 542 36 20 42 1399 110 4702 26 22 31 29 25 89 20 77 20 120 234 356 48 64 50
internal_value=8.92811e-06 0.00314365 -0.00375868 0.0042563 -0.00213225 0.00119314 0.00485994 0.0043336 0.00349965 0.00584833 0.00341976 0.00596036 0.0055494 -0.000184888 0.00369532 0.00534201 0.00202383 -0.00497567 0.00234493 0.00591302 0.00665229 0.00484003 0.00171006 -0.000703516 0.00555423 0.00335466 0.0016577 0.00415387 0.00179542 0.00132332 -0.00335049 0.0042609 0.00268496 0.00121859 0.00473833 0.00425969 0.00208101 -0.000739862 0.00196309 -0.00131581 0.00559939 0.0049338 -0.000793369 0.0053985 0.0028066 0.00720864 -0.00519707 0.00541858 0.00406276 0.00104172 0.00414675 0.000472669 0.00427909 0.00339236 0.00506741 0.000687274 0.0044689 0.00391494 0.00331847 0.00203705 0.0029163 0.00107279
internal_weight=22767 12428 10339 7912 4427 4516 4592 3000 1645 1592 3320 1572 1305 77 1593 1355 99 5912 473 1228 724 504 95 68 409 177 122 85 2876 1637 119 1120 263 186 857 706 146 67 46 2346 1256 757 56 701 1805 232 4724 122 96 53 1515 54 1461 159 97 62 1372 872 638 282 234 114
internal_count=22767 12428 10339 7912 4427 4516 4592 3000 1645 1592 3320 1572 1305 77 1593 1355 99 5912 473 1228 724 504 95 68 409 177 122 85 2876 1637 119 1120 263 186 857 706 146 67 46 2346 1256 757 56 701 1805 232 4724 122 96 53 1515 54 1461 159 97 62 1372 872 638 282 234 114
is_linear=0
shrinkage=0.05


Tree=25
num_leaves=63
num_cat=0
split_feature=2 2 2 2 5 2 10 11 2 0 2 1 5 0 11 5 0 8 1 11 11 0 11 1 5 5 11 11 0 11 11 11 11 11 1 11 11 0 11 11 5 0 5 4 11 4 1 11 11 0 11 10 10 8 0 4 8 2 5 11 2 11
split_gain=99.3067 10.1566 6.99885 1.60255 0.985723 0.909845 0.814124 1.61513 0.719233 0.698844 0.642298 0.592005 0.593742 0.746379 0.586294 0.562432 0.534079 0.547042 0.527453 0.483765 1.00785 0.473955 0.524776 0.505673 0.430808 0.527946 0.421695 1.06389 0.780894 0.456847 0.401748 0.688297 0.39951 0.912335 1.11319 0.393923 0.517588 0.392962 0.379332 1.22665 0.598235 0.350266 0.360999 0.43256 0.341987 0.341852 0.651922 0.319974 0.372251 0.29476 0.292839 0.285535 0.279788 0.279442 0.245928 0.259292 0.240292 0.234729 0.233444 0.231589 0.221411 0.221095
threshold=417.50000000000006 699.50000000000011 188.50000000000003 999.50000000000011 906.35000000000002 540.50000000000011 5.5000000000000009 133.50000000000003 291.50000000000006 77.500000000000014 1150.5000000000002 36.500000000000007 914.95000000000016 74.500000000000014 270.50000000000006 917.85000000000002 173.50000000000003 -0.52778511650980109 23.500000000000004 298.50000000000006 294.50000000000006 84.500000000000014 166.50000000000003 348.50000000000006 906.45000000000016 912.95000000000016 126.50000000000001 129.50000000000003 213.50000000000003 276.50000000000006 127.50000000000001 139.50000000000003 58.500000000000007 26.500000000000004 69.500000000000014 139.50000000000003 142.50000000000003 237.50000000000003 90.500000000000014 93.500000000000014 923.95000000000016 68.500000000000014 925.45000000000016 16.450000000000003 42.500000000000007 8.1500000000000004 289.50000000000006 183.50000000000003 128.50000000000003 92.500000000000014 272.50000000000006 11.500000000000002 2.5000000000000004 0.5277851165098012 199.50000000000003 9.3500000000000032 -0.41248606129204551 1081.5000000000002 919.85000000000002 260.50000000000006 846.50000000000011 121.50000000000001
decision_type=2 2 2 2 2 2 2 2 2 2 2 2 2 2 2 2 2 2 2 2 2 2 2 2 2 2 2 2 2 2 2 2 2 2 2 2 2 2 2 2 2 2 2 2 2 2 2 2 2 2 2 2 2 2 2 2 2 2 2 2 2 2
left_child=2 5 9 4 6 -2 7 61 -4 -1 11 -5 16 15 49 -14 21 54 59 20 26 22 24 -24 -13 45 32 28 -28 -29 -23 -32 33 -20 -35 -9 -37 -19 52 -40 -41 44 43 -43 -36 -26 -47 48 -12 -8 -33 -10 56 -7 55 -18 -15 -27 -45 60 -6 -3
right_child=1 3 8 10 18 53 14 35 51 -11 47 12 13 38 -16 -17 17 37 19 -21 -22 30 23 -25 25 57 27 29 -30 -31 31 50 -34 34 41 36 -38 -39 39 40 -42 42 -44 58 -46 46 -48 -49 -50 -51 -52 -53 -54 -55 -56 -57 -58 -59 -60 -61 -62 -63
leaf_value=-0.004897483195198225 7.5022120817461939e-05 0.0039525590094087312 -0.0026054191885996354 0.0062185590321828079 0.0042727168475227735 0.0017391222983908342 0.0044312546632338801 -0.0060184766837674793 -0.0010737606732968631 -0.0036214841081759564 -0.002181290500415867 -0.0038794098108837064 0.0073608900705606738 0.0074836646436188233 -0.004963043591031821 -0.0012955915601658137 -0.0073602620141483589 0.0054488825277188759 0.0048296975297422995 0.0049511544641103779 -0.0051822008803868906 0.0070248828561141844 -0.0011128427785130875 0.0076353135283699566 0.010452711278510884 0.0012072056160804413 -0.010817599867495541 0.0022579416795737899 0.002129739997398794 0.0067588290532610285 -0.0029734605084784662 0.0053998376086888331 0.0043536252967403665 -0.0050912995593955894 0.0033531733453526624 0.0047932579694130268 -0.0045313995163191179 0.0013821113612292606 -0.0051427069915836801 0.0068250604051764245 -0.0019771453419431526 0.0064369173324515406 0.0082229851562286103 0.0017946784520427748 -0.0047765831268110938 0.0089525949024436887 -0.0019118210588285394 -0.0047119358424745975 0.0050808962555641745 0.0026923256513256082 -4.0693909107926348e-05 -0.0040642630164954736 0.0087739448289273162 -6.2544553382497913e-06 0.0011703556804773608 0.00036364909984282592 0.0018736120602348173 -0.0058712750543557582 -0.0037762525178959743 0.0034986839399697048 0.0058438304145176957 0.00045644938425284487
leaf_weight=5193 1756 165 1902 812 462 2250 349 83 1768 1400 27 35 27 49 22 59 21 142 265 476 35 238 20 74 21 26 26 514 20 65 29 296 1006 63 22 25 36 109 26 242 20 46 32 95 30 24 31 20 47 939 25 85 207 249 91 20 36 20 23 318 526 67
leaf_count=5193 1756 165 1902 812 462 2250 349 83 1768 1400 27 35 27 49 22 59 21 142 265 476 35 238 20 74 21 26 26 514 20 65 29 296 1006 63 22 25 36 109 26 242 20 46 32 95 30 24 31 20 47 939 25 85 207 249 91 20 36 20 23 318 526 67
internal_value=-5.55862e-06 0.00294615 -0.00364547 0.0039442 0.00346099 0.000950245 0.00243783 0.000371675 -0.0019201 -0.00462735 0.00492978 0.00507159 0.00457535 0.00579262 0.00302697 0.00136946 0.00390742 0.00233282 0.00388836 0.00348419 0.0031703 0.0046199 0.00275822 0.00572166 0.000949588 0.00237795 0.00330525 0.00218569 -0.00508745 0.00277294 0.00540549 0.00428833 0.00374423 0.00267065 0.000813922 -0.00377105 -0.000626395 0.003704 0.0064395 0.00509678 0.00613356 0.00233564 0.00331026 0.00231678 -0.00124127 0.00495206 0.00274591 0.000802203 0.00236434 0.0031677 0.00496067 -0.00121385 0.0077445 0.00156322 -0.000237493 -0.00347913 0.00517139 -0.00176799 0.000664204 0.00472536 0.00511473 0.00296508
internal_weight=23107 12759 10348 8504 5710 4255 1686 376 3755 6593 2794 2700 1888 666 1310 86 1222 383 4024 2718 2242 839 251 94 157 122 2207 625 46 579 588 350 1582 576 311 144 61 251 580 288 262 248 196 164 52 76 55 94 74 1288 321 1853 292 2499 132 41 85 46 118 1306 988 232
internal_count=23107 12759 10348 8504 5710 4255 1686 376 3755 6593 2794 2700 1888 666 1310 86 1222 383 4024 2718 2242 839 251 94 157 122 2207 625 46 579 588 350 1582 576 311 144 61 251 580 288 262 248 196 164 52 76 55 94 74 1288 321 1853 292 2499 132 41 85 46 118 1306 988 232
is_linear=0
shrinkage=0.05


Tree=26
num_leaves=63
num_cat=0
split_feature=2 2 2 2 2 11 11 3 0 2 0 0 5 2 0 5 1 5 11 0 3 2 0 8 1 1 3 3 10 0 8 2 11 11 5 5 5 11 11 1 3 0 11 1 1 7 0 8 5 11 11 11 7 5 10 5 8 8 11 11 5 0
split_gain=89.6488 9.45682 6.07419 1.47729 0.875886 0.849094 2.12748 1.2383 1.00036 0.718576 0.502699 0.48312 0.428353 0.404129 0.382186 0.423036 1.15495 0.45112 0.883586 0.377455 0.362904 0.317046 0.412567 0.310242 0.303045 1.08712 0.382095 0.463618 0.28738 0.283992 0.283718 0.275402 0.463019 0.980472 0.367108 0.272833 0.269831 0.54042 0.265073 0.525117 0.245895 0.242931 0.22243 0.221977 0.206051 0.306755 0.411881 0.373116 0.203892 0.323791 0.441527 0.41909 0.199031 0.243288 0.360852 0.325872 0.264377 0.194394 0.19353 0.823663 0.531404 0.248856
threshold=410.50000000000006 699.50000000000011 174.50000000000003 866.50000000000011 521.50000000000011 121.50000000000001 139.50000000000003 28.450000000000003 80.500000000000014 291.50000000000006 119.50000000000001 73.500000000000014 905.45000000000016 1150.5000000000002 141.50000000000003 923.75000000000011 763.50000000000011 909.75000000000011 272.50000000000006 554.50000000000011 1.3500000000000003 1112.5000000000002 209.50000000000003 0.5277851165098012 18.500000000000004 119.50000000000001 26.450000000000003 24.150000000000002 11.500000000000002 85.500000000000014 0.065403129230143103 1018.5000000000001 46.500000000000007 32.500000000000007 921.45000000000016 907.55000000000007 916.45000000000016 56.500000000000007 153.50000000000003 289.50000000000006 10.250000000000002 59.500000000000007 46.500000000000007 551.50000000000011 23.500000000000004 2.2943802521008405 215.50000000000003 -0.47114434510950048 905.6500000000002 155.50000000000003 133.50000000000003 138.50000000000003 10.048809523809526 922.25000000000011 2.5000000000000004 925.45000000000016 -0.32143946530316164 0.77259657388510639 81.500000000000014 86.500000000000014 916.55000000000007 119.50000000000001
decision_type=2 2 2 2 2 2 2 2 2 2 2 2 2 2 2 2 2 2 2 2 2 2 2 2 2 2 2 2 2 2 2 2 2 2 2 2 2 2 2 2 2 2 2 2 2 2 2 2 2 2 2 2 2 2 2 2 2 2 2 2 2 2
left_child=2 4 11 10 -2 13 7 8 -7 40 20 -1 -10 19 15 17 29 18 24 31 -3 30 -23 48 -8 -26 27 -27 -11 -17 -16 44 33 -33 43 38 37 -12 39 -28 41 -4 -22 -35 -5 -46 47 -47 49 50 -6 -52 53 -38 55 56 -55 -42 -34 -60 -61 -62
right_child=1 3 9 5 23 6 14 -9 12 28 36 -13 -14 -15 21 16 -18 -19 -20 -21 42 22 -24 -25 25 26 35 -29 -30 -31 -32 32 58 34 -36 -37 52 -39 -40 -41 57 -43 -44 -45 45 46 -48 -49 -50 -51 51 -53 -54 54 -56 -57 -58 -59 59 60 61 -63
leaf_value=-0.0046838203930777934 -6.7794819165333095e-05 0.0049720681560919107 -0.0047354787025403111 0.0054627002612494275 0.0017843517603881001 -0.0047265952980324114 0.0055744502995576624 -0.005107522086304171 -0.0012158750807792886 -0.0010527826385442383 -0.0050874423561488857 -0.0035915650886994676 0.0041224245981495763 -0.001447736026791783 0.0040002693946855064 0.0088565883851142689 -0.0082765458853213802 0.0061869334972856887 -0.0047168723100589382 0.00743718837184946 -0.0010368565858598564 0.0041335062726766143 -0.0025419471210973402 -6.6204381060688339e-05 -0.0026812140142189246 0.005098687404867153 0.0069981160021610382 -0.0047025940183905643 -0.0041622449232409002 0.00095691912811555905 0.0013577516492941635 0.008991356986210005 0.0069544740944467442 -0.00028612337357165218 0.0038981241260885808 0.0087550870052067863 0.0037463781255876816 0.0020086996160717462 0.0049259306594077422 -0.0030410553678687528 -0.0019299005257667268 -0.0026343908718938535 0.0032085707404332954 -0.0070836104319398456 0.004394235008449778 -0.0054379726100540673 0.0039626657487043344 0.0019988433828400649 0.0018626458889390365 0.0014619510244968329 -0.0075757750242225579 -0.00044434343612457285 0.0045289851023089037 -0.0081469547795763927 0.0037300117944091232 0.0019133313937717692 0 -0.0033767362725736932 -0.0044964586806237987 0.0064643124062179376 0.0057434925455515737 -0.00073236880133773549
leaf_weight=4975 1559 356 229 325 69 49 418 86 45 1686 27 1333 192 23 989 26 23 468 26 161 30 44 48 310 58 24 22 24 79 23 120 41 334 34 31 44 164 1141 403 31 1258 399 973 20 714 28 106 41 1848 470 37 50 195 22 63 39 20 301 20 369 22 42
leaf_count=4975 1559 356 229 325 69 49 418 86 45 1686 27 1333 192 23 989 26 23 468 26 161 30 44 48 310 58 24 22 24 79 23 120 41 334 34 31 44 164 1141 403 31 1258 399 973 20 714 28 106 41 1848 470 37 50 195 22 63 39 20 301 20 369 22 42
internal_value=-5.1358e-06 0.00277783 -0.00349029 0.00374745 0.000878029 0.00423969 0.00370091 0.00013504 0.00173019 -0.00195095 0.00285642 -0.00445386 0.00308765 0.00497475 0.00417437 0.00469237 0.000860937 0.00487073 0.00427879 0.00504156 0.00357708 0.0034841 0.000597394 0.00140946 0.00451252 0.00377098 0.00446336 9.45083e-05 -0.00119502 0.00525991 0.00371899 0.00485753 0.0055348 0.00264583 -0.000363169 0.00487267 0.00226714 0.00183996 0.00448525 0.00103732 -0.00255865 -0.00340914 0.00307651 -0.00290457 0.00434365 0.00392836 0.00199763 -0.000950138 0.00159638 0.000802171 -0.00115326 -0.00353987 0.00324859 0.00242051 0.000874244 -0.00128712 -0.00437521 -0.00221265 0.00599058 0.00526748 0.00573095 0.00142119
internal_weight=23107 12847 10260 8504 4343 5474 3163 372 286 3952 3030 6308 237 2311 2791 1590 72 1518 1050 2288 1359 1201 92 2784 1024 606 548 48 1765 49 1109 2127 913 126 85 500 1671 1168 456 53 2187 628 1003 54 1214 889 175 69 2474 626 156 87 503 308 144 81 42 1559 787 453 433 64
internal_count=23107 12847 10260 8504 4343 5474 3163 372 286 3952 3030 6308 237 2311 2791 1590 72 1518 1050 2288 1359 1201 92 2784 1024 606 548 48 1765 49 1109 2127 913 126 85 500 1671 1168 456 53 2187 628 1003 54 1214 889 175 69 2474 626 156 87 503 308 144 81 42 1559 787 453 433 64
is_linear=0
shrinkage=0.05


Tree=27
num_leaves=63
num_cat=0
split_feature=2 2 2 2 5 2 10 11 2 3 2 11 1 5 0 0 9 5 1 2 11 5 7 5 0 0 0 11 1 3 5 10 0 11 11 3 5 11 11 5 5 0 11 11 11 11 11 0 3 0 7 5 11 10 10 0 3 11 1 11 5 0
split_gain=80.9274 8.84314 5.20743 1.34447 0.845802 0.842556 0.690894 1.41022 0.585838 0.570169 0.526871 0.518598 0.504151 0.50933 0.626395 0.473409 0.492892 0.472381 0.445284 0.437558 0.411684 0.481154 1.69041 0.544724 0.519218 1.04281 0.393866 0.450077 0.434724 0.4101 0.672778 0.346739 0.342646 0.33961 0.579346 0.326729 0.319346 0.309548 1.09614 0.501907 0.300349 0.275034 0.274891 0.318474 0.26122 0.500594 0.598194 0.623146 0.268523 0.275586 0.252866 0.290613 0.249205 0.241755 0.230709 0.226629 0.226388 0.226025 0.259866 0.333601 0.246142 0.384708
threshold=404.50000000000006 699.50000000000011 174.50000000000003 999.50000000000011 906.35000000000002 521.50000000000011 5.5000000000000009 133.50000000000003 265.50000000000006 32.550000000000004 1150.5000000000002 270.50000000000006 36.500000000000007 914.95000000000016 74.500000000000014 173.50000000000003 -0.84874750804349197 917.85000000000002 23.500000000000004 81.500000000000014 316.50000000000006 922.45000000000016 0.10087658681408683 925.45000000000016 136.50000000000003 311.50000000000006 84.500000000000014 166.50000000000003 348.50000000000006 24.550000000000004 912.95000000000016 11.500000000000002 237.50000000000003 127.50000000000001 139.50000000000003 29.950000000000003 905.85000000000002 90.500000000000014 93.500000000000014 923.95000000000016 916.85000000000002 251.50000000000003 183.50000000000003 128.50000000000003 276.50000000000006 126.50000000000001 129.50000000000003 213.50000000000003 9.9500000000000011 191.50000000000003 0.25148814796442626 905.35000000000002 272.50000000000006 2.5000000000000004 1.5000000000000002 199.50000000000003 -0.44999999999999996 268.50000000000006 109.50000000000001 137.50000000000003 907.25000000000011 260.50000000000006
decision_type=2 2 2 2 2 2 2 2 2 2 2 2 2 2 2 2 2 2 2 2 2 2 2 2 2 2 2 2 2 2 2 2 2 2 2 2 2 2 2 2 2 2 2 2 2 2 2 2 2 2 2 2 2 2 2 2 2 2 2 2 2 2
left_child=2 5 19 4 6 -2 7 35 -4 -9 12 41 -5 15 17 26 32 -15 -6 -1 21 40 -23 24 54 -26 27 29 -29 30 -14 -10 -17 -28 -35 36 -3 53 -39 -40 44 -8 43 -12 45 48 47 -47 49 -20 -31 -52 -36 -16 -24 -18 -7 58 60 -60 -48 -62
right_child=1 3 8 10 18 56 11 9 31 -11 42 -13 13 14 37 16 55 -19 20 -21 -22 22 23 -25 25 -27 33 28 -30 50 -32 -33 -34 34 52 -37 -38 38 39 -41 -42 -43 -44 -45 -46 46 57 -49 -50 -51 51 -53 -54 -55 -56 -57 -58 -59 59 -61 61 -63
leaf_value=-0.0045609687114428624 -8.1037600015856082e-05 0.0046267867624214453 -0.002582420411390235 0.0056512572215366005 0.0042832385491909019 0.0022617126463535288 0.0032346598767390398 -0.0050283591634906078 -0.0011944406561035354 0.0032948631538209576 -0.002024587440713415 -0.0048010061776035829 0.0081760751871817455 0.0066982052725399546 0.0046378804530541294 0.0049626565518029395 -0.0035166307767159747 -0.0012330592255377526 0.0031060555811841905 -0.0036847069873696503 0.0050021240890133741 -0.012215247170418097 0.0057664383266803959 0.004106319620212376 -0.0065638987301000519 0.0059909367103339268 0.0063924815793603255 -0.00109452020691995 0.0070042161811419675 -0.0044055617412148895 -0.0011255722243602819 -0.0043553970653531391 0.0011631527819028799 -0.0027828834963725606 0.0048947825971942856 -0.0014546063095526745 -0.00010826217407643659 -0.0050406633044853518 0.0062506837188314309 -0.0017959623268587672 0.0041673188128161882 0.0014286098430347622 -0.0043865978217391818 0.004685948327857993 0.0048854814919899693 -0.010135313524649693 0.0044280243055218483 0.0018660091873795833 0.0037911056697663608 -0.001051695398667535 -0.0029928541654229753 0.0054420352352792349 -0.00011215065216341342 0.0079945546332503906 -0.00050108587259755407 0.00093917885793191012 0.0011119365909016867 -0.00093868719274410584 -0.0013928722763788953 0.0034270302007651052 -0.0059453619087108736 0.002105686459748333
leaf_weight=3928 1662 150 1724 812 1306 545 1007 120 2033 24 27 22 38 27 85 142 41 59 102 2380 275 22 37 158 56 23 238 20 74 41 38 92 109 29 296 38 44 26 242 20 601 281 20 47 144 22 20 20 688 63 20 20 25 207 22 91 2239 60 39 308 30 28
leaf_count=3928 1662 150 1724 812 1306 545 1007 120 2033 24 27 22 38 27 85 142 41 59 102 2380 275 22 37 158 56 23 238 20 74 41 38 92 109 29 296 38 44 26 242 20 601 281 20 47 144 22 20 20 688 63 20 20 25 207 22 91 2239 60 39 308 30 28
internal_value=-4.84679e-06 0.00261549 -0.00334621 0.00356039 0.00311758 0.000806978 0.00216944 0.000265318 -0.00189444 -0.00360513 0.00446341 0.00271209 0.00459188 0.00413333 0.00526142 0.00351404 0.00203111 0.0012038 0.00351353 -0.00423121 0.00314171 0.00293005 0.0010917 0.0021014 -0.000159183 -0.00284253 0.00418472 0.00248426 0.00522861 0.000807028 0.00346418 -0.00133384 0.00333371 0.00490154 0.00387189 0.00268973 0.0035276 0.00585414 0.004636 0.00561691 0.00320273 0.00284466 0.000719142 0.00217061 0.00281881 0.0025992 0.00137114 -0.00431078 0.00335181 0.00148859 -0.00162565 0.00110296 0.00448935 0.00703648 0.0033479 -0.000408587 0.00133889 0.00187427 0.00228328 0.00287066 -0.000266099 -0.00197566
internal_weight=23107 12950 10157 8504 5710 4446 1686 376 3849 144 2794 1310 2700 1888 666 1222 383 86 4024 6308 2718 2443 318 296 138 79 839 251 94 157 76 2125 251 588 350 232 194 580 288 262 2125 1288 94 74 1524 1380 527 42 853 165 81 40 321 292 59 132 2784 485 425 347 78 58
internal_count=23107 12950 10157 8504 5710 4446 1686 376 3849 144 2794 1310 2700 1888 666 1222 383 86 4024 6308 2718 2443 318 296 138 79 839 251 94 157 76 2125 251 588 350 232 194 580 288 262 2125 1288 94 74 1524 1380 527 42 853 165 81 40 321 292 59 132 2784 485 425 347 78 58
is_linear=0
shrinkage=0.05


Tree=28
num_leaves=63
num_cat=0
split_feature=0 8 9 9 0 9 8 9 0 0 8 9 4 4 0 7 7 10 3 5 4 11 9 0 3 0 3 0 5 3 4 4 11 11 3 11 11 7 3 11 10 0 11 4 3 7 11 11 8 9 7 8 11 7 0 11 7 5 5 3 11 11
split_gain=37.2957 13.1701 13.8197 2.31499 1.76128 1.67766 1.46666 1.48378 1.19354 1.16058 0.796804 1.1544 0.709087 0.889049 0.578752 0.558629 0.544089 0.656467 0.484303 0.484254 0.657013 0.51703 0.480698 0.475512 0.473897 0.454321 0.444948 0.42491 0.422418 0.830719 0.415567 0.398728 0.434855 0.522219 0.39433 0.712856 0.716655 0.388542 0.356666 0.353132 0.689138 0.423264 0.400832 0.352335 0.350676 0.344639 0.329664 0.708645 0.315289 0.313032 0.306335 0.305686 0.304316 0.302855 0.319052 0.302154 0.393574 0.411076 0.30025 0.287565 0.287061 0.28649
threshold=55.500000000000007 0.41248606129204562 -0.41248606129204529 -0.065403129230142923 45.500000000000007 -0.70710678118654757 0.065403129230143103 -0.72947329433276253 173.50000000000003 448.50000000000006 0.41248606129204562 -0.2269546835593246 5.1500000000000012 65.15000000000002 125.50000000000001 0.32838028790956469 8.2331050228310527 11.500000000000002 33.150000000000013 905.1500000000002 14.450000000000001 8.5000000000000018 -0.88144907265856332 353.50000000000006 0.65000000000000002 413.50000000000006 30.650000000000002 305.50000000000006 923.35000000000002 2.8500000000000001 32.350000000000001 18.850000000000005 36.500000000000007 44.500000000000007 25.050000000000004 146.50000000000003 135.50000000000003 2.9127717391304353 33.650000000000013 124.50000000000001 5.5000000000000009 75.500000000000014 54.500000000000007 15.15 -4.4499999999999993 1.1197826086956526 124.50000000000001 136.50000000000003 -0.9103761370219875 -0.58216583101416131 0.10918733692579145 -0.98611507088852024 260.50000000000006 0.1781560900222158 118.50000000000001 56.500000000000007 8.0102040816326561 922.25000000000011 909.75000000000011 26.950000000000003 109.50000000000001 38.500000000000007
decision_type=2 2 2 2 2 2 2 2 2 2 2 2 2 2 2 2 2 2 2 2 2 2 2 2 2 2 2 2 2 2 2 2 2 2 2 2 2 2 2 2 2 2 2 2 2 2 2 2 2 2 2 2 2 2 2 2 2 2 2 2 2 2
left_child=4 2 6 15 22 24 7 8 28 12 11 -6 27 19 46 -4 -8 23 52 -14 -21 -22 30 26 -3 45 -18 60 31 37 -1 34 -33 53 -2 36 -36 43 39 42 41 -41 -17 -30 -35 -16 50 -48 -24 -7 -9 -5 -11 -34 -55 56 57 -47 -29 -37 -10 -23
right_child=1 5 3 51 10 49 16 14 9 18 -12 -13 13 -15 25 38 17 -19 -20 20 21 61 48 -25 -26 -27 -28 58 29 -31 -32 32 33 44 35 59 -38 -39 -40 40 -42 -43 -44 -45 -46 55 47 -49 -50 -51 -52 -53 -54 54 -56 -57 -58 -59 -60 -61 -62 -63
leaf_value=0.0061361589206391457 0.0058690115996618544 -0.0027530664957840702 0.0019585075156339084 -0.0016772687311632742 0.0021902014008692702 -0.0024072766377244608 0.0021905001513518397 -0.00053751144632484846 0.0070898888180580795 0.0062984460561127525 -0.0034400125773222192 -0.0022732545022632893 -0.00058795272580307052 0.0043319282393711189 0.0023864938728827543 -0.0011129348584892756 -0.00013993893919510893 -0.0053069682529827116 -0.0022870021554831396 0.0034197990079713881 0.0047430818608628312 -0.0012062792768874852 -0.003489770566054911 0.0034670585894268895 -0.00045549093094040237 0.0038269457154286157 0.0025231818578987531 0.00011859598523279495 -0.0010180403863019611 -0.0044076725742910675 -0.0035222786434349557 0.0053658635118455835 -0.0054240291559719944 -0.0011065571504129278 0.004521784086074696 -0.00031405707539447557 -0.0076235225787794451 0.00094241969579048849 0.0014138456276987399 -0.010673228267467383 -0.00039480515555497897 -0.0031506342363176371 0.0013994466635637883 0.0058841565726766116 0.0037031209833240084 -0.0010362297002182372 -0.0060876110093705206 0.0024387744268230755 -0.004467983799885774 -0.0039418980884353373 0.0041894956861078898 -0.003045410153170414 0.0029037825650686582 0.006096842288635022 -0.002525766413001453 0.00102168994209387 0.00063525302751677327 -0.0086235714473047922 0.0047801486720880169 0.0047958627442656436 0.0038366299796066812 0.0010542419680898776
leaf_weight=21 655 265 400 1090 221 754 1597 35 113 300 473 417 280 285 371 283 644 43 20 385 80 183 1229 162 1530 170 206 102 20 39 23 307 25 38 23 27 25 104 296 23 435 125 359 135 837 51 25 597 2969 639 461 684 93 20 22 835 121 29 54 568 204 580
leaf_count=21 655 265 400 1090 221 754 1597 35 113 300 473 417 280 285 371 283 644 43 20 385 80 183 1229 162 1530 170 206 102 20 39 23 307 25 38 23 27 25 104 296 23 435 125 359 135 837 51 25 597 2969 639 461 684 93 20 22 835 121 29 54 568 204 580
internal_value=-4.55108e-06 0.00109824 0.00173551 -0.000905124 -0.00366301 -0.00181186 0.00263351 0.00296414 0.00343466 0.00267183 -0.00188227 -0.000719199 0.00222345 0.00176394 0.00199775 0.000295264 0.00160689 0.000718579 0.00511871 0.00127505 0.00170392 0.000914028 -0.00412816 0.000980045 -0.000797607 0.00137457 0.000499815 0.003954 0.00415111 0.00233228 0.000977513 0.00436185 0.0037076 0.00316135 0.00498722 0.00408043 -0.00170264 0.00336778 -0.000138956 -0.00051833 -0.00141052 -0.00435986 0.000284176 0.00496123 0.00348843 0.00107446 0.00287211 0.00208711 -0.00418288 -0.00311506 0.00384582 -0.00220774 0.00550879 -0.00103452 0.0014662 0.0005996 -0.00112863 -0.0038564 0.00176627 0.00455557 0.00501395 0.000505433
internal_weight=23107 17754 14566 3695 5353 3188 10871 8219 5524 2679 1111 638 2266 1793 2695 1921 2652 1055 413 1508 1228 843 4242 1012 1795 1577 850 473 2845 298 44 2547 1249 942 1298 643 48 259 1521 1225 583 148 642 155 875 1407 1118 622 4198 1393 496 1774 393 67 42 1036 201 80 156 595 317 763
internal_count=23107 17754 14566 3695 5353 3188 10871 8219 5524 2679 1111 638 2266 1793 2695 1921 2652 1055 413 1508 1228 843 4242 1012 1795 1577 850 473 2845 298 44 2547 1249 942 1298 643 48 259 1521 1225 583 148 642 155 875 1407 1118 622 4198 1393 496 1774 393 67 42 1036 201 80 156 595 317 763
is_linear=0
shrinkage=0.05


Tree=29
num_leaves=63
num_cat=0
split_feature=2 2 2 2 11 11 0 2 0 0 4 4 4 2 11 8 4 0 0 7 11 11 1 2 0 1 11 0 8 11 11 11 1 8 11 7 4 4 4 11 0 7 11 11 7 7 8 10 1 1 7 0 11 11 2 1 11 11 2 2 1 11
split_gain=67.1102 7.20144 4.28942 1.134 0.727132 1.70558 0.900124 0.711257 0.469672 0.427453 0.412924 0.615486 0.550617 0.442836 0.540663 0.557465 0.403826 0.401686 0.383343 0.64055 0.474745 0.578691 0.432884 0.375431 0.351897 0.345197 0.397343 0.323872 0.29748 0.276496 0.342843 0.559001 0.327253 0.303323 0.281526 0.365483 0.27592 0.376886 0.275411 0.257852 0.254706 0.251004 0.249694 0.246438 0.242522 0.228549 0.226819 0.226626 0.225972 0.473967 0.302602 0.223863 0.210814 0.228539 0.423466 0.207398 0.309054 0.303287 0.235087 0.222643 0.206649 0.203165
threshold=404.50000000000006 699.50000000000011 193.50000000000003 846.50000000000011 121.50000000000001 144.50000000000003 103.50000000000001 540.50000000000011 80.500000000000014 107.50000000000001 2.0500000000000003 38.050000000000004 17.650000000000002 1137.5000000000002 70.500000000000014 -0.58216583101416164 21.650000000000002 118.50000000000001 423.50000000000006 0.36720956920903963 126.50000000000001 139.50000000000003 237.50000000000003 291.50000000000006 479.50000000000006 360.50000000000006 68.500000000000014 73.500000000000014 -0.63405362205439475 196.50000000000003 183.50000000000003 184.50000000000003 127.50000000000001 -0.58216583101416164 170.50000000000003 0.29012276525229896 6547.8500000000013 3.8500000000000001 31.150000000000002 294.50000000000006 197.50000000000003 5.336879432624114 150.50000000000003 142.50000000000003 7.5300120048019217 0.16073700461537219 0.35206144883412582 11.500000000000002 497.50000000000006 32.500000000000007 0.41307911617961518 280.50000000000006 89.500000000000014 58.500000000000007 995.50000000000011 194.50000000000003 298.50000000000006 268.50000000000006 918.50000000000011 1102.5000000000002 16.500000000000004 26.500000000000004
decision_type=2 2 2 2 2 2 2 2 2 2 2 2 2 2 2 2 2 2 2 2 2 2 2 2 2 2 2 2 2 2 2 2 2 2 2 2 2 2 2 2 2 2 2 2 2 2 2 2 2 2 2 2 2 2 2 2 2 2 2 2 2 2
left_child=2 7 8 17 10 6 -6 -2 -1 28 -5 12 13 14 27 24 52 46 19 36 22 51 -21 -4 -16 41 -27 45 39 30 32 -32 33 -11 35 -34 37 -8 -20 48 -37 -18 -30 -23 -43 -12 -3 -25 49 -7 -51 -22 53 54 -14 58 57 -57 -31 60 -60 -19
right_child=1 3 23 4 5 9 18 -9 -10 29 11 -13 16 -15 15 -17 25 61 38 20 21 43 -24 47 -26 26 -28 -29 42 55 31 -33 34 -35 -36 40 -38 -39 -40 -41 -42 44 -44 -45 -46 -47 -48 -49 -50 50 -52 -53 -54 -55 -56 56 -58 -59 59 -61 -62 -63
leaf_value=-0.0040033559896721265 3.0572430145746832e-05 0.0033394475043823529 -0.0021183879003855988 0.0060706479508556834 -0.0036648059204794844 0.0049865105899779515 0.0063660218257355489 0.0013079273704947815 -0.0029552209663745114 -0.0036193160967636865 -0.0019136188116360021 0.0051425764400189452 -0.0037705438687834895 -0.0028368059528898868 -0.00057161568264237983 0.0041657533253466146 0.0066531730601052845 0.0036817021574549313 0.0019267299631713763 -0.0022344652447269897 -0.0078046739650812786 0.0050378112805105442 0.0051240853558675919 -0.00093533043128660404 0.0053515243049788849 -0.00097081007681760448 0.0053352175503664058 0.0060721569521502124 0.008929631053029425 0.0025697598732806019 -0.0069289673000848262 0.0014760587619676432 -0.001387848066326207 0.0024311435016754427 0.0053751378367521375 0.0050918070668808249 0.0067098696367491389 -0.002415779517305637 0.0080865664071679295 -0.0020108099543042 0.0016061563837392332 -0.00069757349721614689 0.0046709004355534054 -0.0017291155651850438 0.0048255901345921198 0.0052900807181401038 0.0013788714034941635 -0.0037727994067078535 0.0056622110937737538 0.0026594265176117281 -0.0032549772122032125 -0.0011803800490365101 0.0034460727242251162 -0.0048461773651283339 0.0039385098435108512 0.0037852654619154277 0.0044964846969964088 -0.0012287820343820925 0.0041724069641855032 -0.00040793150875240706 0.0066614281802102387 0.0016092552700213425
leaf_weight=5304 1947 1040 1796 296 106 84 21 2499 1395 33 23 810 35 22 125 380 73 135 45 33 48 22 48 1587 31 84 35 365 39 246 23 136 47 55 140 112 49 28 34 23 109 33 782 33 45 20 183 75 78 43 43 20 27 34 36 47 85 82 530 21 110 1317
leaf_count=5304 1947 1040 1796 296 106 84 21 2499 1395 33 23 810 35 22 125 380 73 135 45 33 48 22 48 1587 31 84 35 365 39 246 23 136 47 55 140 112 49 28 34 23 109 33 782 33 45 20 183 75 78 43 43 20 27 34 36 47 85 82 530 21 110 1317
internal_value=-4.29831e-06 0.00238186 -0.0030471 0.00323458 0.00362739 0.00314199 0.000394549 0.000749684 -0.00378589 0.00360675 0.00428346 0.00403801 0.00338 0.00403137 0.00419701 0.00313062 0.00180174 0.00237665 0.00153771 0.000706301 -0.000869774 -0.00284345 0.00206545 -0.00161437 0.000576062 0.00291193 0.000844845 0.00558459 0.00439678 0.00311794 0.00228011 0.00022522 0.00292858 0.000103935 0.00352539 0.00253881 0.00403562 0.00125132 0.00464788 0.00291209 0.00339676 0.00450623 0.00488036 0.000891142 0.00242695 0.00132543 0.00305031 -0.0010666 0.00338942 0.00231451 -0.000240049 -0.00593437 -0.000431733 -0.00147879 6.79904e-05 0.00360278 0.00214878 0.000560829 0.00394006 0.004442 0.00460899 0.00180563
internal_weight=23107 12950 10157 8504 5829 3355 487 4446 6699 2868 2474 2178 1368 966 944 536 402 2675 381 302 204 123 81 3458 156 270 119 408 1092 1776 655 159 496 88 408 268 98 49 79 271 221 151 821 55 78 43 1223 1662 248 170 86 68 132 105 71 1121 214 129 907 661 640 1452
internal_count=23107 12950 10157 8504 5829 3355 487 4446 6699 2868 2474 2178 1368 966 944 536 402 2675 381 302 204 123 81 3458 156 270 119 408 1092 1776 655 159 496 88 408 268 98 49 79 271 221 151 821 55 78 43 1223 1662 248 170 86 68 132 105 71 1121 214 129 907 661 640 1452
is_linear=0
shrinkage=0.05


Tree=30
num_leaves=63
num_cat=0
split_feature=2 2 2 2 2 5 11 11 11 11 6 1 1 6 3 4 6 11 11 4 3 5 11 3 10 3 3 4 11 11 2 4 11 6 5 3 10 8 6 3 3 6 11 11 11 11 3 4 4 3 4 11 11 5 1 11 4 4 10 4 2 8
split_gain=60.0578 6.12753 4.75622 0.935034 0.885281 0.647719 0.892894 0.700859 1.42085 0.600946 0.565418 0.479256 0.878486 0.483537 1.11087 1.24455 0.406866 0.405776 0.988124 0.404227 0.389567 0.372667 0.589321 0.452677 0.391476 0.414045 0.362627 0.356367 0.355607 0.845903 0.346406 0.322646 0.311091 0.419996 0.340423 0.309517 0.391726 0.515239 0.305607 0.358356 0.296184 0.294422 0.596594 0.573797 0.355233 1.01981 0.283752 0.278029 0.342772 0.466864 0.295403 0.332475 0.282161 0.671859 0.421572 0.238947 0.236361 0.273609 0.229256 0.228321 0.225754 0.223296
threshold=480.50000000000006 243.50000000000003 823.50000000000011 624.50000000000011 139.50000000000003 907.85000000000002 272.50000000000006 154.50000000000003 133.50000000000003 138.50000000000003 60270.500000000007 275.50000000000006 492.50000000000006 7140.5000000000009 9.6500000000000004 26.950000000000003 13572.500000000002 54.500000000000007 42.500000000000007 5.7500000000000009 26.450000000000003 915.25000000000011 86.500000000000014 13.15 3.5000000000000004 21.950000000000003 -5.0499999999999989 10.15 298.50000000000006 294.50000000000006 363.50000000000006 9.7500000000000018 151.50000000000003 12210.500000000002 905.35000000000002 13.15 5.5000000000000009 1.0000000180025095e-35 6006.5000000000009 30.650000000000002 12.65 21462.500000000004 38.500000000000007 26.500000000000004 133.50000000000003 138.50000000000003 -2.2499999999999996 6551.2500000000009 15.350000000000003 18.950000000000003 21.950000000000003 58.500000000000007 262.50000000000006 916.55000000000007 22.500000000000004 194.50000000000003 4.6500000000000012 1.8500000000000003 11.500000000000002 6551.2500000000009 1011.5000000000001 0.41248606129204562
decision_type=2 2 2 2 2 2 2 2 2 2 2 2 2 2 2 2 2 2 2 2 2 2 2 2 2 2 2 2 2 2 2 2 2 2 2 2 2 2 2 2 2 2 2 2 2 2 2 2 2 2 2 2 2 2 2 2 2 2 2 2 2 2
left_child=1 4 3 -2 -1 6 7 8 19 20 55 16 17 14 15 -14 -7 18 -13 -4 -10 22 23 -19 -24 31 58 -12 29 41 46 -26 -11 34 -34 -16 37 -37 -27 -40 -21 59 43 -43 -44 -46 -3 48 49 -18 51 -50 53 54 -51 -9 57 -56 -5 61 -15 -28
right_child=2 30 5 26 -6 11 -8 10 9 32 27 12 13 60 35 -17 47 21 -20 40 -22 -23 24 -25 25 38 28 -29 -30 -31 -32 -33 33 -35 -36 36 -38 -39 39 -41 -42 42 44 -45 45 -47 -48 -49 50 52 -52 -53 -54 -55 56 -57 -58 -59 -60 -61 -62 -63
leaf_value=-0.0037657570958372112 0.0005902652695051893 -0.0028645038072149832 0.0052232410963338324 0.0042087914057150448 -0.0025477384875095782 0.0053320380189823945 -0.0076595246481398734 0.0032445246191128655 -0.00042433905755243605 0.0028597409618426974 -0.00016111421288662062 0.0052256803223761699 -0.0073530194578395594 0.0038170459653072948 0.0077683203537267367 0.0040933090644583899 0.0059237015659543762 0.00039153992166683768 -0.0059758108756142467 -0.0033149043416596333 -0.0066259496965066569 0.0037509490977973765 0.0071587180819606515 -0.0075764240740343594 -0.0060018032384568966 -0.0023558473930909082 0.0026833522892549225 0.0032068275478003569 0.0031858301948510083 -0.007346942110194099 -0.00038477102067694465 0.00085736914493498347 -0.0027004555538582158 -0.0067756584520769301 0.005679003737563461 0.0034063643408660509 0.0051846113831733338 -0.0060167931795659648 0.0050834016664419775 -0.002048471241967002 0.0025629057332028434 0.00041297068803645233 0.0023442829209788683 -0.0073243604320318194 -0.0069909055107737691 0.0011341611503517151 -0.0011205445465539282 0.0062144735532447927 -0.0023477409549211032 0.0046731071694726956 0.003474522122046349 0.0023383042153766443 0.0055196907265082683 -0.0055684101199368376 0.0028718013996528887 0.004639903786163504 0.0030247636538084976 -0.0038404255547463094 -0.00056828147842338263 0.00030720804136708505 0.0055730705564824064 0.00092889643399719194
leaf_weight=5474 2099 278 169 240 2096 711 20 731 44 78 158 32 52 393 52 43 297 41 50 23 66 228 35 30 27 22 1066 151 401 26 1663 44 26 26 22 42 99 22 105 20 216 59 562 39 41 615 1642 120 51 194 419 139 115 23 24 593 67 39 26 155 403 230
leaf_count=5474 2099 278 169 240 2096 711 20 731 44 78 158 32 52 393 52 43 297 41 50 23 66 228 35 30 27 22 1066 151 401 26 1663 44 26 26 22 42 99 22 105 20 216 59 562 39 41 615 1642 120 51 194 419 139 115 23 24 593 67 39 26 155 403 230
internal_value=8.97738e-06 -0.00262268 0.00249235 0.0014263 -0.00342921 0.00343787 0.00276763 0.00286068 0.00148538 -0.00137415 0.00342176 0.0038318 0.00320023 0.00405413 0.00234534 -0.00212062 0.00432909 0.00170233 -0.00154256 0.00333379 -0.00419336 0.00219361 0.00108146 -0.0029108 0.00222228 0.00140389 0.00193201 0.00146904 0.00178117 0.0015776 -0.000917244 -0.0016855 0.000634617 -0.001644 0.00104 0.00434199 0.00321417 8.48176e-05 0.00293016 0.00390161 0.0019752 0.00166353 0.00111393 -0.00261953 0.00141862 0.000617736 -0.0013758 0.00384618 0.00363434 0.00435474 0.00272773 0.0010536 0.00333423 0.00259416 0.00319056 0.00387357 0.000937828 -0.00120365 0.00372303 0.00215844 0.00471296 0.00237594
internal_weight=22974 11153 11821 5559 7570 6262 2323 2303 670 262 1633 3939 1740 1106 310 95 2199 634 82 408 110 552 324 71 253 218 3460 309 3194 2793 3583 71 152 74 48 215 163 64 147 125 239 2767 1316 98 1218 656 1920 1488 1368 759 609 190 462 347 324 1324 130 63 266 1451 796 1296
internal_count=22974 11153 11821 5559 7570 6262 2323 2303 670 262 1633 3939 1740 1106 310 95 2199 634 82 408 110 552 324 71 253 218 3460 309 3194 2793 3583 71 152 74 48 215 163 64 147 125 239 2767 1316 98 1218 656 1920 1488 1368 759 609 190 462 347 324 1324 130 63 266 1451 796 1296
is_linear=0
shrinkage=0.05


Tree=31
num_leaves=63
num_cat=0
split_feature=2 2 2 5 11 11 11 11 0 2 2 2 7 5 11 11 0 3 4 4 4 2 4 3 11 5 11 11 11 11 11 5 5 11 11 11 0 11 2 4 3 11 4 0 0 5 5 8 8 4 11 11 0 11 11 7 3 11 4 7 5 11
split_gain=54.2117 5.54013 4.31245 0.622763 0.84219 0.646625 1.37003 0.632396 0.625963 0.598071 0.56216 0.473787 0.444531 1.61975 0.710486 0.52881 0.440556 0.37891 0.370573 0.361755 0.358643 0.459877 0.464115 0.609407 0.766323 0.598497 0.534423 0.451858 0.450161 0.46695 0.948698 0.391604 0.347899 0.466593 0.327986 1.05607 1.05943 0.306848 0.368817 0.295735 0.294283 0.287501 0.345136 0.341226 0.287926 0.276259 0.266017 0.260437 0.254341 0.24974 0.321908 1.06856 0.24507 0.242163 1.34549 0.338271 0.91833 0.538908 0.295983 0.437616 0.259872 0.234674
threshold=480.50000000000006 218.50000000000003 771.50000000000011 907.85000000000002 272.50000000000006 154.50000000000003 133.50000000000003 138.50000000000003 245.50000000000003 599.50000000000011 122.50000000000001 363.50000000000006 0.10918733692579145 922.75000000000011 160.50000000000003 128.50000000000003 72.500000000000014 26.450000000000003 6.9500000000000011 12.050000000000002 38.550000000000004 1150.5000000000002 17.650000000000002 25.250000000000004 146.50000000000003 925.25000000000011 268.50000000000006 142.50000000000003 89.500000000000014 34.500000000000007 40.500000000000007 922.75000000000011 916.95000000000016 262.50000000000006 127.50000000000001 138.50000000000003 337.50000000000006 58.500000000000007 987.50000000000011 14.450000000000001 -2.2499999999999996 142.50000000000003 6549.9500000000007 83.500000000000014 150.50000000000003 927.85000000000002 905.55000000000007 -0.32143946530316164 -0.58216583101416164 1.8500000000000003 130.50000000000003 127.50000000000001 629.50000000000011 90.500000000000014 95.500000000000014 0.19861820438165245 3.5500000000000003 70.500000000000014 4.6500000000000012 0.77306314375279905 917.85000000000002 194.50000000000003
decision_type=2 2 2 2 2 2 2 2 2 2 2 2 2 2 2 2 2 2 2 2 2 2 2 2 2 2 2 2 2 2 2 2 2 2 2 2 2 2 2 2 2 2 2 2 2 2 2 2 2 2 2 2 2 2 2 2 2 2 2 2 2 2
left_child=1 10 9 4 5 6 18 17 61 -2 -1 40 13 14 15 -5 -15 -8 -4 52 21 22 23 49 27 28 32 -25 29 31 -31 -24 48 -34 -11 36 39 -32 -39 -36 -3 47 44 -44 46 -27 -43 -9 -26 -14 51 53 -10 55 -55 56 -51 -58 59 -56 -57 -7
right_child=2 11 3 12 -6 8 7 41 19 34 -12 -13 20 16 -16 -17 -18 -19 -20 -21 -22 -23 25 24 26 45 -28 -29 -30 30 37 -33 33 -35 35 -37 -38 38 -40 -41 -42 42 43 -45 -46 -47 -48 -49 -50 50 -52 -53 -54 54 58 60 57 -59 -60 -61 -62 -63
leaf_value=-0.0036195655628776338 0.00044458953272547426 -0.0028447854641027444 0.0046336951966131435 0.0021234181743551351 -0.0065411622897606804 0.0029894528913100476 -0.00063907116179234998 0.0080991989032528685 -0.00086814276063280232 0.0022292602490013645 -0.0026209809265697538 -0.00036553362535519528 0.0056745858931337252 -0.012976972158275433 0.005449007741267233 -0.0069438113552796376 -0.0022582659506684799 -0.0065115988822556196 0.001724350244424303 0.0030423387425551575 0.0043515494922084967 -0.0019232235383242367 0.0054422323558524204 0.0011702950731387516 0.0018379185510869998 0.0071568001561020823 -0.0041088016392047183 -0.0082745886511272869 0.0031390205666313449 -0.0096792402554793187 0.001304660924554754 -0.0011894845821433684 -0.0059395279074103543 0.0038282604678448054 -0.0096222132361781041 0.0015254199050295267 0.0019753181744177682 0.0018910708091226384 -0.006831646299659145 -0.0029737588545229658 -0.0012393858705402746 0 0 -0.0088001460366621959 -0.0023210002365699183 0.0027754777871134076 0.006870124630921676 0.00032960895218875304 0.0050083560566451767 -0.0069096585867068575 0.0050327660935800683 -0.006709308275559627 0.0041553986449377918 -0.0036525324848583098 0.0055111660061839436 0.0038134366712183156 0.0057253069410988719 -0.0027770200449957218 0.0057588981871226387 -0.0040026964891567082 0.0061305634192048621 0.0042961452051476353
leaf_weight=5069 1735 339 211 52 25 827 49 21 175 1271 2019 1663 267 20 131 23 21 69 244 154 1230 40 75 23 100 87 25 26 343 25 216 30 22 27 45 1531 57 20 28 31 2063 26 23 21 34 70 28 25 206 24 478 25 28 68 26 330 84 23 135 22 215 654
leaf_count=5069 1735 339 211 52 25 827 49 21 175 1271 2019 1663 267 20 131 23 21 69 244 154 1230 40 75 23 100 87 25 26 343 25 216 30 22 27 45 1531 57 20 28 31 2063 26 23 21 34 70 28 25 206 24 478 25 28 68 26 330 84 23 135 22 215 654
internal_value=8.64283e-06 -0.00249164 0.00236806 0.00314024 0.00251842 0.00260809 0.00135978 -0.00127577 0.00311532 0.00118454 -0.00333587 -0.00101832 0.00349733 0.00140067 0.00322461 -0.000596165 -0.00762741 -0.00411795 0.00308523 0.00121417 0.00361685 0.00331976 0.00339092 0.00379712 0.00208953 0.00241903 0.00285596 -0.00374609 0.00181106 0.000641811 -0.000380389 0.00350055 0.00336153 -0.000458609 0.00162023 0.00115192 -0.00310785 0.000484583 -0.00309686 -0.00698352 -0.00146815 0.000581555 -0.000572228 -0.00420822 0.00119173 0.00523818 0.00349607 0.00399493 0.00398954 0.0042257 0.0039513 0.00340258 -0.000148917 0.00368137 0.00230853 0.0041833 0.00183697 0.00385013 0.00455166 0.00104744 0.00473766 0.00357011
internal_weight=22974 11153 11821 7151 2614 2589 751 296 1838 4670 7088 4065 4537 247 206 75 41 118 455 357 4290 3060 3020 2126 429 894 380 49 737 394 289 105 355 49 2935 1664 133 264 48 76 2402 178 132 44 88 157 54 46 306 1697 1430 952 203 927 251 676 131 107 183 48 545 1481
internal_count=22974 11153 11821 7151 2614 2589 751 296 1838 4670 7088 4065 4537 247 206 75 41 118 455 357 4290 3060 3020 2126 429 894 380 49 737 394 289 105 355 49 2935 1664 133 264 48 76 2402 178 132 44 88 157 54 46 306 1697 1430 952 203 927 251 676 131 107 183 48 545 1481
is_linear=0
shrinkage=0.05


Tree=32
num_leaves=63
num_cat=0
split_feature=2 2 2 2 2 5 11 11 11 6 8 8 6 7 3 10 11 4 4 2 3 5 4 3 5 3 6 5 11 6 5 10 11 8 4 3 3 5 6 6 8 4 4 11 7 4 5 5 7 5 2 11 6 6 4 6 11 11 5 4 5 11
split_gain=48.9503 5.75372 3.39563 0.717276 0.569288 0.516764 0.493785 1.1809 0.472557 0.416197 0.362653 0.38691 0.35479 0.338976 1.25622 0.478746 0.456081 0.312093 0.311409 0.385966 0.31054 0.306851 0.300522 0.300372 0.290553 0.28468 0.520461 0.273553 0.272049 0.339043 0.283783 0.269549 0.252656 0.246493 0.24607 0.229425 0.227439 0.222169 0.285216 0.428282 0.285617 0.280698 0.280131 0.244667 0.300567 0.419464 0.372379 0.237628 0.332239 0.34577 0.417423 0.32067 0.237015 0.235428 0.219472 0.217788 0.215095 0.341124 0.498613 0.308167 0.346748 0.301368
threshold=508.50000000000006 243.50000000000003 833.50000000000011 139.50000000000003 646.50000000000011 907.85000000000002 154.50000000000003 133.50000000000003 138.50000000000003 63252.500000000007 0.35206144883412582 -0.8814490726585632 21462.500000000004 0.10918733692579145 9.6500000000000004 5.5000000000000009 294.50000000000006 10.15 6551.0500000000011 1150.5000000000002 17.350000000000005 930.1500000000002 5.7500000000000009 26.450000000000003 913.25000000000011 29.150000000000002 44732.500000000007 905.95000000000016 151.50000000000003 12210.500000000002 905.35000000000002 8.5000000000000018 326.50000000000006 0.35206144883412582 6551.2500000000009 32.750000000000007 12.65 928.85000000000002 17030.500000000004 161202.50000000003 -0.58216583101416164 17.650000000000002 21.150000000000002 260.50000000000006 32.020833333333336 5.3500000000000005 920.95000000000016 912.25000000000011 0.36720956920903963 915.05000000000007 1052.5000000000002 86.500000000000014 4290.5000000000009 34410.500000000007 21.150000000000002 11342.500000000002 8.5000000000000018 56.500000000000007 916.45000000000016 59.150000000000013 922.25000000000011 133.50000000000003
decision_type=2 2 2 2 2 2 2 2 2 2 2 2 2 2 2 2 2 2 2 2 2 2 2 2 2 2 2 2 2 2 2 2 2 2 2 2 2 2 2 2 2 2 2 2 2 2 2 2 2 2 2 2 2 2 2 2 2 2 2 2 2 2
left_child=1 3 4 -1 -2 6 7 22 23 31 11 -3 33 14 16 20 -7 -11 19 21 -16 37 -4 -9 -21 27 -27 -13 -10 30 -30 -8 -12 34 -6 -33 -24 38 47 40 -40 -42 53 -41 -45 -46 -47 52 49 50 -49 -52 -15 -43 -29 -39 -14 58 -58 60 -60 -59
right_child=2 10 5 -5 12 13 9 8 28 17 32 25 56 18 15 -17 -18 -19 -20 24 -22 -23 36 -25 -26 26 -28 54 29 -31 -32 35 -34 -35 -36 -37 -38 55 39 43 41 42 -44 44 45 46 -48 48 -50 -51 51 -53 -54 -55 -56 -57 57 61 59 -61 -62 -63
leaf_value=-0.0034001917238102065 0.00075366004909788056 -0.00088909454731528033 0.0047214455239697256 -0.0023028638045557775 0.0027617764347966692 -2.2910648274205915e-05 0.0035158936921925715 -0.00043198442812620078 0.0026591209391226248 -0.00036752760288076791 -0.0012452091439235828 -0.0021413022431025614 0.0041559817519423031 0.00021494684249033659 0.0032978448822204745 0.0052959890647500145 -0.010029235293810397 0.0029204196973789728 0.005207605373075499 0.0035798354065930678 -0.0054346469374586693 0.0083611016661540496 -0.002977121852214726 -0.0059519426814908499 -0.0038806981149569772 0.0077341291266206733 0.00082555031185374832 0.0016715419647227109 -0.0024479405444549837 -0.0062003002255812461 0.0054057006256200777 0.0029380128789163224 -0.0043621415106284726 0.0010837409624822303 0.00031252500613045169 -0.0038904650320270746 0.0023757795082249627 -0.0028653940302749399 0.0012110300279943806 0.005166373334945986 0.0037995414790567743 0.0033304159653059053 0.0026729893152763057 0.0062288949311261558 0.0043708071143603094 -0.0076437495055779875 0.0014449139997069396 0.002840545319694882 0.0046013542184214157 0.0036130454518476804 -0.0066768796661816751 0.00053586343609579817 0.0057248659238892264 -0.0023748415915357461 -0.00022181883228816429 0.0032947350664689293 -0.0067858011234185021 0.0024200798096070653 0.0012200190141779558 0.0057123812598205799 -0.004070681003900148 0.00076855117477665487
leaf_weight=5474 2072 1587 164 2096 1356 22 1277 43 75 144 1289 130 61 23 20 116 26 140 292 22 20 34 21 65 31 34 148 219 26 26 20 26 70 359 116 23 213 27 298 321 525 26 333 37 42 20 24 106 571 455 25 37 284 57 497 30 30 454 85 22 48 740
leaf_count=5474 2072 1587 164 2096 1356 22 1277 43 75 144 1289 130 61 23 20 116 26 140 292 22 20 34 21 65 31 34 148 219 26 26 20 26 70 359 116 23 213 27 298 321 525 26 333 37 42 20 24 106 571 455 25 37 284 57 497 30 30 454 85 22 48 740
internal_value=8.24423e-06 -0.00228807 0.0023279 -0.00309706 0.00140631 0.00313598 0.00252881 0.00135476 -0.00128755 0.00300177 -0.00074575 -0.000398722 0.00181817 0.00349392 0.00146813 0.00366377 -0.00555654 0.00123615 0.00360665 0.00346453 -0.000946377 0.00353329 0.00306016 -0.00380287 -0.000688801 0.000353451 0.00214716 -2.67282e-05 0.000527773 -0.00162364 0.000862545 0.00337604 -0.00140975 0.00228316 0.0025722 -0.000166754 0.00187297 0.00348085 0.0035364 0.0030765 0.00258885 0.00301969 0.00202281 0.00442515 0.00244749 0.00075719 -0.00258088 0.0040485 0.00371477 0.00289355 0.000914174 -0.00229805 0.00532856 -0.000525627 0.000350466 0.000289306 0.00122332 0.00108968 -0.00089133 0.000220938 -0.000653465 0.00140086
internal_weight=22974 11544 11430 7570 5343 6087 2263 653 255 1610 3974 2615 3271 3824 204 156 48 284 3620 3328 40 3275 398 108 53 1028 182 846 147 72 46 1326 1359 1831 1472 49 234 3241 3184 1683 1239 941 416 444 123 86 44 1501 1194 623 168 62 307 83 716 57 1440 1379 185 155 133 1194
internal_count=22974 11544 11430 7570 5343 6087 2263 653 255 1610 3974 2615 3271 3824 204 156 48 284 3620 3328 40 3275 398 108 53 1028 182 846 147 72 46 1326 1359 1831 1472 49 234 3241 3184 1683 1239 941 416 444 123 86 44 1501 1194 623 168 62 307 83 716 57 1440 1379 185 155 133 1194
is_linear=0
shrinkage=0.05


Tree=33
num_leaves=63
num_cat=0
split_feature=2 2 2 2 6 11 11 11 4 4 6 6 4 4 3 4 1 1 5 7 6 4 6 3 11 5 6 4 3 4 11 5 1 5 9 6 5 1 1 5 5 7 11 11 4 4 3 11 9 2 6 2 9 2 11 11 6 11 5 6 9 9
split_gain=44.2112 4.51475 3.54474 0.722717 0.663057 0.481708 0.775853 0.827739 0.964693 0.649559 0.579146 0.509971 0.501059 0.494873 0.490432 0.424051 0.335112 0.519083 0.435621 0.394168 0.364022 0.356104 0.327794 0.317887 0.334175 0.313101 0.297689 0.293474 0.714566 0.343551 0.398705 0.293021 0.294381 0.28011 0.279051 0.338242 0.471293 0.764668 0.326748 0.33539 0.277802 1.34239 0.26733 0.468132 0.432917 0.28278 0.245411 0.245276 0.24155 0.231809 0.23141 0.222503 0.220329 0.218125 0.217387 1.11364 1.29755 0.238044 0.379014 0.28676 0.217246 0.214349
threshold=480.50000000000006 243.50000000000003 833.50000000000011 630.50000000000011 3906.5000000000005 113.50000000000001 144.50000000000003 126.50000000000001 21.950000000000003 48.150000000000013 18360.500000000004 5852.5000000000009 6549.3500000000013 2.0500000000000003 26.950000000000003 4.0500000000000007 615.50000000000011 275.50000000000006 922.55000000000007 0.30015243902439032 28056.500000000004 36.550000000000004 51756.500000000007 -5.0499999999999989 316.50000000000006 904.45000000000016 6642.5000000000009 13.850000000000003 5.7500000000000009 28.350000000000005 26.500000000000004 907.75000000000011 215.50000000000003 922.55000000000007 -0.72947329433276253 11772.500000000002 923.55000000000007 740.50000000000011 227.50000000000003 912.25000000000011 922.45000000000016 0.10087658681408683 183.50000000000003 168.50000000000003 6.3500000000000005 2.4500000000000006 -1.0499999999999998 24.500000000000004 -0.88144907265856332 1117.5000000000002 3422.5000000000005 975.50000000000011 -0.77259657388510605 1021.5000000000001 126.50000000000001 138.50000000000003 113906.50000000001 56.500000000000007 914.45000000000016 32220.500000000004 -0.91037613702198728 -0.84874750804349197
decision_type=2 2 2 2 2 2 2 2 2 2 2 2 2 2 2 2 2 2 2 2 2 2 2 2 2 2 2 2 2 2 2 2 2 2 2 2 2 2 2 2 2 2 2 2 2 2 2 2 2 2 2 2 2 2 2 2 2 2 2 2 2 2
left_child=1 4 3 -2 60 9 7 12 10 13 -9 -10 22 52 -14 25 17 20 19 -19 -15 -20 -7 -5 40 -12 53 61 29 -29 -31 32 -13 -3 35 36 -8 -38 46 42 50 -42 43 44 48 -44 -37 -11 -40 -48 -25 -47 -4 -18 57 56 -56 58 59 -52 -1 -22
right_child=2 33 5 23 -6 6 34 8 11 47 15 31 14 16 -16 -17 26 18 21 -21 27 -23 -24 24 -26 -27 -28 28 -30 30 -32 -33 -34 -35 -36 38 37 -39 39 -41 41 -43 45 -45 -46 51 49 -49 -50 -51 54 -53 -54 -55 55 -57 -58 -59 -60 -61 -62 -63
leaf_value=0.00095104955292548787 0.00052739507528811152 -0.00061883476627420443 0.0059068224882488311 0.0033551056502907441 -0.0023206627397564707 0.0045005704591410149 0.0043150943709160464 -0.0066592596939150346 -0.0036152717366910443 0.001247236879770075 -0.0020523843455095936 0.0035340887420546364 -0.0077473629130495342 0.0042401212119765703 0.0029548597208127309 -0.0028996246911391832 0.003554172644199426 0.0030789305837379544 -0.0051820883358066738 0 0.004415708367616452 0.0027002312131782073 3.0031723672820827e-05 0.0038529321610816653 0.0031517892156384141 0.0057701862069003493 0.0050738259796764352 0.0071616343793652537 -0.0030968167604609313 0.0053342991754975928 -0.0025929733750320247 0.0050546398513098834 -0.0031430702500734676 -0.0019785913627225148 0.0020010848520070255 -0.001480852431094504 0.0039623609823397441 -0.0065352964445233785 0.0044925113053715686 0.004131373259239777 -0.012681998501517881 0.00097230480967975424 -0.0060331190119704923 0.0045321710483271459 -0.0040204686957438915 -0.002752978225690237 0.0035538640836038429 0.0055027510179176094 -0.0016733087288584659 -0.00036160081682721725 0 0.0016001335472997143 0.0027484429164074987 -0.0032254447131904204 -0.0075151262010677835 0.0014589271710115283 0.0019588717327096729 0.0024274962289754717 0.0015817414981572856 -0.007428916701330588 -0.0033266969500927515 0.00071894835299369457
leaf_weight=28 2189 3147 209 269 2774 244 860 64 31 40 20 39 20 408 22 97 28 232 45 193 142 20 52 104 300 32 233 37 76 29 34 98 28 436 605 25 48 27 45 106 20 170 21 101 44 43 918 456 23 37 30 91 85 20 78 1460 66 787 239 22 4768 59
leaf_count=28 2189 3147 209 269 2774 244 860 64 31 40 20 39 20 408 22 97 28 232 45 193 142 20 52 104 300 32 233 37 76 29 34 98 28 436 605 25 48 27 45 106 20 170 21 101 44 43 918 456 23 37 30 91 85 20 78 1460 66 787 239 22 4768 59
internal_value=7.99353e-06 -0.00224991 0.00213873 0.00124511 -0.00294224 0.00297967 0.00262211 0.00116929 -0.000332814 0.00354757 -0.00267218 0.00218403 0.00300128 0.00310964 -0.00202897 -0.00092276 0.0027467 0.00239306 0.00110017 0.0016905 0.00319347 -0.00267953 0.00373237 0.00168685 0.00154824 0.00266737 0.00433209 0.00204667 0.000521503 0.00332172 0.00097952 0.00330541 0.000668593 -0.000785744 0.00298286 0.0032293 0.00398342 0.000112956 0.00274069 0.00164104 0.00138481 -0.000444603 0.000909206 0.0020641 -0.000119035 -0.000645906 0.00326724 0.00516996 0.0023342 0.00339691 0.00151138 0.000164943 0.00501193 0.000624549 0.00141857 0.00104278 -0.00313983 0.00197294 0.00072603 -0.00310647 -0.00330066 0.00335635
internal_weight=22974 11153 11821 5734 7570 6087 3741 747 409 2346 213 196 338 1850 42 149 1556 1275 490 425 785 65 296 3545 3276 52 281 377 176 100 63 165 67 3583 2994 2389 935 75 1454 474 2976 190 368 213 112 155 980 496 68 955 2786 134 294 48 2682 1604 144 1078 291 52 4796 201
internal_count=22974 11153 11821 5734 7570 6087 3741 747 409 2346 213 196 338 1850 42 149 1556 1275 490 425 785 65 296 3545 3276 52 281 377 176 100 63 165 67 3583 2994 2389 935 75 1454 474 2976 190 368 213 112 155 980 496 68 955 2786 134 294 48 2682 1604 144 1078 291 52 4796 201
is_linear=0
shrinkage=0.05


Tree=34
num_leaves=63
num_cat=0
split_feature=2 2 2 11 11 1 2 8 0 11 2 11 11 4 5 8 8 8 4 0 0 5 5 0 8 11 3 3 0 2 11 0 4 11 3 5 11 3 1 5 4 4 11 11 5 1 0 5 11 1 2 4 3 11 11 4 0 0 4 1 0 5
split_gain=39.9385 3.72484 3.5426 0.571835 2.01518 1.58667 0.449168 0.426773 0.389527 0.534434 0.388373 0.38533 0.955786 0.400128 0.518192 0.361494 0.389428 0.361023 0.34072 0.309207 0.308327 0.292246 0.557651 0.393773 0.268315 0.268078 0.264454 0.263329 0.490965 0.249618 0.24847 0.236699 0.278237 0.234022 0.231788 0.280695 0.229449 0.218312 0.209967 0.211569 0.204344 0.256611 0.243823 0.252571 0.603045 0.837441 0.4994 0.927967 0.273348 0.202437 0.200116 0.1982 0.188243 0.184913 0.380386 0.705986 0.250624 0.184445 0.227911 0.183617 0.181793 0.193374
threshold=454.50000000000006 744.50000000000011 203.50000000000003 126.50000000000001 137.50000000000003 164.50000000000003 599.50000000000011 -0.70710678118654735 211.50000000000003 250.50000000000003 984.50000000000011 46.500000000000007 32.500000000000007 17.450000000000003 922.05000000000007 0.35206144883412582 -0.8814490726585632 0.5277851165098012 13.250000000000002 152.50000000000003 21.500000000000004 925.25000000000011 922.75000000000011 247.50000000000003 0.065403129230143103 294.50000000000006 -4.4499999999999993 31.250000000000004 211.50000000000003 1112.5000000000002 26.500000000000004 318.50000000000006 10.15 22.500000000000004 6.7500000000000009 922.05000000000007 133.50000000000003 13.450000000000001 12.500000000000002 917.45000000000016 1.6500000000000001 6551.4500000000007 70.500000000000014 95.500000000000014 919.45000000000016 326.50000000000006 127.50000000000001 915.95000000000016 86.500000000000014 117.50000000000001 1074.5000000000002 62.650000000000013 16.750000000000004 260.50000000000006 286.50000000000006 5.3500000000000005 322.50000000000006 115.50000000000001 6552.2500000000009 540.50000000000011 179.50000000000003 911.95000000000016
decision_type=2 2 2 2 2 2 2 2 2 2 2 2 2 2 2 2 2 2 2 2 2 2 2 2 2 2 2 2 2 2 2 2 2 2 2 2 2 2 2 2 2 2 2 2 2 2 2 2 2 2 2 2 2 2 2 2 2 2 2 2 2 2
left_child=2 6 17 10 5 36 -2 37 24 29 19 12 -12 -14 38 16 -4 20 -7 -3 -1 22 59 -24 26 33 -9 49 -29 31 51 -10 -33 -17 -26 57 -5 -6 -15 -40 -13 42 50 44 45 48 -45 -48 52 -18 60 -8 -44 -11 55 -55 -57 58 -36 -21 -42 -62
right_child=1 3 15 4 7 18 30 8 9 53 11 40 13 14 -16 25 27 -19 -20 21 -22 -23 23 -25 34 -27 -28 28 -30 -31 -32 32 -34 -35 35 -37 -38 -39 39 -41 41 -43 43 46 -46 -47 47 -49 -50 -51 -52 -53 -54 54 -56 56 -58 -59 -60 -61 61 -63
leaf_value=-0.0033374418493945356 0.00029609420601995056 0.0032996945293803635 -0.0011336695745988424 0.0044793403994631536 -0.0036022335846922285 -0.0066407658582879397 0.0021729531381264422 -0.0019424461322655609 0.0020592678736328072 0.0050086117106459601 0.0067086699039405201 0.0058211874242867518 -0.0056357195180176392 0.001780886174351247 0.007738996459550767 -0.0044204100511144344 -0.00025117729449464422 -0.003307374888214679 -0.0023047736068562371 0.0018454074581947533 -0.0022838823044688027 0.00518146912924701 -0.0069579621863573096 0.0019298596784880209 -0.0018957093130449771 -0.0038775474563084202 0.0035450581482659137 0.0086725339104247057 0.00029175526878853509 -0.0026986777779272422 0.0011188091383412117 -0.0020302375874559943 0.0018957359730165171 -0.0012837482512342833 0.003271289008601241 0.0082033208796480819 -0.00050534443029409833 0.0016095809537540939 0 -0.0071932083120875394 0.004570840901062528 0.0058428178717618746 -0.0041259545591933212 0.0060627668616606298 0.00555353098689133 -0.0049639121247227139 0.0032773720612994405 -0.0080295855828111436 0.0045311891456217756 0.0045919681771508757 0.0062985962722831874 0.0062353977428955057 0.002590623255201143 0.0042860190164606292 0.0039495862068263153 0 -0.0076471548912854029 0.0010146921368169727 -0.0020763302697401624 0.0044614715310811381 -0.0021028446946367322 0.0039266075457813996
leaf_weight=976 2111 1015 1615 80 20 93 220 21 303 120 63 166 32 33 21 64 826 3103 98 782 2717 70 30 20 31 127 1698 25 62 44 2182 98 83 1240 323 21 30 729 22 20 129 146 20 139 67 57 171 20 66 22 122 37 21 47 172 20 26 209 20 77 25 27
leaf_count=976 2111 1015 1615 80 20 93 220 21 303 120 63 166 32 33 21 64 826 3103 98 782 2717 70 30 20 31 127 1698 25 62 44 2182 98 83 1240 323 21 30 729 22 20 129 146 20 139 67 57 171 20 66 22 122 37 21 47 172 20 26 209 20 77 25 27
internal_value=7.74335e-06 0.00196757 -0.00220984 0.00264186 0.00225468 -0.00167974 0.000833177 0.00255314 0.0028038 0.00191435 0.00313403 0.00379228 0.00166386 -0.000783401 0.00078619 -0.00102343 -0.000663192 -0.00290407 -0.00444455 0.00268009 -0.00256376 0.00203232 0.00178377 -0.00330628 0.00315114 -0.00166177 0.003475 0.000144138 0.00276462 0.000868248 0.00129595 0.00120333 -0.000202268 -0.00144186 0.0022207 0.00245242 0.00307524 0.00146328 -0.00110173 -0.00348426 0.00413354 0.00385067 0.00350761 0.00286605 0.00155969 -4.38593e-05 0.0037646 0.00206365 0.00253261 -0.000119107 0.00467761 0.00277946 -0.000566169 0.00333541 0.00255728 0 -0.00441782 0.00222313 0.00294439 0.00208622 0.00355453 0.000933391
internal_weight=22974 12197 10777 7647 4286 301 4550 3985 3236 913 3361 1367 191 128 96 3981 2550 6796 191 1994 3693 979 909 50 2323 1431 1719 935 87 528 2439 484 181 1304 604 573 110 749 75 42 1176 1010 864 561 231 164 330 191 107 848 303 257 41 385 265 93 46 552 343 859 181 52
internal_count=22974 12197 10777 7647 4286 301 4550 3985 3236 913 3361 1367 191 128 96 3981 2550 6796 191 1994 3693 979 909 50 2323 1431 1719 935 87 528 2439 484 181 1304 604 573 110 749 75 42 1176 1010 864 561 231 164 330 191 107 848 303 257 41 385 265 93 46 552 343 859 181 52
is_linear=0
shrinkage=0.05


Tree=35
num_leaves=63
num_cat=0
split_feature=0 8 9 8 4 1 3 0 0 9 9 8 8 4 11 11 8 11 3 8 8 11 11 0 11 4 9 3 0 11 11 1 3 11 11 11 11 0 3 4 11 3 11 11 8 3 0 0 1 8 11 11 0 11 1 0 0 1 3 8 4 0
split_gain=18.0313 7.59896 7.52311 0.869633 0.848152 0.913138 1.2176 0.670258 0.721702 0.554177 0.515713 0.503761 0.529542 0.47888 0.489554 0.594693 0.438488 0.430313 0.811761 0.373129 0.372602 0.364645 0.455273 0.361457 0.433551 0.34604 0.344824 0.310523 0.346954 0.27032 0.454063 0.520582 0.265789 0.258603 0.256427 0.621767 0.336802 0.316137 0.405706 0.346789 0.341571 0.258418 0.254503 0.239615 0.238499 0.258465 0.246304 0.354382 0.237246 0.231975 0.215845 0.214441 0.472939 0.212098 0.206417 0.198067 0.198364 0.273606 0.197085 0.237219 0.196972 0.194222
threshold=50.500000000000007 0.41248606129204562 -0.29012925520284105 0.77259657388510639 5.3500000000000005 5.5000000000000009 29.750000000000004 171.50000000000003 499.00000000000006 -0.065403129230142923 -0.91037613702198728 0.097964660725097366 -0.84874750804349186 65.15000000000002 276.50000000000006 8.5000000000000018 -0.63405362205439475 38.500000000000007 1.0000000180025095e-35 1.0000000180025095e-35 -0.8814490726585632 133.50000000000003 139.50000000000003 609.50000000000011 258.50000000000006 17.850000000000005 -0.29012925520284105 31.550000000000004 333.50000000000006 50.500000000000007 54.500000000000007 121.50000000000001 2.2500000000000004 133.50000000000003 127.50000000000001 168.50000000000003 93.500000000000014 82.500000000000014 26.550000000000004 10.550000000000002 146.50000000000003 -5.6499999999999995 363.50000000000006 266.50000000000006 -0.8814490726585632 36.550000000000004 629.50000000000011 207.50000000000003 176.50000000000003 0.58216583101416164 187.50000000000003 113.50000000000001 131.50000000000003 294.50000000000006 520.50000000000011 131.50000000000003 75.500000000000014 341.50000000000006 6.7500000000000009 -0.41248606129204551 6549.7500000000009 115.50000000000001
decision_type=2 2 2 2 2 2 2 2 2 2 2 2 2 2 2 2 2 2 2 2 2 2 2 2 2 2 2 2 2 2 2 2 2 2 2 2 2 2 2 2 2 2 2 2 2 2 2 2 2 2 2 2 2 2 2 2 2 2 2 2 2 2
left_child=10 2 4 32 16 6 23 11 13 48 -1 12 -7 14 15 -9 55 18 -17 27 26 -15 -23 -6 -25 -16 53 -18 43 -19 31 -31 -3 -10 36 37 41 38 -36 40 -39 -14 -37 -29 -8 46 47 50 -4 -34 -46 -38 -53 -12 -28 56 57 -2 -27 -60 -40 -13
right_child=1 3 9 -5 5 7 44 8 33 -11 20 61 34 21 25 17 19 29 -20 -21 -22 22 -24 24 -26 58 54 28 -30 30 -32 -33 49 -35 35 42 51 39 60 -41 -42 -43 -44 -45 45 -47 -48 -49 -50 -51 -52 52 -54 -55 -56 -57 -58 -59 59 -61 -62 -63
leaf_value=0.0021255402730584803 -0.0040756701812519076 -0.0021517017772537087 -0.00058122881248248552 -0.0027159328076330224 -0.00078855980145720722 0.0013025893745024766 -0.002026986992265101 0.003566641834782198 0.0045790482008516015 -0.0015223731487522334 0.0042659194783646005 0.0015673914986567312 0.004446956574396573 0.003420233387837094 0.003611981578371302 -0.0010726181751544116 0.0044629247476751926 0.0028432507338842514 -0.011714732843400235 0.0020655019634774536 -0.003159888859349902 -0.0048145881988006338 0.0016528902494148405 0.0039940163872717455 -0.0033076924846375585 -0.0004158089393340554 -0.0024480238956115924 0.0035496238598681008 -0.0010575895365345885 -0.0055895042073995146 0.00038939743018155871 0.0017342336452630582 -0.00010248037121155843 0.00033797777708691017 -0.0055610516542901577 0.0029789267511808656 0.006169909288462787 -0.0062554729860776889 -0.0024836463414355369 0.0025916019398527133 0.0013482835878484236 0.0025002546034030167 -0.0021036217537905664 -0.0018114438977851685 -0.00103939592281182 0.0046174158335760074 0.0063888232845602634 -0.00015259582352502026 0.0010269269453139676 -0.0011835778845188209 0.0031307427816630487 0.0049521249413817005 -0.002789679721027494 -0.0011208808695512542 0.001637768983861054 0.001092366324010903 0.0032152151736667325 0.0025984818158967691 -0.00047732809793174741 0.0044602400971926791 0.0027835128416313906 -1.5212359083588038e-05
leaf_weight=52 24 380 822 962 1003 834 30 126 200 1950 31 658 218 311 208 183 580 98 20 556 3006 31 206 84 26 137 1551 312 54 69 1240 36 911 47 43 1040 148 25 30 177 34 975 24 21 33 115 30 170 317 1119 274 82 25 42 30 543 285 42 38 60 42 266
leaf_count=52 24 380 822 962 1003 834 30 126 200 1950 31 658 218 311 208 183 580 98 20 556 3006 31 206 84 26 137 1551 312 54 69 1240 36 911 47 43 1040 148 25 30 177 34 975 24 21 33 115 30 170 317 1119 274 82 25 42 30 543 285 42 38 60 42 266
internal_value=-1.05234e-05 0.000700372 0.00118557 -0.00144236 0.0017602 0.00154397 0.000515038 0.0017813 0.00119689 -0.00101032 -0.00276852 0.00216085 0.00242299 0.000962889 0.000632295 0.000257365 0.00259859 8.03855e-07 -0.00215097 0.00311862 -0.00282425 0.00228966 0.000784171 -0.000486424 0.00222131 0.00212033 -0.00221108 0.00371869 0.00258951 0.000307107 0.000118402 -0.00303167 -0.000931818 0.00379274 0.00274757 0.00225664 0.00322367 0.000414935 -0.00171375 0.00147368 -0.00179418 0.00286051 0.0028594 0.00319609 0.00223207 0.00244582 0.00194257 0.00165118 -0.000129216 -0.000700907 0.00266601 0.00490126 0.00309569 0.00110097 -0.00236723 0.00170685 0.00264264 9.33802e-05 0.000777826 0.00249617 0.000519114 0.00110643
internal_weight=22986 18274 14902 3372 11813 9396 1765 7631 3010 3089 4712 4621 3697 2763 2215 1772 2417 1646 203 1523 4660 548 237 1113 110 443 1654 967 387 1443 1345 105 2410 247 2863 1415 1448 351 115 236 59 1193 1064 333 652 622 507 477 1139 2030 307 255 107 73 1581 894 351 66 235 98 72 924
internal_count=22986 18274 14902 3372 11813 9396 1765 7631 3010 3089 4712 4621 3697 2763 2215 1772 2417 1646 203 1523 4660 548 237 1113 110 443 1654 967 387 1443 1345 105 2410 247 2863 1415 1448 351 115 236 59 1193 1064 333 652 622 507 477 1139 2030 307 255 107 73 1581 894 351 66 235 98 72 924
is_linear=0
shrinkage=0.05


Tree=36
num_leaves=63
num_cat=0
split_feature=0 8 9 8 4 4 0 1 3 11 11 11 0 3 0 11 11 9 11 11 9 11 0 3 8 8 8 4 8 8 11 3 8 9 3 0 0 0 4 0 3 11 11 7 3 1 1 1 3 8 11 3 3 11 11 11 11 11 11 11 0 11
split_gain=16.2733 6.86027 6.7909 0.784383 0.765207 0.838528 0.932214 0.724498 0.931867 0.60001 0.571241 0.997285 0.803282 0.722262 0.532038 0.503269 0.952599 0.500125 0.479989 0.546011 0.465997 0.457166 0.495342 0.449711 0.439742 0.395077 0.393789 0.387365 0.336046 0.335863 0.330175 0.751901 0.312195 0.311005 0.279979 0.315636 0.254579 0.291447 0.282816 0.241223 0.239662 0.221871 0.221187 0.220435 0.256858 0.306968 0.215164 0.214145 0.210924 0.209226 0.209152 0.197146 0.220498 0.195424 0.613669 0.243706 0.232509 0.246285 0.200882 0.282428 0.195329 0.191688
threshold=50.500000000000007 0.41248606129204562 -0.29012925520284105 0.77259657388510639 5.3500000000000005 66.15000000000002 173.50000000000003 4.5000000000000009 26.750000000000004 113.50000000000001 155.50000000000003 149.50000000000003 99.500000000000014 26.750000000000004 448.50000000000006 260.50000000000006 262.50000000000006 -0.065403129230142923 8.5000000000000018 276.50000000000006 -0.91037613702198728 114.50000000000001 67.500000000000014 33.150000000000013 0.19509032201612822 -0.63405362205439475 -0.8814490726585632 49.850000000000001 1.0000000180025095e-35 -0.8814490726585632 38.500000000000007 1.0000000180025095e-35 -0.70710678118654735 -0.29012925520284105 31.550000000000004 318.50000000000006 131.50000000000003 573.50000000000011 6549.3500000000013 191.50000000000003 2.2500000000000004 268.50000000000006 266.50000000000006 2.0041666666666669 31.450000000000003 206.50000000000003 307.50000000000006 176.50000000000003 32.550000000000004 0.58216583101416164 363.50000000000006 24.050000000000004 12.050000000000002 56.500000000000007 50.500000000000007 117.50000000000001 106.50000000000001 83.500000000000014 149.50000000000003 161.50000000000003 33.500000000000007 294.50000000000006
decision_type=2 2 2 2 2 2 2 2 2 2 2 2 2 2 2 2 2 2 2 2 2 2 2 2 2 2 2 2 2 2 2 2 2 2 2 2 2 2 2 2 2 2 2 2 2 2 2 2 2 2 2 2 2 2 2 2 2 2 2 2 2 2
left_child=20 2 4 40 25 6 7 8 -6 -7 11 21 13 -13 18 48 -17 47 -8 30 -1 -11 -23 46 26 -2 -9 -21 34 33 31 -20 -10 61 -27 42 -24 38 -38 -40 -3 -12 -36 44 45 -32 -15 -4 -16 -42 -28 52 -47 54 -45 56 57 -55 -57 -60 -35 -22
right_child=1 3 17 -5 5 9 14 24 32 10 41 12 -14 23 15 16 -18 -19 19 27 29 22 36 -25 -26 28 50 -29 -30 -31 43 -33 -34 60 35 -37 37 -39 39 -41 49 -43 -44 53 -46 51 -48 -49 -50 -51 -52 -53 -54 55 -56 58 -58 -59 59 -61 -62 -63
leaf_value=0.00201946719435192 0.0016218027696034022 -0.0020441449959107886 -0.00055217090854760406 -0.0025801502678552842 -0.0014379338488538838 0.0039195841694457702 0.003330640514277913 0.00081051516033927304 -0.0022660737506611014 -0.0054910419318843539 0.0031574426998806776 -0.0096514346254109144 -0.010840893836542109 0.0069149694672140348 0.0034472859847575719 -0.010414258434803566 0.0019559568226202783 -0.0014462583944919499 -0.00099835541172614041 0.0022083563247741207 0.0040533093346276847 -0.0037180985039904756 0.0039829122814657352 -0.004314411384504788 0.00059833248354508595 0.0042398169753397564 0.0024676358304721799 -0.0034436049525890023 0.0019622454361363502 -0.0030018996771937123 0.0032029033361832427 -0.010967417689861279 0.0027161146425145112 -0.0027375217173192389 0.0034268684748341017 -0.00077633716238612299 0.0030887681802971405 0.0067567924341832494 -0.0051214465888309796 0.00050344453996695345 -9.7356916528447925e-05 -0.0016077934887986707 -0.0017213010026133173 0.0012413395456247992 -0.0028882658422058967 0.0013542802717203882 0.00076140565902199089 0.00097559680659185159 -0.0016834004008354831 -0.001124404280121783 -0.0017688685915436186 0.001917741751807339 -0.0016465225671405265 0.0014762612799776177 -0.0046835414734891388 -0.0017405797841615407 0.0034188936614226125 -0.0018168252580458436 0.0032941003389662157 -0.00035827558323131813 -0.0015883207810345923 -0.0010649698796945308
leaf_weight=52 894 380 822 962 382 502 127 450 34 20 593 20 26 24 311 21 58 1950 203 409 31 33 191 29 505 580 2746 32 556 3006 140 21 296 904 305 61 103 25 22 134 911 24 21 82 41 104 40 317 20 1119 28 147 146 164 91 234 82 86 58 592 677 42
leaf_count=52 894 380 822 962 382 502 127 450 34 20 593 20 26 24 311 21 58 1950 203 409 31 33 191 29 505 580 2746 32 556 3006 140 21 296 904 305 61 103 25 22 134 911 24 21 82 41 104 40 317 20 1119 28 147 146 164 91 234 82 86 58 592 677 42
internal_value=-9.9257e-06 0.000665415 0.00112643 -0.00137047 0.00167239 0.00146695 0.00123676 0.00170481 0.000235267 0.00244483 0.0018641 0.0008391 -0.00291378 -0.00103767 0.000579232 0.00226168 -0.00127813 -0.000959803 0.000327328 0.00018039 -0.00263004 0.00183691 0.00213627 0.000769428 0.00198404 0.00246889 0.00219952 0.00178621 0.00296271 -0.00268304 -0.000140611 -0.00195974 0.00218712 -0.00210037 0.00353252 0.00245875 0.00255422 0.00157471 0.0010528 -0.000260551 -0.000885441 0.00296375 0.00307948 6.40971e-05 0.000886598 0.0011846 0.00315418 -0.000122534 0.00312176 -0.000665988 0.00242301 0.000459641 -0.000378154 -0.000274607 -0.00184724 -4.66248e-05 0.00110363 0.000323174 -0.000484354 -2.42236e-05 -0.00224872 0.00104272
internal_weight=22986 18274 14902 3372 11813 9396 7610 4441 712 1786 1284 667 139 113 3169 410 79 3089 2759 2632 4712 528 508 93 3729 2417 3224 441 1523 4660 2191 224 330 1654 967 387 475 284 259 156 2410 617 326 1967 578 537 64 1139 331 2030 2774 397 250 1389 173 1216 332 250 884 650 1581 73
internal_count=22986 18274 14902 3372 11813 9396 7610 4441 712 1786 1284 667 139 113 3169 410 79 3089 2759 2632 4712 528 508 93 3729 2417 3224 441 1523 4660 2191 224 330 1654 967 387 475 284 259 156 2410 617 326 1967 578 537 64 1139 331 2030 2774 397 250 1389 173 1216 332 250 884 650 1581 73
is_linear=0
shrinkage=0.05


Tree=37
num_leaves=63
num_cat=0
split_feature=2 2 2 2 11 11 11 7 11 0 11 1 1 5 11 11 1 2 1 0 0 5 11 4 11 11 11 4 7 8 8 7 4 1 11 11 1 11 5 0 0 4 5 0 11 11 11 11 4 11 8 0 8 5 1 8 11 11 4 4 0 1
split_gain=29.4193 2.79973 2.23437 0.550802 0.353279 1.1582 0.583968 0.482923 0.345651 0.444429 0.622063 0.485642 0.477713 0.405037 0.328895 0.858692 0.575348 0.418277 0.37434 0.487976 0.352087 0.425583 0.367542 0.357904 0.331208 0.317072 0.608947 0.37502 0.328331 0.316479 0.304946 0.322109 0.419953 0.296017 0.333717 1.04475 0.710945 0.323728 0.96252 0.285443 0.28483 0.283902 0.264175 0.90368 0.282663 0.26277 1.18331 0.316544 0.510113 0.269509 0.269246 0.258245 0.296246 0.255521 0.319661 0.280524 0.25388 0.308228 0.332152 0.241413 0.230323 0.228324
threshold=417.50000000000006 797.50000000000011 170.50000000000003 570.50000000000011 121.50000000000001 152.50000000000003 151.50000000000003 0.10490656884099508 139.50000000000003 413.50000000000006 126.50000000000001 293.50000000000006 449.50000000000006 907.25000000000011 54.500000000000007 32.500000000000007 9.5000000000000018 1112.5000000000002 482.50000000000006 78.500000000000014 126.50000000000001 918.6500000000002 50.500000000000007 25.250000000000004 42.500000000000007 141.50000000000003 144.50000000000003 6550.5500000000011 0.77306314375279905 0.29012925520284133 -0.8814490726585632 34.018518518518526 23.150000000000002 19.500000000000004 126.50000000000001 138.50000000000003 59.500000000000007 298.50000000000006 921.95000000000016 249.50000000000003 256.50000000000006 67.950000000000017 915.05000000000007 373.50000000000006 83.500000000000014 90.500000000000014 93.500000000000014 112.50000000000001 6549.3500000000013 60.500000000000007 -0.41248606129204551 163.50000000000003 -0.58216583101416164 914.45000000000016 289.50000000000006 -0.68322629814330782 34.500000000000007 38.500000000000007 36.95000000000001 28.350000000000005 205.50000000000003 81.500000000000014
decision_type=2 2 2 2 2 2 2 2 2 2 2 2 2 2 2 2 2 2 2 2 2 2 2 2 2 2 2 2 2 2 2 2 2 2 2 2 2 2 2 2 2 2 2 2 2 2 2 2 2 2 2 2 2 2 2 2 2 2 2 2 2 2
left_child=2 3 -1 -2 14 6 7 -6 9 10 11 13 -12 -9 15 59 -17 18 20 -20 21 -18 23 -22 -25 -10 40 28 -28 30 -4 32 39 56 -35 36 -36 38 61 -32 -27 -38 43 51 -45 49 -47 -48 -49 50 -44 53 60 -16 -55 -56 -5 58 -58 -3 -53 -37
right_child=1 4 29 33 5 -7 -8 8 25 -11 12 -13 -14 -15 42 16 17 -19 19 -21 22 -23 -24 24 -26 26 27 -29 -30 -31 31 -33 -34 34 35 37 41 -39 -40 -41 -42 -43 45 44 -46 46 47 48 -50 -51 -52 52 -54 54 55 -57 57 -59 -60 -61 -62 -63
leaf_value=-0.0026073452580746437 0.00017799969465018186 0.0073818151460355507 -0.0011283110098990301 0.0034105273448206148 -0.0064261082698942708 0.0024091792267980083 -0.0063788466080094801 -0.0039670946471285556 0.0051361256491062532 0.0028963596321668695 -0.0042177645240806449 0.0060948146066824799 0.00077394765519365864 0.0043923299050047278 0.0041043249098649493 0.003839378579168118 0.00099805568709442657 -0.0061715776713385535 -0.0021712700675981639 0.0052653950255142227 0.0057755770687552173 -0.0069735695329182961 -0.0029118070546258704 0.0023267383811827703 -0.0052506384637830486 -0.0078060570609936779 0.0063449658906681973 -0.0015382814141995868 0.00078550083476872285 -0.0016619808308088995 0.0047816114135765071 -0.00077038757157913871 -0.00017911948391754651 0.0014944937729410195 0.0019404582015326956 -0.0007011392838908951 -0.0076774748753006983 0.0020983615556168455 -0.010488445888185384 -0.00045445448036827545 -0.00040463328002793156 -0.0019900272685487515 0.0047297375171252015 0 -0.006893292008937158 -0.0045482153724975844 0.0056332356877058162 0.003797507286635362 -0.0052401720715306733 0.0049909837496139864 -0.0011429452211083964 -0.0017776941937190924 0.0029254050125399633 0.0049109165610631755 0.0015974124591124014 -0.0061082979840277433 -0.0071336724786573401 0.0016737896872299519 0.0014098838701424919 0.0031293128210805633 0.0018528927336880119 0.0010446632421403583
leaf_weight=6152 2191 39 1719 213 24 3082 32 38 67 92 146 44 69 23 498 95 25 30 33 62 39 45 60 41 22 21 71 36 46 1553 99 490 199 1196 40 255 70 357 20 33 38 36 37 30 29 48 132 66 20 431 39 69 401 31 27 20 21 952 23 374 116 679
leaf_count=6152 2191 39 1719 213 24 3082 32 38 67 92 146 44 69 23 498 95 25 30 33 62 39 45 60 41 22 21 71 36 46 1553 99 490 199 1196 40 255 70 357 20 33 38 36 37 30 29 48 132 66 20 431 39 69 401 31 27 20 21 952 23 374 116 679
internal_value=-9.45656e-06 0.00159434 -0.00200447 0.000813944 0.00229986 0.00198092 0.000207205 0.000509809 0.000758839 -0.000150165 -0.00104229 0.00208466 -0.00259291 -0.000731317 0.00272519 0.00189543 0.000376976 -0.000531207 0 0.00262999 -0.00109453 -0.00405787 0.000156788 0.0020119 -0.000244218 0.00211865 0.00113947 0.00282042 0.00420443 -0.00109705 -0.000749614 3.72496e-05 0.00124782 0.00117342 0.000874231 0.00036158 -0.00364284 0.000811591 0.000324654 0.00343539 -0.00313239 -0.00579671 0.00308251 0.00261107 -0.0033823 0.00382029 0.00250308 0.00407996 0.001634 0.00450088 0.00165288 0.00291995 0.00215946 0.00368444 0.000937805 -0.00158146 0.00182569 0.00148144 -0.00256127 0.00354467 0.000471541 0.000562649
internal_weight=22986 12741 10245 6053 6688 3829 747 715 691 412 320 105 215 61 2859 865 452 357 327 95 232 70 162 102 63 279 212 153 117 4093 2540 821 331 3862 2653 1457 146 1311 954 132 59 106 1994 1221 59 773 266 218 86 507 76 1162 586 576 78 47 1209 996 44 413 185 934
internal_count=22986 12741 10245 6053 6688 3829 747 715 691 412 320 105 215 61 2859 865 452 357 327 95 232 70 162 102 63 279 212 153 117 4093 2540 821 331 3862 2653 1457 146 1311 954 132 59 106 1994 1221 59 773 266 218 86 507 76 1162 586 576 78 47 1209 996 44 413 185 934
is_linear=0
shrinkage=0.05


Tree=38
num_leaves=63
num_cat=0
split_feature=2 2 2 2 11 11 11 11 0 2 11 5 5 4 0 2 8 8 0 11 11 4 4 5 0 10 1 11 11 11 5 1 5 11 11 11 0 11 11 5 11 4 4 11 11 8 0 11 0 5 2 1 11 11 11 5 10 10 11 1 1 11
split_gain=26.5825 2.76109 1.76843 0.497406 0.364515 0.929611 0.549928 0.466724 0.347072 0.326572 0.328801 0.397124 0.457006 0.804559 0.333116 0.324981 0.306882 0.494088 0.36899 0.30447 0.307562 0.521396 0.319956 0.309824 0.564358 0.496857 0.466205 0.339798 1.16339 0.267204 0.459881 0.260867 0.242752 0.69965 0.234759 0.241868 0.39011 0.234143 0.446897 0.48542 0.457224 0.320017 0.251161 0.307587 0.332816 0.351128 0.24457 0.357766 0.243953 0.284469 0.226048 0.223816 0.222004 0.219365 0.241467 0.780678 0.546505 0.260511 0.346319 0.425574 0.257266 0.336351
threshold=396.50000000000006 699.50000000000011 162.50000000000003 876.50000000000011 32.500000000000007 46.500000000000007 105.50000000000001 193.50000000000003 67.500000000000014 1102.5000000000002 42.500000000000007 923.1500000000002 919.55000000000007 38.550000000000004 67.500000000000014 521.50000000000011 -0.1628082571180898 -0.8814490726585632 115.50000000000001 95.500000000000014 90.500000000000014 2.0500000000000003 6549.7500000000009 915.1500000000002 315.50000000000006 2.5000000000000004 300.50000000000006 70.500000000000014 86.500000000000014 50.500000000000007 918.6500000000002 497.50000000000006 924.1500000000002 316.50000000000006 106.50000000000001 183.50000000000003 260.50000000000006 154.50000000000003 126.50000000000001 907.55000000000007 131.50000000000003 21.950000000000003 4.8500000000000005 141.50000000000003 144.50000000000003 -0.1628082571180898 722.50000000000011 139.50000000000003 127.50000000000001 915.35000000000002 1021.5000000000001 18.500000000000004 142.50000000000003 316.50000000000006 126.50000000000001 922.55000000000007 5.5000000000000009 2.5000000000000004 26.500000000000004 124.50000000000001 26.500000000000004 129.50000000000003
decision_type=2 2 2 2 2 2 2 2 2 2 2 2 2 2 2 2 2 2 2 2 2 2 2 2 2 2 2 2 2 2 2 2 2 2 2 2 2 2 2 2 2 2 2 2 2 2 2 2 2 2 2 2 2 2 2 2 2 2 2 2 2 2
left_child=2 15 -1 51 -5 9 19 8 -8 10 11 12 13 -6 -12 -2 17 -4 -19 20 23 -22 -23 24 26 29 -7 31 -29 -25 -31 -28 -9 -34 -10 37 50 38 48 46 41 -41 -42 -44 -45 -46 47 -40 -36 -50 -37 -3 -49 54 57 56 60 58 -53 -60 -56 -62
right_child=1 3 16 4 5 6 7 32 34 -11 14 -13 -14 -15 -16 -17 -18 18 -20 -21 21 22 -24 25 -26 -27 27 28 -30 30 -32 -33 33 -35 35 36 -38 -39 39 40 42 -43 43 44 45 -47 -48 52 49 -51 -52 53 -54 -55 55 -57 -58 -59 59 -61 61 -63
leaf_value=-0.0024998551879072298 -4.6593310003987845e-05 0.0021742637115550454 -0.0011500247643771908 0.0042905758266721626 -0.0036012930708153507 0.0040074602183470427 -0.0019314434801119625 0.0027927215129258175 -0.0032282393317499599 -0.0056294098206305428 0.001233357167338945 0.0077849748901170279 -0.0057622301551806497 0.0066796330279380867 -0.006049448976982532 0.00081825645535600752 -0.0016165587907258708 0.0069561642228006234 0.00032817815083968594 0.0047979001701837281 0.0041189365191989505 -0.0043575306550819514 0.0023373882720689374 0.0053022340941682178 -0.0026555864945466984 0.0050240813847685422 -0.00025306641544561436 -0.008478881919051896 0.0056461152386855316 0.0032338169387101097 -0.0030252237304371626 0.0052416576630070705 -0.0061283970332125888 0.0029601532276903198 0.0041704512938969254 -0.00093666780130452563 -0.0051436337304729789 0.0027435420109179053 -0.0043764715789953576 -0.0051894653875094194 0.0058607279552802755 0.001815391497372864 0.0045483417639934354 -0.0037877185827391775 0.0043443125768226143 -0.0030660196083146926 0.003067227814353425 0.0040432397924795877 0.0021051882883735555 -0.0039636776564800314 0.002872328522000533 0.0021057497713152704 -0.0012695717624673925 0.0027749105272150023 0.0033442799933254721 -0.0092199640061280033 0.0014946200488887727 0.002264743120826594 -0.0037101406708840291 0.00089754706491831015 -0.0076611869721298249 -0.0010217760821913395
leaf_weight=5965 1759 931 1656 228 34 279 71 1539 24 32 25 20 25 42 38 2796 1828 22 487 256 60 52 26 37 52 365 40 34 25 65 53 43 30 71 156 74 31 527 86 35 53 29 66 35 53 22 27 25 303 20 79 206 90 215 29 20 690 623 78 137 21 246
leaf_count=5965 1759 931 1656 228 34 279 71 1539 24 32 25 20 25 42 38 2796 1828 22 487 256 60 52 26 37 52 365 40 34 25 65 53 43 30 71 156 74 31 527 86 35 53 29 66 35 53 22 27 25 303 20 79 206 90 215 29 20 690 623 78 137 21 246
internal_value=-8.92883e-06 0.00147741 -0.001954 0.00201129 0.00231126 0.00222081 0.00236454 0.00202212 0.00146124 -0.000971663 -0.000131843 0.00136461 3.73539e-05 0.00201588 -0.00308283 0.000483187 -0.00113726 -0.000730206 0.000625784 0.00321148 0.00284758 0.000590344 -0.00206174 0.00315615 0.00220563 0.00401055 0.00281842 0.000445849 -0.00240968 0.00158991 0.000380035 0.00253631 0.0026366 0.000207736 0.00160306 0.00167394 -1.18029e-05 0.00188033 0.00142019 0.00039514 0.00174856 -0.00193951 0.00280151 0.00184907 0.000181426 0.00210285 -0.00132221 -0.00193793 0.00252436 0.00171282 0.000998002 0.00151438 -6.86629e-05 0.00124085 0.0010774 0.00051717 0.000720663 0.00161234 0.000634735 -0.000751782 -0.0010665 -0.00156537
internal_weight=22986 13028 9958 8473 5277 5049 4833 3446 1806 216 184 121 101 76 63 4555 3993 2165 509 1387 1131 138 78 993 473 520 421 142 59 155 118 83 1640 101 1735 1711 184 1527 1000 521 293 64 229 176 110 75 228 201 479 323 153 3196 115 2265 2050 1006 986 1044 421 215 296 267
internal_count=22986 13028 9958 8473 5277 5049 4833 3446 1806 216 184 121 101 76 63 4555 3993 2165 509 1387 1131 138 78 993 473 520 421 142 59 155 118 83 1640 101 1735 1711 184 1527 1000 521 293 64 229 176 110 75 228 201 479 323 153 3196 115 2265 2050 1006 986 1044 421 215 296 267
is_linear=0
shrinkage=0.05


Tree=39
num_leaves=63
num_cat=0
split_feature=2 2 2 2 8 1 8 8 7 1 11 11 1 11 5 1 5 8 11 11 0 11 5 11 11 5 0 11 2 7 8 11 10 7 11 11 11 5 11 5 5 0 7 0 11 11 5 11 1 8 7 11 5 11 7 7 0 5 10 7 2 2
split_gain=23.9927 2.49696 1.59592 0.558015 0.330405 0.351422 0.287442 0.449257 0.442333 0.281652 0.288746 1.00061 0.657306 0.299919 0.847866 0.266207 0.250411 0.26551 0.235499 0.269109 0.260591 0.220942 0.753286 0.58459 0.29816 0.260062 0.21857 0.211638 0.236615 0.209129 0.211198 0.215886 0.207377 0.380363 0.307504 0.204138 0.78519 0.311683 0.405039 0.411828 0.336476 0.294347 0.210994 0.198402 0.193162 0.624398 0.186495 0.175842 0.165054 0.179172 0.165718 0.158412 0.4286 0.378724 0.241739 0.231111 0.182672 0.175785 0.341359 0.165895 0.154844 0.154563
threshold=396.50000000000006 807.50000000000011 154.50000000000003 570.50000000000011 -0.63405362205439475 206.50000000000003 -0.1628082571180898 -0.8814490726585632 34.018518518518526 19.500000000000004 126.50000000000001 138.50000000000003 59.500000000000007 298.50000000000006 921.95000000000016 502.50000000000006 919.1500000000002 -0.58216583101416164 34.500000000000007 38.500000000000007 135.50000000000003 115.50000000000001 923.95000000000016 137.50000000000003 93.500000000000014 915.1500000000002 123.50000000000001 88.500000000000014 1112.5000000000002 2.1093399750934001 -0.79335334029123528 159.50000000000003 2.5000000000000004 1.4171052631578951 26.500000000000004 54.500000000000007 42.500000000000007 915.1500000000002 272.50000000000006 913.95000000000016 909.05000000000007 187.50000000000003 0.31882083481420059 114.50000000000001 129.50000000000003 139.50000000000003 921.45000000000016 18.500000000000004 410.50000000000006 0.065403129230143103 0.88307814674885676 105.50000000000001 921.95000000000016 168.50000000000003 0.18249527228673584 0.69309523809523821 229.50000000000003 915.35000000000002 9.5000000000000018 6.0079365079365088 254.50000000000003 881.50000000000011
decision_type=2 2 2 2 2 2 2 2 2 2 2 2 2 2 2 2 2 2 2 2 2 2 2 2 2 2 2 2 2 2 2 2 2 2 2 2 2 2 2 2 2 2 2 2 2 2 2 2 2 2 2 2 2 2 2 2 2 2 2 2 2 2
left_child=2 3 -1 -2 51 43 7 46 16 18 32 12 -12 14 29 35 17 -9 47 20 -20 24 23 -23 27 26 -25 28 61 -13 31 -31 33 -11 -35 36 -7 38 39 41 -40 44 -41 -6 -37 -46 -4 -5 49 50 -43 59 53 55 -55 -53 -57 -56 -59 -3 -8 -17
right_child=1 4 6 9 5 15 60 8 -10 10 11 13 -14 -15 -16 21 -18 -19 19 -21 -22 22 -24 25 -26 -27 -28 -29 -30 30 -32 -33 -34 34 -36 37 -38 -39 40 42 -42 48 -44 -45 45 -47 -48 -49 -50 -51 -52 52 -54 54 57 56 -58 58 -60 -61 -62 -63
leaf_value=-0.0023940913700008035 0.00011827867499975979 0.0025615652571813995 -0.00093064351320129796 0.0014315140373619959 0.0034164426219485755 0.0039332995389458085 -0.0020307720956007631 0.0023305723644313475 -0.00054325400548373441 0.0014889944850620944 0.0017500567519838199 0.0009504197850701908 -0.0055015479355309434 0.0019515739883379667 -0.0098608825300166847 0.00036219297795282864 8.1662383835403476e-05 0.0077471240661374299 0.00086531999903133663 0.0015447884689821067 -0.0066349240455461367 -0.0023401607839934032 -0.0069833476435054434 0.0026408600972137731 0.0055922721003783286 0.004185936443848493 2.8645504878883622e-05 -0.0021004487480783865 -0.00067447362482313104 -0.0057914190135018341 0.00047108136356412085 -0.00082596205883273249 0.0018767648260347462 0.0012202457232766706 -0.0032510273346195774 0.0045900438275314984 -0.0050184555784948248 0.0029144705037266114 -0.0074869687086438754 -0.0065753946427530019 0.00070517362534870838 0.0033440175196566614 0 0.002423674355862309 -0.0033894706608873027 0.0029775783424786646 -0.0026678387080719839 0.004372303058245864 -0.002269722424590817 -0.002397148091391044 0.00029288244530899238 0.0010162738311039205 -0.0060611294424949003 0.0043248716115064879 0.0018756983793445604 -0.0028157665894419821 0.0004999958221789492 -0.0058233871820016145 0.0028928209011910722 0.00053610833787251066 -0.0011123038219140468 0.0040441794975949593
leaf_weight=5790 2478 501 1557 93 753 45 929 87 330 344 42 715 112 380 20 37 73 33 25 990 20 64 23 290 111 192 116 22 38 33 152 74 757 62 96 91 53 284 25 23 23 77 27 1807 46 218 176 132 48 33 115 276 20 100 508 93 71 22 22 135 983 194
leaf_count=5790 2478 501 1557 93 753 45 929 87 330 344 42 715 112 380 20 37 73 33 25 990 20 64 23 290 111 192 116 22 38 33 152 74 757 62 96 91 53 284 25 23 23 77 27 1807 46 218 176 132 48 33 115 276 20 100 508 93 71 22 22 135 983 194
internal_value=-8.39137e-06 0.00140368 -0.0018563 0.000711463 0.00209745 0.00231552 -0.00110797 -0.000721532 0.000556421 0.00107343 0.00078955 0.000323238 -0.00349154 0.000754666 0.000291915 0.00184401 0.0024619 0.00386697 0.00169725 0.00136977 -0.00236458 0.00240533 0.00184241 0.00215761 0.0033514 0.00264765 0.00190702 0.00247783 0.00287148 0.000506516 -0.00069953 -0.00240803 0.00135145 0.000549127 -0.00146519 0.00128864 -0.000857168 0.00150187 0.000942065 0.00126186 -0.00346431 0.00161491 -0.00306699 0.00271776 0.00256634 0.00184837 -0.0011101 0.00318017 0.000358899 0.000942643 0.00154365 0.00150128 0.00113152 0.00126837 0.00203373 0.000122688 -0.00135038 0.00160891 -0.00135523 0.00213965 -0.00156127 0.00347647
internal_weight=22986 13028 9958 6525 6503 4755 4168 2256 523 4047 2787 1528 154 1374 994 2195 193 120 1260 1035 45 1087 685 662 402 598 406 291 269 974 259 107 1259 502 158 1108 98 1010 726 678 48 628 50 2560 355 264 1733 225 273 225 192 1748 1112 1092 652 440 164 552 44 636 1912 231
internal_count=22986 13028 9958 6525 6503 4755 4168 2256 523 4047 2787 1528 154 1374 994 2195 193 120 1260 1035 45 1087 685 662 402 598 406 291 269 974 259 107 1259 502 158 1108 98 1010 726 678 48 628 50 2560 355 264 1733 225 273 225 192 1748 1112 1092 652 440 164 552 44 636 1912 231
is_linear=0
shrinkage=0.05


Tree=40
num_leaves=63
num_cat=0
split_feature=2 2 2 2 1 11 11 4 4 4 2 11 5 8 11 7 4 2 0 3 7 3 11 8 10 0 11 1 0 1 8 11 5 11 5 8 11 0 3 10 11 11 11 3 4 5 11 11 5 0 0 0 11 5 3 4 5 4 3 3 5 4
split_gain=22.7037 2.21648 1.53674 0.637762 0.395619 0.366141 1.14356 0.608388 0.575688 0.312829 0.409156 0.305554 1.15079 0.762008 0.424583 0.362014 0.379521 0.297319 0.2873 0.387608 0.266879 0.35906 0.77252 0.259569 0.251105 0.250096 0.272434 0.239877 0.275336 0.26827 0.330454 0.30953 0.444338 0.265139 0.21906 0.209878 0.207056 0.359101 0.250146 0.201493 0.434805 0.439951 0.307888 0.52868 0.338152 0.297188 0.560116 0.366089 0.402483 0.331435 0.300933 0.294223 0.279052 0.319072 0.258373 0.210936 0.445977 0.199392 0.187324 0.176929 0.176345 0.382185
threshold=417.50000000000006 662.50000000000011 149.50000000000003 1008.5000000000001 23.500000000000004 126.50000000000001 139.50000000000003 20.850000000000005 6550.9500000000007 1.6500000000000001 1170.5000000000002 316.50000000000006 922.55000000000007 -0.1628082571180898 362.50000000000006 0.14931745146469075 6552.4500000000007 270.50000000000006 74.500000000000014 25.850000000000005 2.4005347593582891 12.050000000000002 26.500000000000004 0.35206144883412582 2.5000000000000004 91.500000000000014 133.50000000000003 710.50000000000011 305.50000000000006 104.50000000000001 -0.68322629814330782 268.50000000000006 912.95000000000016 183.50000000000003 922.55000000000007 -0.93540483100319605 354.50000000000006 105.50000000000001 -6.2499999999999991 1.5000000000000002 46.500000000000007 70.500000000000014 194.50000000000003 9.6500000000000004 20.850000000000005 919.85000000000002 86.500000000000014 90.500000000000014 912.6500000000002 209.50000000000003 175.50000000000003 73.500000000000014 113.50000000000001 916.85000000000002 21.550000000000004 17.450000000000003 922.05000000000007 9.5500000000000025 33.650000000000013 28.150000000000002 907.95000000000016 8.1500000000000004
decision_type=2 2 2 2 2 2 2 2 2 2 2 2 2 2 2 2 2 2 2 2 2 2 2 2 2 2 2 2 2 2 2 2 2 2 2 2 2 2 2 2 2 2 2 2 2 2 2 2 2 2 2 2 2 2 2 2 2 2 2 2 2 2
left_child=2 23 -1 4 36 20 7 18 25 -5 39 12 15 -14 -13 16 -8 -4 -7 57 -6 22 -22 35 -24 -9 -27 28 29 30 58 -31 -33 -30 -19 -2 38 -38 -3 -11 55 -42 44 -44 45 46 50 -48 49 51 -43 -49 -46 -54 -50 -41 -57 -20 -17 -45 -61 -62
right_child=1 3 17 9 5 6 11 8 -10 10 -12 14 13 -15 -16 27 -18 34 19 -21 21 -23 24 -25 -26 26 -28 -29 33 31 -32 32 -34 -35 -36 -37 37 -39 -40 40 41 42 43 59 52 -47 47 48 54 -51 -52 -53 53 -55 -56 56 -58 -59 -60 60 61 -63
leaf_value=-0.0022878398527376264 0.00012021743426359972 0.0040184880276821445 -0.0014497610970073565 0.0040779064958725705 0.0020589130472045444 -0.0094618369539945339 0.0028373445288761047 0.0061775305929283302 -0.0055648386466133895 0.0059948835410311256 -0.0024096577766176117 0.0031919647011727677 -0.012314651506842326 -0.00035120742299507573 -0.0042270889996889214 -0.0030634035684631452 -0.0029015928915271725 -0.00045528491079059857 0.0015537306221196552 -0.007476222866548682 0.0034961999773902249 0.0018644168965793102 -0.0053503147159779298 -0.00025760795076796965 -0.00022954780441980399 0.0028568877513296172 -0.0033021075135581768 -0.0022573047173521962 0 0.0022768623993380099 0.0025732553784698028 -0.0023941113427060415 0.0020659391375686563 -0.0051228813311965521 -0.0020216227575799986 0.0010422206870604718 0.0025268157480140235 -0.0062369601930774262 0.0020194692730630781 -0.005213354881058372 0.0044240104247108298 -0.008900749937617948 -0.0047056495540993126 0.0045161574292170714 0.004158670566495516 0.0045369997899453183 0.0071595114883792853 -0.0031603333262188171 -0.0044546472759386382 -0.0005908509473260251 -0.0010896720143056904 0.0028733386860889127 0.0022194281664106082 -0.0033717486911154317 0.0010254799227211132 -0.0018686401225307663 0.0059989853049684091 -0.0042006989944569223 0.00052488786046068646 0.0032667829962380792 -0.0040901263115191797 0.0034246536911931996
leaf_weight=5729 1088 176 2349 290 1656 27 419 26 34 40 44 292 26 29 20 91 30 1968 34 37 58 240 72 1123 39 46 29 61 128 576 67 100 126 31 255 1468 27 20 2034 21 263 21 20 238 200 53 24 21 53 131 34 267 316 27 34 63 25 26 57 252 28 42
leaf_count=5729 1088 176 2349 290 1656 27 419 26 34 40 44 292 26 29 20 91 30 1968 34 37 58 240 72 1123 39 46 29 61 128 576 67 100 126 31 255 1468 27 20 2034 21 263 21 20 238 200 53 24 21 53 131 34 267 316 27 34 63 25 26 57 252 28 42
internal_value=6.15741e-06 0.00141083 -0.00174153 0.00182806 0.00156926 0.00128899 0.000852569 -0.00227077 1.54237e-05 0.00251081 0.00230339 0.00124913 0.000986257 -0.00610948 0.00269916 0.00122104 0.0024422 -0.00105584 -0.00479806 -0.00344 0.00177512 0.000613646 -0.00113308 0.000372801 -0.00359796 0.00194703 0.000407606 0.000773592 0.000935237 0.00123992 -0.000308877 0.00166134 7.01653e-05 -0.000981729 -0.000637291 0.000651732 0.00211048 -0.00110162 0.0021811 0.00240123 0.00233122 0.00249743 0.00220663 0.00316069 0.00173362 0.000940679 0.000605594 0.00111167 0.000813579 0.00146343 -0.00417357 0.00241508 0.00265575 0.00176388 -0.00225686 -0.000708877 0.000313999 -0.000859501 -0.00164824 0.00345135 0.00264763 0.000345868
internal_weight=23121 12820 10301 9141 6634 4377 2312 259 135 2507 2217 2053 1741 55 312 1686 449 4572 124 97 2065 409 169 3679 111 101 75 1237 1176 1017 215 802 226 159 2223 2556 2257 47 2210 2173 2133 2024 1761 580 1181 638 585 530 506 419 55 288 543 343 87 109 88 60 148 560 322 70
internal_count=23121 12820 10301 9141 6634 4377 2312 259 135 2507 2217 2053 1741 55 312 1686 449 4572 124 97 2065 409 169 3679 111 101 75 1237 1176 1017 215 802 226 159 2223 2556 2257 47 2210 2173 2133 2024 1761 580 1181 638 585 530 506 419 55 288 543 343 87 109 88 60 148 560 322 70
is_linear=0
shrinkage=0.05


Tree=41
num_leaves=63
num_cat=0
split_feature=2 2 2 2 1 5 0 10 4 2 10 8 4 8 8 0 10 5 10 0 5 10 4 2 2 10 7 8 10 1 0 5 8 9 0 9 1 10 4 0 10 2 4 0 5 7 10 10 0 5 0 4 10 7 1 5 1 5 5 8 7 7
split_gain=20.5032 2.22689 1.20766 0.5755 0.357074 0.294942 0.30342 0.415498 0.281868 0.369768 0.259878 0.250609 0.242204 0.230767 0.201955 0.191102 0.299042 0.270765 0.181471 0.201002 0.216118 0.28636 0.190531 0.181271 0.170295 0.169005 0.167956 0.155551 0.15406 0.172022 0.161578 0.158938 0.150297 0.246653 1.94272 0.145502 0.249077 0.17284 0.149052 0.415913 0.142259 0.186932 0.150911 0.140069 0.208699 0.447868 0.150776 0.423601 0.792922 0.210091 0.138258 0.174334 0.136457 0.264728 0.481233 0.359986 0.135391 0.133252 0.144891 0.218203 0.298683 0.246966
threshold=396.50000000000006 662.50000000000011 149.50000000000003 1008.5000000000001 23.500000000000004 902.6500000000002 146.50000000000003 7.5000000000000009 1.6500000000000001 1170.5000000000002 11.500000000000002 0.35206144883412582 8.9500000000000011 0.29012925520284133 -0.93540483100319605 116.50000000000001 11.500000000000002 906.35000000000002 1.5000000000000002 85.500000000000014 923.35000000000002 7.5000000000000009 6552.3500000000013 947.50000000000011 866.50000000000011 4.5000000000000009 0.72055772878141311 1.0000000180025095e-35 5.5000000000000009 124.50000000000001 209.50000000000003 921.45000000000016 0.19509032201612822 -0.3520614488341256 33.500000000000007 -0.2269546835593246 2.5000000000000004 1.5000000000000002 18.250000000000004 201.50000000000003 6.5000000000000009 886.50000000000011 17.850000000000005 62.500000000000007 922.55000000000007 0.10490656884099508 4.5000000000000009 5.5000000000000009 71.500000000000014 908.05000000000007 126.50000000000001 14.450000000000001 4.5000000000000009 0.40184222423146482 5.5000000000000009 911.35000000000002 173.50000000000003 925.95000000000016 922.75000000000011 -0.13052619222005171 0.72055772878141311 2.6033573806881249
decision_type=2 2 2 2 2 2 2 2 2 2 2 2 2 2 2 2 2 2 2 2 2 2 2 2 2 2 2 2 2 2 2 2 2 2 2 2 2 2 2 2 2 2 2 2 2 2 2 2 2 2 2 2 2 2 2 2 2 2 2 2 2 2
left_child=2 11 32 4 15 6 7 -6 -5 18 13 14 23 35 25 -3 17 40 -10 20 21 22 52 -8 43 -2 -11 -21 29 30 -27 -30 33 34 -1 36 -4 -37 39 -38 41 -17 -42 44 -7 -46 -45 48 -48 -50 -16 -52 56 55 -55 -54 -20 58 -26 60 -60 -62
right_child=1 3 10 8 5 24 12 -9 9 26 -12 -13 -14 -15 50 16 -18 -19 19 27 -22 -23 -24 -25 57 28 -28 -29 31 -31 -32 -33 -34 -35 -36 37 38 -39 -40 -41 42 -43 -44 46 45 -47 47 -49 49 -51 51 -53 53 54 -56 -57 -58 -59 59 -61 61 -63
leaf_value=0.01450058317865449 0.00078595619482620658 0.0026300735613160185 -0.0012431448365223907 0.0038740814245321678 0.0019209965456219527 0.0032121391824383259 -0.0017608708211803012 -0.0048245325513866788 0.0056958868804659482 0.00033961446720071108 -0.0029172214633991955 -0.00028229039465375123 0.00041951979660851031 -0.0014390839327042184 0.0016928359709711559 -0.0045348828539146227 -0.0034917498969668833 0.0022048823872470903 0.0047871226279124664 0.0025022684491244609 -0.0031617079600977254 0.0045816965365749916 0.0044467178898584944 -0.0066520189072591541 0.0017359787891211152 -0.0047477530623595485 -0.0056790731512519777 -0.0017837926467407996 0.00012503109447214867 0.00017402286541900547 0 -0.0044005794058535339 -0.0024367809640427249 -0.0020516122088153062 -0.0017168188482774933 -0.0030147728798389961 0.0039021756224910742 -0.0008362069922648671 -0.00023258649118334881 -0.00019141140040829539 0.00039995731675401808 0.0015690570624359837 0.0027213219117783742 0.0013736901262700154 -0.0063198191794886505 0.0029800583105379524 -0.0079907982648863684 0.0012012438932363597 -0.0016491746859361445 0.0010902980089280109 0.0014712220219751007 0.00014895506431476029 0.0022952338910096235 0.0019941237897598252 -0.0080625557838990679 -0.0042496199826142882 0.00067556471742166919 0.0035478062511256135 -0.0055199321481011988 0.0042114621218099692 0.0046172606633790641 -0.0026389809430161595
leaf_weight=20 515 811 370 290 223 159 89 25 40 24 183 1205 99 1636 460 28 27 996 28 1715 26 63 33 26 1576 59 20 20 545 56 25 20 2857 2627 225 100 97 1341 389 166 277 21 97 945 20 36 36 664 125 158 402 682 90 20 27 27 84 100 29 21 23 23
leaf_count=20 515 811 370 290 223 159 89 25 40 24 183 1205 99 1636 460 28 27 996 28 1715 26 63 33 26 1576 59 20 20 545 56 25 20 2857 2627 225 100 97 1341 389 166 277 21 97 945 20 36 36 664 125 158 402 682 90 20 27 27 84 100 29 21 23 23
internal_value=5.81826e-06 0.00130714 -0.00169784 0.00173666 0.00149072 0.0012243 1.84845e-05 0.00121918 0.0023854 0.00218824 -0.0010603 0.00031664 -0.00134954 -0.000976112 0.000579561 0.00200508 0.00165092 0.00175254 0.00228131 0.00221467 0.0011764 0.00149381 0.000846787 -0.00291495 0.00136532 9.41816e-05 -0.00228945 0.00244988 -0.000404106 -0.00188892 -0.00332224 -2.70699e-05 -0.00217345 -0.00190968 -0.000367173 -0.000666516 -0.000203972 -0.00099106 0.000378176 0.0013003 0.000675361 -0.00181921 0.00101595 0.00105932 0.00228546 -0.000257545 0.000919878 0.000478428 -0.00101035 -0.00010221 0.000959818 0.000644019 0.000396797 -0.000498339 -0.00368181 0.000739845 0.00175141 0.00173249 0.00162072 -0.00021925 -0.00153038 0.000882826
internal_weight=23121 13110 10011 9141 6634 4377 462 248 2507 2217 4282 3969 214 4099 2764 2257 1446 1419 2173 2133 398 372 309 115 3915 1220 44 1735 705 140 84 565 5729 2872 245 2463 1022 1441 652 263 423 49 374 2143 215 56 1928 983 319 283 1544 1084 276 164 47 117 112 1772 1672 96 75 46
internal_count=23121 13110 10011 9141 6634 4377 462 248 2507 2217 4282 3969 214 4099 2764 2257 1446 1419 2173 2133 398 372 309 115 3915 1220 44 1735 705 140 84 565 5729 2872 245 2463 1022 1441 652 263 423 49 374 2143 215 56 1928 983 319 283 1544 1084 276 164 47 117 112 1772 1672 96 75 46
is_linear=0
shrinkage=0.05


Tree=42
num_leaves=63
num_cat=0
split_feature=2 2 2 2 1 11 11 5 3 0 11 3 11 5 8 7 11 5 0 11 7 3 11 10 8 1 2 11 11 11 3 3 1 7 3 0 0 11 11 1 0 7 5 10 8 0 8 11 3 11 10 1 5 7 5 2 0 3 7 3 5 3
split_gain=18.5096 2.00993 1.08905 0.521239 0.302413 0.288353 0.998706 0.300797 0.677194 0.699527 0.297868 0.284867 0.26716 1.05925 0.622951 0.328093 0.270294 0.809536 0.241037 0.235221 0.22806 0.315027 0.629233 0.266599 0.226393 0.222173 0.219248 0.229637 0.387273 0.539775 0.327486 0.314225 0.264624 0.241415 0.27175 0.233953 0.273911 0.227941 0.579531 0.303027 0.20975 0.207274 0.256806 0.312885 0.204651 0.19837 0.18437 0.1833 0.385221 0.175878 0.203549 0.175119 0.17474 0.182322 0.172887 0.167981 0.164075 0.217634 0.163821 0.158856 0.243003 0.209823
threshold=396.50000000000006 662.50000000000011 149.50000000000003 995.50000000000011 24.500000000000004 126.50000000000001 138.50000000000003 908.05000000000007 23.950000000000003 76.500000000000014 128.50000000000003 10.250000000000002 316.50000000000006 922.55000000000007 -0.1628082571180898 0.087616170335203594 358.50000000000006 920.55000000000007 305.50000000000006 183.50000000000003 2.4005347593582891 14.050000000000002 26.500000000000004 2.5000000000000004 0.35206144883412582 55.500000000000007 1150.5000000000002 105.50000000000001 144.50000000000003 127.50000000000001 9.6500000000000004 24.550000000000004 551.50000000000011 4.0052083333333348 31.050000000000004 129.50000000000003 148.50000000000003 93.500000000000014 90.500000000000014 282.50000000000006 59.500000000000007 0.51985652940773208 915.25000000000011 2.5000000000000004 0.77259657388510639 80.500000000000014 -0.9103761370219875 46.500000000000007 -3.1499999999999999 127.50000000000001 5.5000000000000009 2.5000000000000004 913.85000000000002 0.48900966183574884 912.95000000000016 1078.5000000000002 171.50000000000003 20.550000000000004 1.502747252747253 15.050000000000002 917.55000000000007 1.9500000000000002
decision_type=2 2 2 2 2 2 2 2 2 2 2 2 2 2 2 2 2 2 2 2 2 2 2 2 2 2 2 2 2 2 2 2 2 2 2 2 2 2 2 2 2 2 2 2 2 2 2 2 2 2 2 2 2 2 2 2 2 2 2 2 2 2
left_child=2 24 -1 4 -3 20 7 -7 9 -9 -11 40 13 15 -15 -8 -14 -18 25 -20 -6 22 -22 -24 46 -17 27 37 29 35 -30 -32 33 34 -31 -29 -37 38 41 -40 -4 42 54 -44 51 -43 49 48 -47 -2 -51 -13 53 -28 -5 -56 57 -48 -38 60 61 -58
right_child=1 3 11 26 5 6 12 8 -10 10 -12 44 16 14 -16 18 17 -19 19 -21 21 -23 23 -25 -26 -27 52 28 30 32 31 -33 -34 -35 -36 36 58 -39 39 -41 -42 45 43 -45 -46 47 56 -49 -50 50 -52 -53 -54 -55 55 -57 59 -59 -60 -61 -62 -63
leaf_value=-0.0020648137576759172 0.00077809509414236136 0.0018764028099320575 -0.0025351707223851931 0.0020320255550059512 0.0018545355372782237 -0.0044709842014446595 0.0034454913709550854 -0.0086687184034663946 0.0065357016347556479 -0.0039059722009901101 0.003341884747111442 -0.001177350146257152 0.0031110543319845408 -0.011842320256855384 -0.00068504835076877563 -0.0012775088421198919 0.0060257479009045737 -0.006948569407008616 -3.8765787081930012e-05 -0.0051135956329000226 0.0032238162925531128 0.0017806016160520348 -0.00536296489446806 -0.00036236533549919637 -0.0002681770445169983 0.0012563984981114101 0.0052626207600630333 0.0041806896588310813 -0.0027831434281830932 -0.0050510580037087761 0.0040609138324646582 0.0020926877521983654 0.0016460224683089585 0.0014042828192600233 0.00036949332798846634 -0.0039897461038776285 0.0034469481942830827 0.0046398749853691105 0.002067021184556872 -0.00567776974308577 -0.0011680214938954295 0.0080695788283272098 0.00086866711120001973 0.0049206304565495313 -0.0017398196445763418 0.0033617474035544798 0.0014007374378418656 0.003775703638635706 -0.0048694498688723912 -0.0021715649822131697 0 -0.00027659988177439491 -0.003371522478804095 -0.00036244527593360098 0.00063014100170978788 -0.0044950228642387643 -0.0052173941713950928 0.0059915959324647952 0 0.0010464678908914749 0.00070905829075806198 -0.00064544654802237698
leaf_weight=5729 603 2170 434 56 1563 101 135 32 25 23 36 795 258 25 27 91 22 26 133 28 55 207 65 49 1205 1235 20 94 29 81 264 1011 53 30 30 23 74 167 20 31 868 25 96 102 437 47 502 363 20 129 642 1748 29 46 31 30 38 28 63 541 198 83
leaf_count=5729 603 2170 434 56 1563 101 135 32 25 23 36 795 258 25 27 91 22 26 133 28 55 207 65 49 1205 1235 20 94 29 81 264 1011 53 30 30 23 74 167 20 31 868 25 96 102 437 47 502 363 20 129 642 1748 29 46 31 30 38 28 63 541 198 83
internal_value=5.58313e-06 0.00124203 -0.00161312 0.0016501 0.00139475 0.0011408 0.000744243 -0.00246809 -0.000678774 -0.00272066 0.000430018 -0.00100759 0.00109893 0.000845961 -0.00615752 0.00107394 0.00246578 -0.000897893 0.00085505 -0.000955008 0.00158749 0.000463902 -0.00111939 -0.00325961 0.000300943 0.00107865 0.00221624 0.00229821 0.0019456 0.000661617 0.0023828 0.00250443 -0.00130781 -0.00245393 -0.00354203 0.00218543 0.000980101 0.00291815 0.00256133 -0.00254465 -0.00162774 0.00290629 0.00188565 0.00298271 -0.000734912 0.00360133 0.000550868 0.00332811 0.000826563 0.000135863 -0.000359978 -0.000560196 -9.50721e-05 0.00127186 0 -0.00181183 0.000957458 0.00165379 0.00185323 0.000522368 -0.000350846 -0.00212568
internal_weight=23121 13110 10011 9141 6306 4136 2197 217 116 91 59 4282 1980 1674 52 1622 306 48 1487 161 1939 376 169 114 3969 1326 2835 2740 1752 448 1304 1275 194 141 111 254 160 988 821 51 1302 770 315 198 2980 455 2764 430 67 1374 771 2543 95 66 117 61 1390 530 137 860 319 121
internal_count=23121 13110 10011 9141 6306 4136 2197 217 116 91 59 4282 1980 1674 52 1622 306 48 1487 161 1939 376 169 114 3969 1326 2835 2740 1752 448 1304 1275 194 141 111 254 160 988 821 51 1302 770 315 198 2980 455 2764 430 67 1374 771 2543 95 66 117 61 1390 530 137 860 319 121
is_linear=0
shrinkage=0.05


Tree=43
num_leaves=63
num_cat=0
split_feature=2 2 2 8 8 10 11 1 0 0 11 11 11 4 11 3 11 7 11 11 2 1 11 0 4 11 5 5 5 0 11 0 11 5 0 11 1 1 4 0 5 4 3 11 5 2 7 7 3 11 3 11 4 11 2 0 7 11 11 0 7 1
split_gain=16.718 1.71166 1.2574 0.335389 0.326745 0.322048 0.454011 0.417188 0.28097 0.274803 0.252924 0.362853 0.579913 0.469719 0.357452 0.340871 0.330616 0.332926 0.382736 0.591132 0.331402 0.303908 0.377733 0.296685 0.373194 0.252424 0.23754 0.23585 0.243776 0.247929 0.217646 0.215715 0.212132 0.439146 0.202277 0.19697 0.208033 0.193466 0.308085 0.241899 0.265403 0.205414 0.405658 0.525132 0.205806 0.178587 0.177857 0.205986 0.369887 0.748493 0.175798 0.64486 0.301093 0.813024 0.371905 0.287621 0.515883 0.265312 0.183518 0.216366 0.172818 0.166286
threshold=480.50000000000006 233.50000000000003 866.50000000000011 0.35206144883412582 -0.84874750804349186 4.5000000000000009 159.50000000000003 179.50000000000003 157.50000000000003 75.500000000000014 105.50000000000001 144.50000000000003 126.50000000000001 21.950000000000003 106.50000000000001 -1.6499999999999997 95.500000000000014 0.66698172652804044 90.500000000000014 93.500000000000014 1068.5000000000002 198.50000000000003 139.50000000000003 135.50000000000003 3.2500000000000004 348.50000000000006 922.55000000000007 902.25000000000011 916.35000000000002 93.500000000000014 147.50000000000003 77.500000000000014 56.500000000000007 914.45000000000016 311.50000000000006 8.5000000000000018 257.50000000000006 492.50000000000006 4.8500000000000005 99.500000000000014 915.1500000000002 34.250000000000007 3.9500000000000006 62.500000000000007 918.85000000000002 1117.5000000000002 2.9127717391304353 8.0102040816326561 8.5500000000000025 32.500000000000007 32.550000000000004 245.50000000000003 6549.9500000000007 152.50000000000003 1052.5000000000002 629.50000000000011 0.27418286690878019 194.50000000000003 183.50000000000003 260.50000000000006 0.36720956920903963 164.50000000000003
decision_type=2 2 2 2 2 2 2 2 2 2 2 2 2 2 2 2 2 2 2 2 2 2 2 2 2 2 2 2 2 2 2 2 2 2 2 2 2 2 2 2 2 2 2 2 2 2 2 2 2 2 2 2 2 2 2 2 2 2 2 2 2 2
left_child=1 9 3 4 5 -2 7 -7 -6 -1 16 12 14 23 -12 -13 17 18 37 -20 31 -15 60 -14 -25 32 -3 -16 -29 -30 -17 -19 33 -10 -34 -35 61 38 -4 40 -39 42 -40 44 -44 50 -33 48 49 -48 52 57 -32 54 -54 56 -53 58 -52 -60 -23 -37
right_child=2 26 10 -5 8 6 -8 -9 25 -11 11 15 13 21 27 30 -18 20 19 -21 -22 22 -24 24 -26 -27 -28 28 29 -31 45 46 34 35 -36 36 -38 39 41 -41 -42 -43 43 -45 -46 -47 47 -49 -50 -51 51 55 53 -55 -56 -57 -58 -59 59 -61 -62 -63
leaf_value=-0.0020122902109017638 0.0012760928172557411 -0.00036905409062771086 0.0046389544618103302 0.00011998195523977975 0.0018773152442719836 -0.0032960846124003001 0.00057259933708393165 0.00036211616975539193 -0.0049251274647612647 -0.0013210635227193285 -0.0044508893078113619 -0.0031612809898325955 -0.0053548135187314909 0.0043691759372312218 -0.003060406112385478 0.0051898660610268585 0.0040784087996059131 0.00555285960673147 -0.0051182745386194797 0.0037897611759417416 0.0045557667763144955 -0.00046928950508636586 0.0041729333646664465 0.0034382028240721751 -0.0026654908614595144 -0.004364299888438671 -0.0015881534089130678 0.0027628131021879918 0.0022022970190805021 -0.0052498977700832176 0.0024900861807590959 0.003098582325649669 0.0019422713733291245 0.0024693503372592161 0.00064286757815872173 -0.00026228294143407059 -0.0049383127413054496 -0.0028775182004286866 -0.0053229566934833855 0.0040079796937437639 0.0023005870694126919 0.0023333073547757532 0.0041190502958165284 -0.0031844364189739295 -0.0007443760300880855 0 0.0017412084908178156 0.0022514661350612735 0.0023975709331843088 -0.0068540372174072705 0.0017657498366317808 0.0017527083194448581 -0.010065465831783563 0.0038331054298842912 -0.00037744395638728023 0.0020575428425700744 -0.0078922908613806662 0.0026469027300111522 0.00025110657869692427 -0.0051673175402369648 -0.0053802484093355262 0.0036521261713656199
leaf_weight=5368 859 3355 45 1317 1392 171 918 139 41 2037 21 32 62 50 20 53 244 47 53 28 193 66 35 33 98 22 458 406 24 20 1466 250 618 96 611 203 21 32 38 150 101 79 71 62 29 114 58 302 96 44 223 20 22 50 20 21 40 463 136 21 26 31
leaf_count=5368 859 3355 45 1317 1392 171 918 139 41 2037 21 32 62 50 20 53 244 47 53 28 193 66 35 33 98 22 458 406 24 20 1466 250 618 96 611 203 21 32 38 150 101 79 71 62 29 114 58 302 96 44 223 20 22 50 20 21 40 463 136 21 26 31
internal_value=5.32839e-06 -0.00137938 0.00131077 0.000835949 0.00101906 0.00053347 9.8638e-06 -0.00164008 0.0013513 -0.00182284 0.00186938 0.0016141 0.000711659 -0.000773556 0.00184098 0.00190202 0.00233712 0.00208071 0.00122214 -0.00197643 0.00267214 0.00106675 -0.000196495 -0.00248687 -0.00108833 0.000902512 -0.000516836 0.00213362 0.00237621 -0.00107591 0.00196519 0.00220922 0.000977342 -2.29664e-05 0.00130044 0.000536649 -0.000172038 0.00165746 0.000800452 0.00262034 0.00101594 0.000161983 -0.000671439 0.000391423 0.00265937 0.00189723 0.00199231 0.00142867 0.000147944 -0.00192065 0.00198612 0.0014252 0.00231546 -0.000412539 -0.00558274 -0.00280934 -0.00459653 0.00183829 0.000839474 -0.000444652 -0.00191579 0.000236273
internal_weight=23121 11218 11903 6439 5122 2087 1228 310 3035 7405 5464 3542 861 370 491 2681 1922 1678 688 81 990 177 127 193 131 1643 3813 470 450 44 2649 797 1621 392 1229 351 255 607 324 283 133 279 200 162 100 2596 750 500 198 102 2482 924 1558 92 42 81 60 843 380 157 92 234
internal_count=23121 11218 11903 6439 5122 2087 1228 310 3035 7405 5464 3542 861 370 491 2681 1922 1678 688 81 990 177 127 193 131 1643 3813 470 450 44 2649 797 1621 392 1229 351 255 607 324 283 133 279 200 162 100 2596 750 500 198 102 2482 924 1558 92 42 81 60 843 380 157 92 234
is_linear=0
shrinkage=0.05


Tree=44
num_leaves=63
num_cat=0
split_feature=0 8 9 11 8 0 9 0 3 0 8 8 3 11 4 4 5 11 4 0 9 11 5 7 7 7 3 7 4 5 5 8 11 4 8 5 11 11 11 7 11 0 11 3 3 11 11 7 9 5 4 11 7 5 5 4 11 5 11 0 7 11
split_gain=7.85787 3.366 3.17329 0.54164 0.463451 0.442356 0.415412 0.40706 0.504402 0.40355 0.348575 0.306305 0.285088 0.346574 0.284788 0.293276 0.467293 0.30236 0.279226 0.307973 0.269111 0.232627 0.434066 0.25912 0.454351 0.257452 0.227058 0.226706 0.330952 0.377825 0.22642 0.221477 0.219709 0.39467 0.217386 0.21055 0.22733 0.276267 0.275185 0.491483 0.19503 0.274845 0.420655 0.194187 0.192347 0.24648 0.414072 0.387175 0.189387 0.179843 0.343017 0.275496 0.174981 0.17208 0.168492 0.16236 0.161069 0.160424 0.157203 0.156105 0.152326 0.151904
threshold=50.500000000000007 0.41248606129204562 -0.41248606129204529 350.50000000000006 0.097964660725097366 163.50000000000003 -0.16280825711808986 132.50000000000003 -4.7499999999999991 448.50000000000006 0.77259657388510639 -0.70710678118654735 32.550000000000004 260.50000000000006 66.15000000000002 15.050000000000002 905.6500000000002 8.5000000000000018 5.5500000000000007 305.50000000000006 -0.93540483100319605 112.50000000000001 914.25000000000011 0.45981206477053449 1.4171052631578951 8.0102040816326561 -6.5499999999999989 26.034482758620694 4.4500000000000011 918.05000000000007 916.35000000000002 -0.8814490726585632 26.500000000000004 31.950000000000003 -0.63405362205439475 918.75000000000011 113.50000000000001 93.500000000000014 70.500000000000014 0.48900966183574884 137.50000000000003 130.50000000000003 124.50000000000001 14.750000000000002 5.2500000000000009 124.50000000000001 136.50000000000003 2.1093399750934001 -0.29012925520284105 920.45000000000016 38.050000000000004 360.50000000000006 0.10490656884099508 918.75000000000011 902.25000000000011 35.45000000000001 189.50000000000003 920.45000000000016 34.500000000000007 629.50000000000011 5.1919642857142865 294.50000000000006
decision_type=2 2 2 2 2 2 2 2 2 2 2 2 2 2 2 2 2 2 2 2 2 2 2 2 2 2 2 2 2 2 2 2 2 2 2 2 2 2 2 2 2 2 2 2 2 2 2 2 2 2 2 2 2 2 2 2 2 2 2 2 2 2
left_child=20 2 3 4 5 11 44 49 -9 14 -3 -2 13 -11 15 16 18 -17 19 34 -1 22 -19 -24 -25 32 -13 -15 -29 -30 -18 48 -26 -34 54 36 37 38 -28 43 41 42 -38 -40 -4 -46 47 -47 61 51 -51 -5 -37 -27 56 -43 -7 58 -55 -14 -23 -22
right_child=1 10 6 7 -6 9 -8 8 -10 12 -12 26 59 27 -16 17 30 21 -20 -21 31 60 23 24 25 53 35 28 29 -31 -32 -33 33 -35 -36 52 40 -39 39 -41 -42 55 -44 -45 45 46 -48 -49 -50 50 -52 -53 -54 57 -56 -57 -58 -59 -60 -61 -62 -63
leaf_value=0.0026953479159054724 0.001152400074814306 -0.00062156560310867078 -0.00083393497288192231 -0.00043036039278798038 0.00064471058446480961 -0.0044548136342873667 -0.00085458020268895239 -0.010817865404620101 -0.001522790730596534 0.0032994418471171492 -0.0017506097999139471 0.0039573394896264711 -0.0035650116722548125 0.004429867726082129 0.0019851155534377561 0.0024528037008206358 0.0014914955135218928 -0.0032062813467762311 -0.00095290932378422908 -0.0013090304423846516 0.0034749308195060643 0.001864440867448957 -0.0049000954769294839 0.0034974361999406847 0.00082977976935399577 0.0025779559989579579 0.0031781520003290042 0.0030950336908903034 -0.0086495007525123121 -3.1201412471441112e-05 0.0035730799552559631 -0.0020943760993464996 -0.0018332124194889313 -0.0099609620090740838 0.0030231319954929074 -0.0018861873519500387 0.0037594808880965732 0.0048895527271299094 -0.0047905530284849864 0.0049656736745139745 0.0021127523535525035 0 -0.0016581557707125456 0.00013223945705933906 0.0013962525203744768 -0.0094617702879046944 0.00028070290885522911 -0.0010904288091121174 -0.0014848438816528579 -0.0069864067191620005 0.00020323681041463341 0.0043843611934038249 0.0014245718310129855 0.00027638508710055727 0.0020658486821356209 -0.0064492848760851502 0.0007802275175997636 0.00048790001925398435 -0.0053016149723948743 0.0019551532916830617 8.1268699807891183e-05 -0.00091804971546819542
leaf_weight=32 1272 2453 362 69 2213 28 2283 20 60 425 962 159 30 24 508 128 831 142 316 100 35 171 26 86 35 66 309 30 21 35 161 3048 68 20 171 41 82 160 34 38 1430 20 62 44 461 21 781 45 1600 21 72 50 692 20 59 20 28 129 28 21 421 42
leaf_count=32 1272 2453 362 69 2213 28 2283 20 60 425 962 159 30 24 508 128 831 142 316 100 35 171 26 86 35 66 309 30 21 35 161 3048 68 20 171 41 82 160 34 38 1430 20 62 44 461 21 781 45 1600 21 72 50 692 20 59 20 28 129 28 21 421 42
internal_value=5.12701e-06 0.000474484 0.000798208 0.0012351 0.00129325 0.00146168 -0.000415829 -0.000879151 -0.00391959 0.00108758 -0.000941122 0.00181446 0.00230824 0.00265168 0.00088416 0.000698113 0.00113574 0.000141105 0.000140785 0.00104911 -0.00180571 -9.90915e-05 -0.00077945 -4.75305e-05 0.000221562 -0.000535267 0.00208524 0.000102822 -0.0010504 -0.00336185 0.0018347 -0.0018373 -0.002404 -0.00374639 0.00189127 0.00198188 0.00222939 0.00308811 0.00239716 0.000272748 0.00191487 0.00034954 0.00139266 -0.00195296 0.000180995 0.00046575 -3.4901e-05 -0.00383997 -0.00136699 0.000245916 -0.00137229 0.00155263 0.00123233 0.000390665 0.000163647 -0.0032751 -0.00175144 -0.000397697 -0.00287776 -0.00119478 0.000605013 0.00101583
internal_weight=23121 18364 14949 10996 10704 8491 3953 292 80 4128 3415 4363 586 535 3542 3034 1694 1340 702 386 4757 1212 620 478 452 366 3091 110 86 56 992 4725 123 88 286 2932 2199 585 425 116 1614 184 144 78 1670 1308 847 66 1677 212 93 119 733 243 115 40 56 177 48 51 592 77
internal_count=23121 18364 14949 10996 10704 8491 3953 292 80 4128 3415 4363 586 535 3542 3034 1694 1340 702 386 4757 1212 620 478 452 366 3091 110 86 56 992 4725 123 88 286 2932 2199 585 425 116 1614 184 144 78 1670 1308 847 66 1677 212 93 119 733 243 115 40 56 177 48 51 592 77
is_linear=0
shrinkage=0.05


Tree=45
num_leaves=63
num_cat=0
split_feature=2 2 2 1 5 0 5 7 0 11 11 0 7 1 0 4 11 11 11 11 11 1 11 8 1 11 5 11 4 0 5 5 11 11 4 5 8 8 8 4 11 11 0 0 7 0 4 11 1 4 4 5 4 8 7 0 4 4 0 11 11 11
split_gain=13.8498 1.5868 0.582105 0.457238 0.382527 0.4412 0.533797 1.36494 0.416963 0.496344 1.07561 0.407848 0.357967 0.611694 0.260136 0.245108 0.231901 0.630193 0.304895 0.221645 1.08096 0.434471 0.379131 0.35801 0.349535 0.262933 0.810846 0.315514 0.260633 0.329934 0.240491 0.292225 0.232358 0.215698 0.205491 0.258414 0.186749 0.201313 0.173904 0.222172 0.195185 0.521126 0.167033 0.166845 0.203864 0.200458 0.165398 0.160057 0.240444 0.271704 0.190485 0.291991 0.182519 0.288611 0.29484 0.169115 0.15168 0.150954 0.232213 0.159191 0.178235 0.439134
threshold=363.50000000000006 721.50000000000011 135.50000000000003 24.500000000000004 915.05000000000007 275.50000000000006 922.45000000000016 0.10087658681408683 152.50000000000003 44.500000000000007 70.500000000000014 295.50000000000006 0.45981206477053449 85.500000000000014 81.500000000000014 23.450000000000003 137.50000000000003 127.50000000000001 360.50000000000006 127.50000000000001 139.50000000000003 129.50000000000003 208.50000000000003 -0.41248606129204551 459.50000000000006 268.50000000000006 904.55000000000007 270.50000000000006 9.5500000000000025 106.50000000000001 906.05000000000007 903.55000000000007 48.500000000000007 294.50000000000006 8.1500000000000004 911.75000000000011 0.35206144883412582 -0.9733555533461492 -0.13052619222005171 6.9500000000000011 142.50000000000003 144.50000000000003 116.50000000000001 747.50000000000011 236.16666666666671 667.50000000000011 7.5500000000000007 168.50000000000003 619.50000000000011 4.6500000000000012 6549.9500000000007 907.45000000000016 5.9500000000000011 -0.52778511650980109 0.69309523809523821 87.500000000000014 10.350000000000003 61.95000000000001 126.50000000000001 350.50000000000006 143.50000000000003 133.50000000000003
decision_type=2 2 2 2 2 2 2 2 2 2 2 2 2 2 2 2 2 2 2 2 2 2 2 2 2 2 2 2 2 2 2 2 2 2 2 2 2 2 2 2 2 2 2 2 2 2 2 2 2 2 2 2 2 2 2 2 2 2 2 2 2 2
left_child=2 36 -1 42 11 6 16 -8 9 -9 -11 19 -10 -14 -12 -13 17 -6 -18 32 24 22 23 28 -21 38 -27 -28 29 -22 31 -30 -5 -4 -29 -36 37 -2 40 -40 -23 -42 -3 44 -44 -46 -39 48 50 -50 52 55 53 54 -43 -52 -51 58 -48 60 61 -60
right_child=1 3 33 4 5 -7 7 8 12 10 14 15 13 -15 -16 -17 18 -19 -20 20 21 25 -24 -25 -26 26 27 34 30 -31 -32 -33 -34 -35 35 -37 -38 46 39 -41 41 47 43 -45 45 -47 57 -49 49 56 51 -53 -54 -55 -56 -57 -58 -59 59 -61 -62 -63
leaf_value=-0.001823123521718981 -4.2699479536207589e-05 0.0025793260269279285 -0.00090726774259798984 -0.0016876743512717501 0.0018318202331372134 0.003638839156706489 -0.0097909198696879834 0.0040963962070738446 -0.0078107597235749122 -0.007109540040602505 0.0047640252564298486 -0.0012761401906099502 -0.0053229036650664259 0.0033975241457973246 0.00035240726290628659 0.0013993353350990447 0.0032412116125619186 -0.0040989243638980535 -0.0029461739149259686 -0.0043163844004077195 -0.0098496373642906841 0.0056029196389651217 0.0035282641393771194 0.0020406868391383247 0.00048877833440258314 -0.0094698361416846091 -0.0034337738971294191 0.0045769052201467654 -0.00042569727283945529 -0.0020692840739071727 0.0026237992872226281 -0.0079329864840157593 0.0017764811885982339 -0.0021854709918604364 -0.003479365560348772 0.0020962990643595496 -9.1425396829817216e-05 0.0016007888179574042 0.0021479996383083704 -0.00030949493393958734 -0.0052330766669261997 0.0015550358677732044 0.0018021507382527079 0.0036149859040631623 -0.00091221294096337051 0.0023719617149214126 0.0010710448356302221 0.002842784599438021 0.0031087453051457576 -0.0064284574450094462 0 0.0042731045966546881 0.0047772269998584077 0.0039447174527832427 -0.0049929045571624857 -0.0058005181570949761 -0.00028618590341289457 0.0014826748557492319 -0.00018506977226289675 -0.0040726866288819724 0.00075332187582010518 -0.0058795926671918915
leaf_weight=5342 1032 900 3693 49 767 274 33 126 21 41 55 315 36 45 92 116 411 47 20 129 26 40 40 45 51 21 34 48 41 33 27 20 1138 370 28 77 1598 499 167 198 24 59 1365 112 145 68 768 432 22 23 36 26 75 75 24 20 21 394 589 24 487 36
leaf_count=5342 1032 900 3693 49 767 274 33 126 21 41 55 315 36 45 92 116 411 47 20 129 26 40 40 45 51 21 34 48 41 33 27 20 1138 370 28 77 1598 499 167 198 24 59 1365 112 145 68 768 432 22 23 36 26 75 75 24 20 21 394 589 24 487 36
internal_value=-6.39417e-06 0.00102172 -0.00147886 0.00146792 0.00120557 0.00176529 0.0014591 -7.80894e-06 0.000758405 0.00166924 1.46327e-05 0.000887565 -0.00199545 -0.000418354 0.00203912 -0.000544303 0.00199211 0.00148278 0.00294188 0.00109162 0.000746209 0.00114249 -0.000852627 -0.0017927 -0.00292764 0.0014652 -0.000158105 0.000865376 -0.00300077 -0.00559338 -0.00120141 -0.00297789 0.00162914 -0.00102495 0.00185502 0.000559986 0.000359913 0.000549578 0.00174107 0.000801478 0.00212628 0.00195351 0.00201775 0.00171559 0.00157739 0.000113414 0.00076989 0.00217243 0.00139867 -0.00129853 0.0019799 -3.31881e-05 0.00270953 0.001694 -0.000281906 -0.00212572 -0.00361759 0.000587226 0.000399235 -5.05999e-05 3.20701e-05 -0.000521961
internal_weight=22870 13465 9405 8038 5448 1968 1694 449 416 314 188 3480 102 81 147 431 1245 814 431 3049 1862 1682 232 192 180 1450 208 187 147 59 88 61 1187 4063 153 105 5427 3829 1242 365 877 837 2590 1690 1578 213 2797 813 381 66 315 82 233 158 83 56 44 2298 1904 1136 1112 625
internal_count=22870 13465 9405 8038 5448 1968 1694 449 416 314 188 3480 102 81 147 431 1245 814 431 3049 1862 1682 232 192 180 1450 208 187 147 59 88 61 1187 4063 153 105 5427 3829 1242 365 877 837 2590 1690 1578 213 2797 813 381 66 315 82 233 158 83 56 44 2298 1904 1136 1112 625
is_linear=0
shrinkage=0.05


Tree=46
num_leaves=63
num_cat=0
split_feature=0 8 9 0 0 4 8 4 5 0 5 8 8 7 3 5 3 8 3 8 9 4 8 10 8 3 8 5 7 5 1 3 5 3 0 3 5 10 10 10 1 4 0 3 7 5 0 3 10 5 5 1 5 3 5 5 3 4 7 8 8 3
split_gain=6.32679 2.77905 2.57837 0.433089 0.590884 0.394735 0.36938 0.3592 0.701494 0.308121 0.370945 0.339819 0.376236 0.327515 0.27102 0.397949 0.265406 0.252393 0.252175 0.246938 0.242776 0.227002 0.369928 0.252928 0.221282 0.201586 0.2003 0.183316 0.284975 0.615048 0.19126 0.181548 0.176193 0.424485 0.251159 0.205927 0.165666 0.376779 0.164579 0.30051 0.648462 0.359631 0.322174 0.241346 0.234557 0.155907 0.309433 0.152102 0.27663 0.218237 0.201854 0.184721 0.17292 0.206588 0.147092 0.146695 0.146192 0.145066 0.218968 0.199949 0.143861 0.169147
threshold=48.500000000000007 0.35206144883412582 -0.2269546835593246 609.50000000000011 130.50000000000003 62.650000000000013 0.77259657388510639 13.850000000000003 917.55000000000007 260.50000000000006 906.25000000000011 -0.52778511650980109 1.0000000180025095e-35 0.27418286690878019 22.550000000000004 914.85000000000002 30.550000000000004 -0.8814490726585632 27.150000000000002 -0.84874750804349186 -0.91037613702198728 48.150000000000013 -0.32143946530316164 11.500000000000002 0.097964660725097366 -6.5499999999999989 1.0000000180025095e-35 918.6500000000002 0.10087658681408683 922.75000000000011 445.50000000000006 -3.5499999999999994 925.45000000000016 2.5500000000000003 181.50000000000003 -4.4499999999999993 908.55000000000007 8.5000000000000018 1.5000000000000002 2.5000000000000004 12.500000000000002 18.850000000000005 80.500000000000014 -1.4499999999999997 3.6682389937106925 908.05000000000007 221.50000000000003 -4.4499999999999993 4.5000000000000009 922.75000000000011 918.6500000000002 35.500000000000007 921.95000000000016 2.5500000000000003 921.45000000000016 921.6500000000002 2.5500000000000003 25.250000000000004 9.2620137299771184 -0.47114434510950048 -0.93540483100319605 10.250000000000002
decision_type=2 2 2 2 2 2 2 2 2 2 2 2 2 2 2 2 2 2 2 2 2 2 2 2 2 2 2 2 2 2 2 2 2 2 2 2 2 2 2 2 2 2 2 2 2 2 2 2 2 2 2 2 2 2 2 2 2 2 2 2 2 2
left_child=20 2 3 4 17 7 56 8 9 11 18 -6 -13 -14 26 16 45 54 -11 -9 -1 32 31 -24 25 -19 -7 36 29 -29 38 -23 34 -34 35 55 37 -27 -30 40 42 -42 -40 44 -41 46 -16 -36 49 50 57 52 53 -50 -2 -21 -3 58 -49 -59 61 -22
right_child=1 6 -4 -5 5 14 -8 19 -10 10 -12 12 13 -15 15 -17 -18 24 -20 21 60 22 23 -25 -26 27 -28 28 30 -31 -32 -33 33 -35 47 -37 -38 -39 39 43 41 -43 -44 -45 -46 -47 -48 48 51 -51 -52 -53 -54 -55 -56 -57 -58 59 -60 -61 -62 -63
leaf_value=0.0023314730449995008 0.00091779052867680452 -0.001254179952879588 -0.00066727079753098155 0.0026565196011617037 0.00026417499243797235 0.0034152357790184942 -0.0016145024533617482 -0.0014509873398436187 0.0031896460175650492 -0.0036031611195404705 0.00082135312423848401 0.0026157022845090683 -0.0039437571437809411 0.00099450032510313814 -0.0043132928123850072 -0.0059071427516972841 0.0021239898326774762 0.0037800173952707971 -0.00055287336336689588 0.0012394137189385311 -0.0017943126062181878 0.0028379435066641315 -0.0017142775958502343 -0.0069452663800026295 0.00084952100468060508 0.0016023470942230439 0.00033320008307818525 0.0035687704726514234 0.0018834822135477204 -0.0074031420487308836 0.0026180357867483101 -0.00099351962633836182 0.0025606687941150032 -0.0036683551121916369 0.0020383119490288261 0.0014443633670644573 0.0022904950984079888 -0.0035559476407404748 0.0055973208386013171 -0.0055223480975100797 -0.0024431010601164279 -0.011678697498728387 -0.0015106887149573646 0.0019234863097672241 0.0010410518278255803 0.0011533490555622431 0.00069317650391168212 -0.0018774427634233371 -0.0055638704334260583 -0.004914228565147733 0.00068909744161262207 0.0014035972587765032 0.0030880294109304103 -0.00033431355250260371 -0.00074405073687578284 -0.0041323822891290154 -0.00032387888269040682 -0.0075007071871778146 0.0021677328823858184 -0.001862341010622116 -0.0019052624270376253 -0.00058406794386211636
leaf_weight=36 808 523 2715 404 745 257 1001 248 293 84 527 493 38 272 50 20 347 121 383 20 654 61 122 30 907 1026 71 22 214 29 195 60 200 31 72 486 1255 36 25 24 26 20 42 196 29 146 77 139 20 39 124 243 34 386 156 30 2355 23 43 62 3230 545
leaf_count=36 808 523 2715 404 745 257 1001 248 293 84 527 493 38 272 50 20 347 121 383 20 654 61 122 30 907 1026 71 22 214 29 195 60 200 31 72 486 1255 36 25 24 26 20 42 196 29 146 77 139 20 39 124 243 34 386 156 30 2355 23 43 62 3230 545
internal_value=-6.0774e-06 0.000403316 0.00072099 0.00104054 0.000982842 0.000655924 -0.000785004 0.000485209 0.000869449 0.000599933 -8.23825e-05 0.00104127 0.00175588 0.000371965 0.00158672 0.000975403 0.0012064 0.00138172 -0.00111289 4.26852e-05 -0.00169471 0.000211476 -0.00113394 -0.00278347 0.00155125 0.00174492 0.00276363 0.00166476 0.00100992 -0.00257459 0.00125382 0.000897505 0.00040225 0.00170188 0.000224815 0.0011241 0.00189487 0.00142246 0.000782922 0.000118165 -0.00200366 -0.00658366 0.00107143 0.00110157 -0.00184169 2.14289e-05 -0.00124038 -0.000177794 -0.000325816 -0.00132125 -0.000948923 0.000293667 -0.000308136 -0.000605546 0.000643626 -0.00188568 -0.000494711 -0.00172834 -0.000893591 -0.00345379 -0.00172862 -0.00124847
internal_weight=22870 18405 14526 11811 11407 6276 3879 5308 2835 2542 994 1548 803 310 968 640 620 5131 467 2473 4465 2225 273 152 4167 3260 328 3139 822 51 771 121 1952 231 1721 536 2317 1062 576 362 113 46 67 249 53 273 127 1185 1113 430 391 683 440 406 964 50 2878 267 182 85 4429 1199
internal_count=22870 18405 14526 11811 11407 6276 3879 5308 2835 2542 994 1548 803 310 968 640 620 5131 467 2473 4465 2225 273 152 4167 3260 328 3139 822 51 771 121 1952 231 1721 536 2317 1062 576 362 113 46 67 249 53 273 127 1185 1113 430 391 683 440 406 964 50 2878 267 182 85 4429 1199
is_linear=0
shrinkage=0.05


Tree=47
num_leaves=63
num_cat=0
split_feature=0 9 1 9 4 3 11 1 4 5 4 11 11 11 4 3 3 4 1 3 7 10 9 1 1 5 3 11 11 11 11 11 11 5 11 11 11 11 11 5 5 3 11 0 0 3 1 9 11 7 3 5 11 11 9 0 7 7 5 4 0 11
split_gain=5.71037 2.18495 0.755309 0.470326 0.398873 0.382167 0.356874 0.485652 0.356301 0.378662 0.528129 0.389447 0.519917 0.317524 0.304773 0.278834 0.38303 0.268653 0.255716 0.249416 0.235221 0.400395 0.219476 0.209709 0.253162 0.240508 0.209352 0.2044 0.450293 0.245728 0.279922 0.1953 0.479169 0.231227 0.18852 0.188219 0.177107 0.66926 0.243395 0.223848 0.169237 0.167191 0.166553 0.217517 0.216312 0.176152 0.17432 0.154966 0.15353 0.151141 0.152395 0.194152 0.147805 0.147102 0.178301 0.143711 0.142397 0.153606 0.138548 0.137067 0.135498 0.264576
threshold=48.500000000000007 -0.83146961230254512 2.5000000000000004 -0.065403129230142923 5.1500000000000012 34.250000000000007 120.50000000000001 102.50000000000001 67.950000000000017 906.45000000000016 15.350000000000003 154.50000000000003 115.50000000000001 195.50000000000003 11.250000000000002 -2.4499999999999997 10.850000000000003 16.650000000000002 5.5000000000000009 27.550000000000004 0.14118802830021102 5.5000000000000009 -0.91037613702198728 278.50000000000006 562.50000000000011 909.75000000000011 33.45000000000001 34.500000000000007 40.500000000000007 42.500000000000007 54.500000000000007 46.500000000000007 42.500000000000007 917.45000000000016 272.50000000000006 81.500000000000014 138.50000000000003 133.50000000000003 183.50000000000003 903.75000000000011 925.25000000000011 25.850000000000005 161.50000000000003 105.50000000000001 499.00000000000006 25.450000000000003 696.50000000000011 -0.41248606129204529 213.50000000000003 0.092828037674511824 -2.7499999999999996 920.55000000000007 79.500000000000014 26.500000000000004 -0.3520614488341256 667.50000000000011 0.2115004560656735 0.69309523809523821 904.05000000000007 6.1500000000000012 139.50000000000003 354.50000000000006
decision_type=2 2 2 2 2 2 2 2 2 2 2 2 2 2 2 2 2 2 2 2 2 2 2 2 2 2 2 2 2 2 2 2 2 2 2 2 2 2 2 2 2 2 2 2 2 2 2 2 2 2 2 2 2 2 2 2 2 2 2 2 2 2
left_child=22 4 55 5 34 6 7 15 9 11 23 12 -6 19 -15 -4 17 52 41 -8 21 -10 -1 -11 25 -25 49 -19 -29 -30 -31 32 40 -33 -2 -18 37 39 47 -21 53 -12 45 -44 46 -13 48 56 -45 -16 51 -51 -17 54 -9 -3 -38 -58 59 -59 -20 -62
right_child=1 2 3 -5 8 -7 13 31 20 10 18 42 -14 14 26 16 35 27 60 36 -22 -23 -24 24 -26 -27 -28 28 29 30 -32 33 -34 -35 -36 -37 38 -39 -40 -41 -42 -43 43 44 -46 -47 -48 -49 -50 50 -52 -53 -54 -55 -56 -57 57 58 -60 -61 61 -63
leaf_value=0.0022152223441120329 0.0018110245869933164 -0.0010407757687680692 0.0011334857338657716 -0.00070953211253372097 0.0015099027211282266 0.0014271491487178687 -0.0011329356392185172 0.0016350754824734062 -0.0057709930918258493 0.0022283519983289733 -0.00078545180662587986 -0.00071342020887016409 -0.0035318320391574429 0.0012243083540949735 -0.0032257216116488782 0.0014441592645696812 0.0020806551142560988 -0.00023475192025785717 0.0010692274895894012 -0.0037446917405940441 0.0020058068775833621 0.0020551058096797237 -0.0016423051445105434 0.0031301197225971199 0.0019360958766015302 -0.0010829976731353804 -0.0047544844801059045 -0.0074181176592755475 0.0026484900137476353 -0.0050506420416492883 -0.0010558985959759543 0.0011726155643781734 -0.0051208559823347124 0.0030023174100914547 -0.0029749783101162652 -1.6382377795157652e-05 -0.00047654281469171274 -0.0066847480745361003 -0.0017789242716402928 0.0022057025130612739 0.0033455372342211069 0.001710995941150489 0.0015207733071042442 2.1606003217845955e-05 0.0032115363030220632 0.004704683857711116 -0.0039521310050195267 -0.00039947158473856821 -0.0022273036857527353 0.00045807994531458281 0.00021170687262857821 -0.0061300581995380951 -0.0013650633782678046 -0.0033574928503587427 -0.0018986622306356117 0.002872149451147942 0.003286897562154713 0 -0.0003747166427842427 0.0039361688410846068 0.00047178383775784257 -0.0042610759268270374
leaf_weight=36 1461 1906 383 1458 73 656 1062 138 27 821 477 21 162 596 37 103 134 106 1479 20 815 40 4429 41 274 187 25 46 25 71 126 851 38 224 20 507 80 44 110 69 55 77 215 455 40 42 36 182 90 20 730 22 85 25 47 23 117 40 95 54 1212 30
leaf_count=36 1461 1906 383 1458 73 656 1062 138 27 821 477 21 162 596 37 103 134 106 1479 20 815 40 4429 41 274 187 25 46 25 71 126 851 38 224 20 507 80 44 110 69 55 77 215 455 40 42 36 182 90 20 730 22 85 25 47 23 117 40 95 54 1212 30
internal_value=-5.75957e-06 0.000383168 -9.91187e-05 0.000105661 0.000998032 0.000278072 0.000156973 0.000555713 0.00083048 0.000685076 0.000887033 -0.000129389 -0.00194443 -0.000199334 0.000359484 -3.78174e-05 -0.000414945 -0.00136974 0.000544186 -0.000628647 0.00176958 -0.00102808 -0.00161003 0.00173184 0.000909586 -0.000302415 -0.000252621 -0.00214556 -0.00288231 -0.00191703 -0.00252283 0.00124241 0.000103393 0.00155877 0.00174282 0.000414457 2.56093e-05 -0.00163525 0.000358979 0.000809716 0.00087304 -0.000429203 0.000339668 0.000146372 -0.000321585 0.00282114 -0.000573944 0.000782051 -0.000340941 -0.000106753 3.66537e-05 -0.00288045 0.0001474 0.000200399 0.000709762 -0.000991383 0.00135205 0.00184645 0.000927034 0.00229477 0.000744216 0.000353104
internal_weight=22870 18405 10310 8381 8095 6923 6267 2964 6614 5732 4598 1134 235 3303 1430 1586 1203 562 3275 1873 882 67 4465 1323 502 228 834 374 268 222 197 1378 303 1075 1481 641 811 133 678 89 265 554 899 836 621 63 581 568 545 809 772 42 188 210 185 1929 386 306 189 94 2721 1242
internal_count=22870 18405 10310 8381 8095 6923 6267 2964 6614 5732 4598 1134 235 3303 1430 1586 1203 562 3275 1873 882 67 4465 1323 502 228 834 374 268 222 197 1378 303 1075 1481 641 811 133 678 89 265 554 899 836 621 63 581 568 545 809 772 42 188 210 185 1929 386 306 189 94 2721 1242
is_linear=0
shrinkage=0.05


Tree=48
num_leaves=63
num_cat=0
split_feature=2 2 2 1 5 0 3 4 11 1 4 2 0 0 2 1 11 4 11 3 0 4 11 11 4 3 11 11 0 0 0 3 0 8 8 4 8 5 4 8 8 5 1 3 11 5 4 4 11 11 3 4 10 0 11 5 8 8 11 4 8 5
split_gain=10.6484 1.18738 0.426108 0.32799 0.293002 0.372731 0.301524 0.592912 0.437636 0.44445 0.327934 0.287372 0.350962 0.272574 0.27048 0.213741 0.266726 0.641965 0.341626 0.357397 0.315776 0.456939 0.264751 0.293257 0.402449 0.245739 0.449088 0.22718 0.233016 0.225394 0.378177 0.213432 0.211743 0.209636 0.191604 0.173876 0.179514 0.16961 0.167799 0.167278 0.165089 0.293183 0.164377 0.230502 0.152293 0.304146 0.26858 0.247612 0.212185 0.204056 0.264348 0.149543 0.147966 0.281561 0.340665 0.325534 0.144633 0.138191 0.135398 0.130558 0.126455 0.124587
threshold=363.50000000000006 833.50000000000011 149.50000000000003 24.500000000000004 915.05000000000007 275.50000000000006 9.9500000000000011 35.050000000000004 294.50000000000006 701.50000000000011 28.750000000000004 611.50000000000011 118.50000000000001 193.50000000000003 1122.5000000000002 502.50000000000006 183.50000000000003 2.6500000000000008 155.50000000000003 27.150000000000002 108.50000000000001 8.5500000000000025 133.50000000000003 139.50000000000003 4.4500000000000011 10.250000000000002 64.500000000000014 142.50000000000003 74.500000000000014 221.50000000000003 92.500000000000014 9.6500000000000004 245.50000000000003 -0.41248606129204551 -0.47114434510950048 6552.3500000000013 0.35206144883412582 903.6500000000002 61.350000000000001 -0.58216583101416164 -0.58216583101416164 902.75000000000011 723.50000000000011 21.950000000000003 194.50000000000003 903.75000000000011 46.250000000000007 9.7500000000000018 8.5000000000000018 38.500000000000007 -0.84999999999999998 6548.5500000000011 1.5000000000000002 74.500000000000014 50.500000000000007 922.25000000000011 -0.63405362205439475 0.29012925520284133 115.50000000000001 22.850000000000005 0.065403129230143103 913.6500000000002
decision_type=2 2 2 2 2 2 2 2 2 2 2 2 2 2 2 2 2 2 2 2 2 2 2 2 2 2 2 2 2 2 2 2 2 2 2 2 2 2 2 2 2 2 2 2 2 2 2 2 2 2 2 2 2 2 2 2 2 2 2 2 2 2
left_child=2 11 -1 39 15 6 7 8 14 10 -10 57 35 -9 52 16 18 -18 22 33 21 -19 25 -24 37 26 -5 -26 -29 30 34 -4 -22 -20 -30 36 -13 -25 44 -3 41 -27 -38 -44 45 58 -46 -47 -49 50 -50 -40 -6 59 -55 -56 -23 -2 -14 -54 -41 -42
right_child=1 3 31 4 5 -7 -8 13 9 -11 -12 12 38 -15 -16 -17 17 20 19 -21 32 56 23 24 27 40 -28 28 29 -31 -32 -33 -34 -35 -36 -37 42 -39 51 60 61 -43 43 -45 46 47 -48 48 49 -51 -52 -53 53 54 55 -57 -58 -59 -60 -61 -62 -63
leaf_value=-0.0015735758939921852 0.000373470943023336 0.0012399319546424949 -0.0014572597269842092 0.0012550544749618524 0.0040360104279829464 0.003651041941128412 0.0020799405689104645 0.003355650812116499 0.0029966321495543437 -0.0085444954302266382 -0.0054194514290981377 0.0016714286354582134 0.00069076747294788106 -0.0020986895006432 -0.0052112821321846185 0.0015656307321278145 -0.0066911353843467792 -0.0072456637939432231 -0.0052678477963036541 0.0029561001412114658 0.0022355653718097042 -0.0028310347783995502 -0.0035096922438571884 -0.00071621023544772946 0.0036886917899793649 -0.0055241371247806209 -0.0051783646975216485 0.0019963965667690151 -0.0043115235851858861 -0.00012653758739310741 -0.0087013339467137789 -0.0006322167031627328 -0.0018028884695575475 0.0011906038131221195 0.0018884231282345139 -0.00099297360331061682 0.0010036540228162861 0.0044219307203515858 0.003375969282268622 0.002508535555750755 0.0021556656472414061 0.0006915966730817011 -0.0047729083699148897 0.00045597621593917005 0.0010299138962435535 0.0011272082569209394 -0.0048214669355575862 0.0020467390858499791 -0.001376451992608031 -0.00024903024228908611 -0.0070748278200340915 0.00076995036868539291 -0.0054528968972308613 0.0059062619253370157 0.001113751425467703 -0.005447950165500713 0.0025803567955444097 -0.00027832687591888464 -0.0027918538041187646 0 0.0011791758058578294 6.429023647000144e-05
leaf_weight=5626 2358 586 1142 66 29 218 711 180 25 32 21 1322 32 25 21 743 40 31 22 279 138 20 75 20 20 20 45 30 28 52 32 2637 41 27 21 77 278 58 73 1091 394 314 33 54 537 390 20 72 111 405 26 260 27 31 129 22 31 1233 142 21 233 93
leaf_count=5626 2358 586 1142 66 29 218 711 180 25 32 21 1322 32 25 21 743 40 31 22 279 138 20 75 20 20 20 45 30 28 52 32 2637 41 27 21 77 278 58 73 1091 394 314 33 54 537 390 20 72 111 405 26 260 27 31 129 22 31 1233 142 21 233 93
internal_value=-5.45876e-06 0.000896006 -0.0012966 0.00141684 0.00116334 0.00172663 0.00139315 0.00051673 -0.000700098 -0.00401297 -0.000740455 0.00047138 0.000772847 0.00266541 0.000206027 0.000843052 0.000557336 -0.000799324 0.000816364 0.00225813 8.67025e-05 -0.00246035 0.000439322 -0.000755843 1.73844e-05 0.000875596 -0.0013104 -0.00124511 -0.00188303 -0.0027965 -0.00444662 -0.000882897 0.00128215 -0.0016121 -0.00155414 0.0012919 0.0013992 0.00304121 0.000327638 0.00196254 0.00117736 0.000302889 0.000399346 -0.00147319 0.000127106 -0.000191591 0.000810008 0.000138268 -0.000481826 -0.000827262 -0.00249874 0.00135709 0.000666408 0.000218246 0.00113712 0.000121678 0.000359008 0.000148277 -0.00212262 -0.00315701 0.00227848 0.00176665
internal_weight=22870 13465 9405 6042 4132 1492 1274 563 358 78 46 7423 3832 205 280 2640 1897 301 1596 328 261 82 1268 336 261 932 111 183 163 133 81 3779 179 49 49 1764 1687 78 2068 1910 821 334 365 87 1735 1178 557 1004 614 542 137 333 259 230 182 151 51 3591 174 48 1324 487
internal_count=22870 13465 9405 6042 4132 1492 1274 563 358 78 46 7423 3832 205 280 2640 1897 301 1596 328 261 82 1268 336 261 932 111 183 163 133 81 3779 179 49 49 1764 1687 78 2068 1910 821 334 365 87 1735 1178 557 1004 614 542 137 333 259 230 182 151 51 3591 174 48 1324 487
is_linear=0
shrinkage=0.05


Tree=49
num_leaves=63
num_cat=0
split_feature=0 8 9 0 0 4 4 8 5 5 4 10 10 1 8 8 3 5 9 3 3 8 3 3 1 4 5 7 5 1 3 5 3 4 3 1 7 5 10 5 10 10 1 0 4 3 5 0 3 5 4 1 0 10 10 8 4 0 5 5 1 5
split_gain=4.67883 2.17985 1.96594 0.357257 0.518768 0.30566 0.282996 0.280036 0.266951 0.233178 0.357715 0.246844 0.431835 0.260904 0.201241 0.197879 0.196109 0.582555 0.193384 0.187191 0.186876 0.207391 0.171866 0.1604 0.16036 0.349228 0.158939 0.221742 0.506737 0.166227 0.15799 0.284963 0.296945 0.15311 0.195488 0.143156 0.24547 0.142417 0.321756 0.141611 0.135149 0.239464 0.554421 0.287584 0.222808 0.210113 0.133899 0.18454 0.159979 0.131578 0.138744 0.129902 0.128405 0.127422 0.214074 0.125556 0.23663 0.491579 0.189117 0.194023 0.205873 0.125284
threshold=48.500000000000007 0.35206144883412582 -0.2269546835593246 130.50000000000003 448.50000000000006 62.650000000000013 7.1500000000000012 0.77259657388510639 903.55000000000007 906.1500000000002 15.350000000000003 5.5000000000000009 4.5000000000000009 1.5000000000000002 -0.8814490726585632 0.097964660725097366 21.750000000000004 915.55000000000007 -0.91037613702198728 31.750000000000004 34.550000000000004 -0.79335334029123528 -6.5499999999999989 32.550000000000004 360.50000000000006 8.7500000000000018 918.6500000000002 0.10087658681408683 922.75000000000011 436.50000000000006 25.250000000000004 914.45000000000016 9.3500000000000032 22.550000000000004 7.5500000000000007 293.50000000000006 5.1919642857142865 908.55000000000007 8.5000000000000018 929.55000000000007 1.5000000000000002 2.5000000000000004 12.500000000000002 80.500000000000014 18.250000000000004 -2.4499999999999997 908.05000000000007 239.50000000000003 30.250000000000004 902.25000000000011 2.2500000000000004 268.50000000000006 245.50000000000003 3.5000000000000004 5.5000000000000009 -0.47114434510950048 9.3500000000000032 71.500000000000014 906.55000000000007 904.1500000000002 167.50000000000003 921.45000000000016
decision_type=2 2 2 2 2 2 2 2 2 2 2 2 2 2 2 2 2 2 2 2 2 2 2 2 2 2 2 2 2 2 2 2 2 2 2 2 2 2 2 2 2 2 2 2 2 2 2 2 2 2 2 2 2 2 2 2 2 2 2 2 2 2
left_child=18 2 3 14 5 6 8 -3 20 11 24 12 -8 -13 61 22 -7 19 -1 46 -5 -22 -16 -6 -11 -26 37 28 -28 40 31 32 33 34 -12 36 52 38 49 -33 -29 42 43 -42 -44 -43 47 48 -18 -24 -51 -14 -15 -27 -55 56 57 -52 59 -58 -61 -2
right_child=1 7 -4 4 23 16 9 -9 -10 10 30 13 51 35 15 -17 17 -19 -20 -21 21 -23 26 -25 25 53 27 29 -30 -31 -32 39 -34 -35 -36 -37 -38 -39 -40 -41 41 45 44 -45 -46 -47 -48 -49 -50 50 55 -53 -54 54 -56 -57 58 -59 -60 60 -62 -63
leaf_value=0.002131740998094927 0.00081566489944039176 -0.00045237899665618778 -0.00058383190615288671 -0.00087140269073511523 0.0021278457417563765 0.0024912850627118797 0.0011422377137975663 -0.0014281473161278284 0.0013601786700297702 0.0015404668353720683 0.0028372692110699631 -0.0018543433869990357 -0.0043915428346787272 0.0047120657989621001 0.0034371425335016342 0.00071014944866333314 -0.0041242061095374209 -0.0074814530705745834 -0.0014876825004406914 0.0020654984420490166 -0.0013171268821695616 0.0022828908934471462 0.0023049561910065612 -0.00065724721288908344 -0.0049080929272108916 0.0030566999682549497 0.0032769173946299024 0.0016347265081778672 -0.0066751322616211738 0.002329466238375735 0.0015126504232479293 0.00030791871181056027 -0.00032063110553317957 -0.0040514408315038258 -0.0031902006958130173 -0.0017588466416009975 6.1282045609577449e-05 0.0020637942175658194 -0.0033406178897809123 -0.0027384984533271521 0.0051976785898594502 -0.0024481152553414423 -0.0023710951527235059 -0.0015195384036501838 -0.0098781458038954724 0.0015567203126815986 0.0012764893053330932 0.00081173089531085148 0.00066113002671709447 0.0024248065472688759 -0.0091667936327149025 -0.00055291157843203697 0.0010156447025890369 -0.0035544901373680163 0.002834996761714545 0.001376186756165812 0.0020072291408711972 -5.1867843584739355e-06 0.0035136053756888493 -0.0045269625411056749 0.00047950223975238345 -0.00071767494308793279
leaf_weight=36 808 2878 2715 286 682 269 68 1001 1060 655 22 153 117 54 121 907 51 20 4429 295 56 129 307 53 32 45 22 213 29 202 150 1253 331 108 33 55 238 1255 36 39 25 38 22 42 22 207 181 89 24 147 20 31 49 28 24 303 62 58 49 36 44 156
leaf_count=36 808 2878 2715 286 682 269 68 1001 1060 655 22 153 117 54 121 907 51 20 4429 295 56 129 307 53 32 45 22 213 29 202 150 1253 331 108 33 55 238 1255 36 39 25 38 22 42 22 207 181 89 24 147 20 31 49 28 24 303 62 58 49 36 44 156
internal_value=-5.14944e-06 0.000346881 0.000628254 0.000907303 0.000664634 0.00050854 0.00035288 -0.000705501 0.000919893 0.000102331 0.000320474 -0.000666696 -0.0020993 -9.36628e-05 0.00122224 0.00137369 0.00134349 0.000867801 -0.00145733 0.00113765 -6.04498e-05 0.00116602 0.00155674 0.00192015 0.00122167 -0.000358252 0.00148256 0.000872428 -0.00228623 0.00108812 -4.19334e-05 -0.000175374 -0.00119817 -0.00294821 -0.000687695 0.000574273 0.000965647 0.00169681 0.00125826 0.000211886 0.000638314 2.78139e-05 -0.00188316 0.000916381 -0.00625189 0.000914417 0.000329423 -0.000685487 -0.00252748 0.00142481 0.00104178 -0.00362218 0.00300476 0.00109474 -0.000509746 0.000677256 -9.16546e-05 -0.00242707 0.000836681 -5.36831e-05 -0.00171382 0.000562296
internal_weight=22870 18405 14526 11811 6680 5945 5016 3879 1531 3485 2720 765 216 549 5131 4167 929 660 4465 640 471 185 3260 735 784 129 3139 822 51 771 1936 1786 494 163 55 396 341 2317 1062 1292 569 356 111 67 44 245 345 164 75 1026 719 148 103 97 52 572 269 78 191 142 80 964
internal_count=22870 18405 14526 11811 6680 5945 5016 3879 1531 3485 2720 765 216 549 5131 4167 929 660 4465 640 471 185 3260 735 784 129 3139 822 51 771 1936 1786 494 163 55 396 341 2317 1062 1292 569 356 111 67 44 245 345 164 75 1026 719 148 103 97 52 572 269 78 191 142 80 964
is_linear=0
shrinkage=0.05


Tree=50
num_leaves=63
num_cat=0
split_feature=2 2 0 3 10 3 10 2 4 1 0 0 1 4 4 4 4 8 8 0 3 1 1 0 7 10 2 4 7 0 3 10 7 3 3 1 10 10 3 3 10 3 4 3 0 0 10 10 0 4 4 7 0 4 8 10 8 7 0 2 0 1
split_gain=9.06495 1.08249 0.333609 0.219242 0.363617 0.400302 0.261253 0.395508 0.228358 0.225144 0.157242 0.156558 0.225099 0.202755 0.258858 0.191146 0.155745 0.154607 0.15461 0.198689 0.475194 0.149246 0.291567 0.269855 0.391263 0.275914 0.253404 0.273336 0.243179 0.231243 0.279075 0.438392 0.15173 0.141946 0.13943 0.13782 0.137551 0.175365 0.187315 0.4717 0.134799 0.299253 0.615269 0.325183 0.240355 0.204244 0.147892 0.244227 0.44216 0.356075 0.337229 0.177323 0.130166 0.154036 0.193298 0.128316 0.124795 0.120822 0.162461 0.160468 0.119875 0.193951
threshold=343.50000000000006 699.50000000000011 82.500000000000014 29.250000000000004 5.5000000000000009 32.750000000000007 4.5000000000000009 1102.5000000000002 1.4500000000000002 502.50000000000006 292.50000000000006 163.50000000000003 202.50000000000003 29.550000000000004 31.550000000000004 6551.2500000000009 13.850000000000003 0.29012925520284133 -0.8814490726585632 201.50000000000003 21.950000000000003 9.5000000000000018 119.50000000000001 94.500000000000014 0.28143841515934548 6.5000000000000009 886.50000000000011 7.9500000000000011 0.230379324504671 318.50000000000006 32.850000000000001 8.5000000000000018 118.58333333333336 1.3500000000000003 -4.2499999999999991 463.50000000000006 4.5000000000000009 5.5000000000000009 10.250000000000002 5.2500000000000009 11.500000000000002 4.7500000000000009 28.350000000000005 0.65000000000000002 103.50000000000001 53.500000000000007 4.5000000000000009 5.5000000000000009 73.500000000000014 6550.9500000000007 15.550000000000002 0.28143841515934548 629.50000000000011 19.950000000000003 -0.58216583101416164 6.5000000000000009 -0.63405362205439475 0.36720956920903963 221.50000000000003 501.50000000000006 111.50000000000001 692.50000000000011
decision_type=2 2 2 2 2 2 2 2 2 2 2 2 2 2 2 2 2 2 2 2 2 2 2 2 2 2 2 2 2 2 2 2 2 2 2 2 2 2 2 2 2 2 2 2 2 2 2 2 2 2 2 2 2 2 2 2 2 2 2 2 2 2
left_child=2 17 -1 8 5 6 -5 9 -3 10 -8 12 13 33 -15 16 -13 18 36 20 -20 32 26 -24 28 -26 -23 -28 60 30 35 -32 -6 -10 -18 -27 -2 57 39 -39 41 42 44 -44 -14 -43 -47 48 49 -48 -50 -52 53 54 -34 -30 -35 -38 59 -59 -25 -62
right_child=1 3 -4 4 21 -7 7 -9 11 -11 -12 15 40 14 -16 -17 34 -19 19 -21 -22 22 23 24 25 29 27 -29 55 -31 31 -33 52 56 -36 -37 37 38 -40 -41 -42 45 43 -45 -46 46 47 -49 50 -51 51 -53 -54 -55 -56 -57 -58 58 -60 -61 61 -63
leaf_value=-0.0014179266161179678 0.00064558981360298643 0.0025866191691872988 -0.00077742515709572704 0.00066856027053454703 0.0019109463792875655 0.0029439537657710135 -0.0052101463564320737 0.0033136761831966313 0.004275583902454346 0.001031029904570201 -0.00078172083073867367 0.0012270747619425291 -0.0046203125008618803 -0.0031473543808581087 0.0016092039510028876 0.0023856143706408144 0.0019985593063235412 -0.00011399100199943518 0.0011052553838096421 0.00034637548550511566 0.006259955971856467 0.00022725594678088356 0.0023353399021466318 0.00093306067410835615 0.0022852817267685704 0.0043707543988702842 -0.0060896736163240373 -0.00011010702277826682 -0.0014550422768476266 -0.0049354955714145396 0.00046083450105430289 -0.0073764164169314757 -0.0043172224201399453 0.00098525208897945146 0.00015273193755348626 -0.00024063007650075932 0.00061040128224234072 -0.00013035774631973903 0.00037291359651250156 -0.0085579782863968532 0.0034519364880382926 0.0057719627430955107 0.0019523373021258399 -0.0047048936549351729 0.0012798285014482577 0.001766607540879318 -0.0009260656692998072 0.0013851396477126108 -0.0015161952997355546 -0.0086028363541396646 0.0038684077773499278 -0.0012409157615470056 0.0024892695739935303 0.0033506569385128183 0.0001467748185251665 -0.0066813048132306312 0.0027943517807195884 -0.0011873884123474669 -3.5534512048469891e-05 -0.0051971616787572289 0.0017933869932832585 -0.0029955037709126085
leaf_weight=6105 835 354 3115 82 663 58 109 23 118 21 28 1056 86 29 729 212 116 1799 583 896 49 147 277 98 295 50 41 39 27 22 88 22 27 145 942 21 51 84 798 21 62 26 178 20 20 724 40 503 86 26 77 20 72 32 216 26 348 53 65 55 29 69
leaf_count=6105 835 354 3115 82 663 58 109 23 118 21 28 1056 86 29 729 212 116 1799 583 896 49 147 277 98 295 50 41 39 27 22 88 22 27 145 942 21 51 84 798 21 62 26 178 20 20 724 40 503 86 26 77 20 72 32 216 26 348 53 65 55 29 69
internal_value=1.13517e-05 0.000823139 -0.00120208 0.00117279 0.00078363 -0.000782187 -0.00162373 -0.00268963 0.00134175 -0.0035967 -0.00434277 0.00126159 0.00148915 0.00198108 0.00142024 0.000942704 0.000795532 0.000260314 0.000454688 0.000832554 0.00151375 0.00100817 0.000635976 0.000997784 0.000494858 0.00130855 -0.00097385 -0.00324083 -0.00111233 -8.66383e-05 0.000477516 -0.00106648 0.00146411 0.00266834 0.000360005 0.00293808 0.000157832 -0.000199139 0.000106396 -0.00186999 0.00112587 0.00104306 -0.000374684 0.00125261 -0.0034598 0.00133334 0.00125138 0.00074852 -0.00051747 -0.00403433 0.000725109 0.00276325 0.00059566 8.09793e-05 -0.000330229 -0.00412079 0.00227271 -0.00145264 -0.0020897 -0.00327857 -0.000271639 -0.00152703
internal_weight=23008 13788 9220 8499 2582 321 263 181 5917 158 137 5563 3237 1369 758 2326 2114 5289 3490 1528 632 2261 1251 1024 747 498 227 80 249 203 181 110 1010 611 1058 71 1962 1127 903 105 1868 1806 304 198 106 1502 1476 752 249 66 183 97 347 275 243 53 493 224 173 108 196 98
internal_count=23008 13788 9220 8499 2582 321 263 181 5917 158 137 5563 3237 1369 758 2326 2114 5289 3490 1528 632 2261 1251 1024 747 498 227 80 249 203 181 110 1010 611 1058 71 1962 1127 903 105 1868 1806 304 198 106 1502 1476 752 249 66 183 97 347 275 243 53 493 224 173 108 196 98
is_linear=0
shrinkage=0.05


Tree=51
num_leaves=63
num_cat=0
split_feature=2 2 2 11 3 11 3 11 4 4 11 4 3 11 4 11 11 11 0 1 4 3 1 0 1 11 8 9 2 0 11 11 11 0 3 11 3 11 0 2 11 11 11 11 1 4 11 4 4 4 11 11 11 11 3 4 1 1 2 4 11 11
split_gain=8.18783 0.891274 0.384604 0.285967 0.215346 0.352818 0.358214 0.242715 0.265702 0.262999 0.239351 0.276113 0.228586 0.20167 0.197558 0.178945 0.56871 0.404374 0.168557 0.316306 0.179364 0.165144 0.154173 0.408179 0.197736 0.167406 0.154082 0.151647 0.919926 0.151107 0.142699 0.481338 0.554854 0.265159 0.141102 0.141051 0.296287 1.13947 0.191181 0.190261 0.169896 0.27714 0.415428 0.643184 0.311765 0.227027 0.230453 0.196509 0.159391 0.429467 0.146481 0.199975 0.233694 0.214524 0.201447 0.178268 0.171462 0.144631 0.137046 0.135129 0.203346 0.178891
threshold=363.50000000000006 699.50000000000011 243.50000000000003 363.50000000000006 29.250000000000004 152.50000000000003 32.750000000000007 268.50000000000006 2.4500000000000006 4.8500000000000005 151.50000000000003 67.950000000000017 29.950000000000003 140.50000000000003 1.4500000000000002 194.50000000000003 183.50000000000003 184.50000000000003 127.50000000000001 198.50000000000003 6551.2500000000009 0.65000000000000002 656.50000000000011 107.50000000000001 119.50000000000001 168.50000000000003 -0.065403129230142812 -0.47114434510950048 60.500000000000007 177.50000000000003 121.50000000000001 138.50000000000003 133.50000000000003 84.500000000000014 -6.2499999999999991 316.50000000000006 4.3500000000000005 42.500000000000007 53.500000000000007 1005.5000000000001 70.500000000000014 93.500000000000014 127.50000000000001 137.50000000000003 598.50000000000011 19.150000000000002 56.500000000000007 6551.4500000000007 7.1500000000000012 20.550000000000004 144.50000000000003 162.50000000000003 165.50000000000003 294.50000000000006 9.9500000000000011 6546.9500000000007 535.50000000000011 372.50000000000006 1058.5000000000002 15.350000000000003 8.5000000000000018 76.500000000000014
decision_type=2 2 2 2 2 2 2 2 2 2 2 2 2 2 2 2 2 2 2 2 2 2 2 2 2 2 2 2 2 2 2 2 2 2 2 2 2 2 2 2 2 2 2 2 2 2 2 2 2 2 2 2 2 2 2 2 2 2 2 2 2 2
left_child=2 30 26 4 14 6 10 15 -9 -10 11 12 -6 -14 -3 16 22 -18 19 -16 59 -4 24 -24 -7 -25 27 28 -1 -13 -2 32 33 -32 -33 36 37 58 -38 -39 45 44 -43 -44 48 -40 -47 50 -42 -50 55 -52 -53 56 -55 -45 -54 -56 -21 61 -61 -20
right_child=1 3 21 -5 5 7 -8 8 9 -11 -12 29 13 -15 18 -17 17 -19 20 35 -22 -23 23 25 -26 -27 -28 -29 -30 -31 31 34 -34 -35 -36 -37 38 39 40 -41 41 42 43 47 -46 46 -48 -49 49 -51 51 52 53 54 57 -57 -58 -59 -60 60 -62 -63
leaf_value=0.010335392771816967 0.00058699542505276717 0.0024573247374992252 -0.0013904561512383716 -0.0043975219880412154 0.00053627167417719145 0.00034422181539423669 0.0027539631692998349 -0.0063991385853398438 0.003467003217636478 -0.003500150633668991 -0.0058407395322810328 0.0019190606181050296 -0.005671168080594596 -0.00051368414151101974 0.0022261429792951935 0.0015211199536835376 -0.0061747286426290827 -0.00047641778020431676 0.0022051160722091822 0.0022976720033312695 0.0022875389077334895 -0.00024717451445851476 0.0024286953601046447 -0.006029549598232987 0.0023267377641731841 -0.0002898427091317672 -0.001507515594827188 -0.0011464477683105748 -0.00069122157743477177 -0.0018478406605425624 -0.0044998138188094344 -0.0023586213614086053 -0.0050500462234379512 0.00046366947312808402 0.00031075511495929194 0.0035228886319366055 0.0055044399003920958 -0.0071352587599658492 0.0031263505930753661 -0.0019489105758099994 0.0026907302340091993 0.0034425931659578719 -0.0036536382332682301 -0.004746851093362813 -0.0046625861831699582 0.002942523665355341 -0.0040163970229575834 -0.0031676101107230947 -0.0051308517028991049 0.0020833165912776236 0.0042355269644032117 -0.002887727385015533 -0.00049703378246460127 -0.0026294541341877688 -0.0023686347006740072 0.0017325283853575517 0.0040563493499110306 0.0018380279366383544 -0.0017304404114586707 0.0026757764841000412 0.00031269592926643099 0.00086679697971208227
leaf_weight=20 2091 354 402 23 38 189 59 22 28 26 29 83 60 31 995 1102 35 304 339 152 240 1557 65 29 418 26 3720 3489 320 38 32 50 94 161 2573 58 27 54 199 31 45 175 75 20 42 22 25 23 36 47 70 30 23 37 22 21 112 179 23 99 1267 1052
leaf_count=20 2091 354 402 23 38 189 59 22 28 26 29 83 60 31 995 1102 35 304 339 152 240 1557 65 29 418 26 3720 3489 320 38 32 50 94 161 2573 58 27 54 199 31 45 175 75 20 42 22 25 23 36 47 70 30 23 37 22 21 112 179 23 99 1267 1052
internal_value=1.08912e-05 0.00080268 -0.00111281 0.00111451 0.00113011 0.000744716 -0.000752783 0.000972527 -0.00177861 1.97571e-05 -0.00151299 -0.000988843 -0.00260558 -0.0039716 0.00129807 0.00107135 0.000601607 -0.00108113 0.00122305 0.00152589 0.000964378 -0.000484395 0.00139318 -0.000207466 0.00171784 -0.00341243 -0.00127521 -0.00104818 -2.50474e-05 0.00069423 0.00027173 4.34627e-05 -0.00189814 -0.000335302 0.000257877 0.00107245 0.000973475 -0.000546428 0.00129884 -0.00530703 0.00119984 0.000890039 0.00128815 0.000663455 -0.000923236 0.00238389 -0.000653541 0.00127628 0.000267388 -0.000987961 0.00148543 0.00173857 0.00129151 0.00164172 0.000711009 -0.00131035 0.00324378 0.00135179 0.00173902 0.000847303 0.000487802 0.00119669
internal_weight=23008 13500 9508 8499 8476 2582 338 2244 76 54 279 250 129 91 5894 2168 1066 339 5540 2543 2997 1959 727 120 607 55 7549 3829 340 121 5001 2910 287 193 2623 1548 1490 260 1230 85 1203 957 787 612 170 246 47 537 128 83 514 473 403 373 238 41 135 201 175 2757 1366 1391
internal_count=23008 13500 9508 8499 8476 2582 338 2244 76 54 279 250 129 91 5894 2168 1066 339 5540 2543 2997 1959 727 120 607 55 7549 3829 340 121 5001 2910 287 193 2623 1548 1490 260 1230 85 1203 957 787 612 170 246 47 537 128 83 514 473 403 373 238 41 135 201 175 2757 1366 1391
is_linear=0
shrinkage=0.05


Tree=52
num_leaves=63
num_cat=0
split_feature=2 2 2 2 1 11 11 11 5 11 11 11 0 1 11 5 7 5 8 7 0 1 3 11 0 11 11 3 11 5 0 11 3 10 5 2 3 8 8 0 3 11 7 1 8 1 3 0 11 2 3 1 0 5 0 11 5 10 0 5 3 7
split_gain=7.39232 0.890849 0.293718 0.233125 0.216391 0.302611 0.373062 0.262645 0.791868 0.353021 0.274225 0.27528 0.470077 0.34923 0.328557 0.599983 0.332936 0.221295 0.212595 0.204608 0.196021 0.171023 0.249689 0.250471 0.184517 0.267268 0.167367 0.165868 0.398541 0.247193 0.219991 0.164973 0.158374 0.146879 0.193284 0.13417 0.126486 0.124739 0.133338 0.182859 0.467506 0.120049 0.146202 0.120045 0.131923 0.114974 0.246171 0.254344 0.197928 0.235566 0.182007 0.166164 0.164627 0.16246 0.212101 0.149386 0.175914 0.307614 0.234567 0.218053 0.216543 0.171507
threshold=343.50000000000006 662.50000000000011 126.50000000000001 999.50000000000011 18.500000000000004 363.50000000000006 316.50000000000006 126.50000000000001 922.55000000000007 276.50000000000006 272.50000000000006 139.50000000000003 407.50000000000006 55.500000000000007 129.50000000000003 908.25000000000011 0.11648870006300181 909.05000000000007 -0.1628082571180898 2.4005347593582891 329.50000000000006 338.50000000000006 26.750000000000004 148.50000000000003 123.50000000000001 186.50000000000003 163.50000000000003 12.65 14.500000000000002 922.25000000000011 203.50000000000003 298.50000000000006 10.850000000000003 2.5000000000000004 914.6500000000002 886.50000000000011 25.450000000000003 0.29012925520284133 -0.8814490726585632 201.50000000000003 21.950000000000003 181.50000000000003 0.2050908790622433 1.5000000000000002 0.81241147629689026 202.50000000000003 27.550000000000004 76.500000000000014 48.500000000000007 1112.5000000000002 34.45000000000001 502.50000000000006 85.500000000000014 906.25000000000011 111.50000000000001 272.50000000000006 908.95000000000016 4.5000000000000009 179.50000000000003 915.1500000000002 15.350000000000003 0.77306314375279905
decision_type=2 2 2 2 2 2 2 2 2 2 2 2 2 2 2 2 2 2 2 2 2 2 2 2 2 2 2 2 2 2 2 2 2 2 2 2 2 2 2 2 2 2 2 2 2 2 2 2 2 2 2 2 2 2 2 2 2 2 2 2 2 2
left_child=2 37 -1 4 -3 6 7 19 9 10 11 12 14 35 -9 36 -17 -12 -10 -6 21 22 23 -15 -23 41 -22 28 -21 30 -30 -11 -4 -32 -35 -13 -16 38 -2 40 -40 42 -26 -34 -45 46 47 -5 49 -47 52 55 -48 54 -53 56 61 58 -58 60 -60 -50
right_child=1 3 32 45 5 -7 -8 8 18 31 17 13 -14 20 15 16 -18 -19 -20 27 26 24 -24 -25 25 -27 -28 -29 29 -31 33 -33 43 34 -36 -37 -38 -39 39 -41 -42 -43 -44 44 -46 48 50 -49 51 -51 -52 53 -54 -55 -56 -57 57 -59 59 -61 -62 -63
leaf_value=-0.0013343128686648541 7.7621973743785089e-05 0.0013112385825510215 -0.0012298549479462719 0.0069794869415486785 0.0012344689404955656 -0.005277589090627516 0.002307082292830259 -0.007325809744824551 -0.0097331013643380381 0.0036303008760206418 -0.0068061438656743913 -0.0012979293800792517 0.0021030711435627513 0.0016081724229883713 -0.00098353269763319434 -0.0036268161081556062 0.0038495894054059649 0 -0.0026913774470646544 0.0021666405730404593 0 0.00099707704814203275 0.0021261812515182671 -0.0040247257868082122 -0.0040831870105894393 -0.0034580806397048144 -0.0046294294547328009 0.00093853063098947489 0.0018078749041494286 -0.0051177871535639709 -0.0050203254689459749 0.0010427360433669219 -0.0011182082010859798 -0.0036939641958439228 0.00297417245082446 -0.0058469512751458379 -0.0053172556063400571 -0.00017559122635391096 0.0010118616338462148 0.00026530832392140968 0.0064315446922787872 0.0038066849995280895 0.00039034023011020236 -0.00020276944390728864 -0.0014584621931010425 0.00028974416295337793 -0.0023685596297023247 0.0021915576284245787 0.0021961653318886389 -0.0056698951035805412 0.0020836404701638912 0.0020165479908568588 0.00071526055692781735 0.0022413023100340702 -0.0017204188472478917 -0.0033833290622415132 0.0018043298462534548 -0.00259112217987492 -0.0068729801860896878 0.0016240642620966982 -8.9917664353243316e-05 -0.00061556363707864544
leaf_weight=5210 1738 1897 1254 30 1597 21 335 31 23 96 26 95 73 42 26 20 53 23 25 75 65 405 393 36 21 66 29 275 45 51 34 196 693 23 20 21 72 1608 468 789 44 21 130 1824 239 61 50 672 280 22 233 86 303 522 67 21 201 83 24 35 26 64
leaf_count=5210 1738 1897 1254 30 1597 21 335 31 23 96 26 95 73 42 26 20 53 23 25 75 65 405 393 36 21 66 29 275 45 51 34 196 693 23 20 21 72 1608 468 789 44 21 130 1824 239 61 50 672 280 22 233 86 303 522 67 21 201 83 24 35 26 64
internal_value=1.03194e-05 0.000743418 -0.00108544 0.00103009 0.000861118 0.000668692 0.000698041 0.000565557 0.000149698 0.000309264 2.22378e-05 0.000138262 -0.00129636 0.00044009 -0.00255004 -0.00165126 0.0017307 -0.00365467 -0.00618271 0.000953138 0.000694915 0.000882775 0.00160945 -0.000929431 0.000342537 -0.000750231 -0.00147686 8.4454e-05 -0.00084245 -0.00217635 -0.000902602 0.00191151 -0.000760824 -0.00255179 -0.000476791 -0.00216885 -0.00422064 0.000178431 0.000367396 0.000750625 0.00148854 0.00026118 -0.000201006 -0.000545561 -0.00035073 0.00141487 0.00176761 0.00240426 0.00110691 -0.00123467 0.000996122 0.00124847 0.000263751 0.00181954 0.000347385 0.000716316 0.000844532 7.19248e-05 0.000862879 -0.00130412 -0.00345281 0.0016585
internal_weight=23008 13788 9220 9141 6361 4464 4443 4108 1988 1940 1648 1599 275 1324 202 171 73 49 48 2120 1208 1114 471 78 643 238 94 523 248 173 122 292 4010 77 43 116 98 4647 3039 1301 512 172 151 2756 2063 2780 1288 702 1492 83 586 1409 353 675 153 734 713 369 286 85 50 344
internal_count=23008 13788 9220 9141 6361 4464 4443 4108 1988 1940 1648 1599 275 1324 202 171 73 49 48 2120 1208 1114 471 78 643 238 94 523 248 173 122 292 4010 77 43 116 98 4647 3039 1301 512 172 151 2756 2063 2780 1288 702 1492 83 586 1409 353 675 153 734 713 369 286 85 50 344
is_linear=0
shrinkage=0.05


Tree=53
num_leaves=63
num_cat=0
split_feature=2 2 11 11 0 11 5 5 11 11 11 0 11 11 0 11 8 11 1 8 5 5 0 5 11 2 11 11 2 5 5 1 11 8 11 5 7 1 5 0 1 11 11 11 8 11 0 5 7 1 0 1 11 7 11 11 1 0 5 0 2 9
split_gain=6.68014 0.87358 0.257871 0.744606 0.702526 0.329913 0.583923 0.385871 0.254271 0.364862 0.350268 0.224602 0.215856 0.370863 0.351139 0.206035 0.210023 0.197932 0.199845 0.177425 0.238881 0.163787 0.160302 0.182628 0.158404 0.146009 0.1558 0.21984 0.169278 0.215288 0.143299 0.212776 0.143049 0.165999 0.22377 1.06709 0.150188 0.20702 0.157223 0.348163 0.142899 0.210594 0.274086 0.514342 0.400296 0.206601 0.354894 0.227553 0.139713 0.134829 0.134445 0.164651 0.152601 0.262671 0.320826 0.422206 0.272047 0.292505 0.151091 0.220009 0.133366 0.13227
threshold=325.50000000000006 605.50000000000011 127.50000000000001 139.50000000000003 407.50000000000006 129.50000000000003 908.05000000000007 918.05000000000007 194.50000000000003 183.50000000000003 184.50000000000003 82.500000000000014 141.50000000000003 144.50000000000003 256.50000000000006 363.50000000000006 0.065403129230143103 181.50000000000003 119.50000000000001 -0.41248606129204551 901.75000000000011 906.95000000000016 108.50000000000001 905.25000000000011 145.50000000000003 995.50000000000011 46.500000000000007 32.500000000000007 1021.5000000000001 921.85000000000002 903.55000000000007 723.50000000000011 201.50000000000003 -0.52778511650980109 316.50000000000006 922.55000000000007 0.22384994943148737 24.500000000000004 916.1500000000002 353.50000000000006 278.50000000000006 170.50000000000003 150.50000000000003 152.50000000000003 -0.22695468355932472 167.50000000000003 108.50000000000001 903.05000000000007 0.1781560900222158 10.500000000000002 146.50000000000003 586.50000000000011 64.500000000000014 0.45981206477053449 26.500000000000004 32.500000000000007 135.50000000000003 205.50000000000003 914.95000000000016 373.50000000000006 861.50000000000011 -0.84874750804349197
decision_type=2 2 2 2 2 2 2 2 2 2 2 2 2 2 2 2 2 2 2 2 2 2 2 2 2 2 2 2 2 2 2 2 2 2 2 2 2 2 2 2 2 2 2 2 2 2 2 2 2 2 2 2 2 2 2 2 2 2 2 2 2 2
left_child=11 -2 25 4 5 60 -7 48 9 12 -11 -1 -5 14 -14 16 32 18 19 20 -15 -6 23 -22 -20 50 27 -27 -29 49 31 -12 -10 34 35 36 -34 38 -38 -40 -26 42 -42 44 -44 61 -47 -48 -8 -30 -3 52 53 -52 -55 -56 57 -57 59 -54 -4 -45
right_child=1 2 3 8 21 6 7 -9 15 10 30 -13 13 17 -16 -17 -18 -19 24 -21 22 -23 -24 -25 40 26 -28 28 29 -31 -32 -33 33 -35 -36 -37 37 -39 39 -41 41 -43 43 45 -46 46 47 -49 -50 -51 51 -53 58 54 55 56 -58 -59 -60 -61 -62 -63
leaf_value=-0.0012339765701961586 6.5053923555349752e-05 0.0013633027432781721 -0.0094565192079959226 0.0031819163825296034 -0.00049389758750053084 -0.0038257702606281727 0 -0.0055546529329293841 0.0028091489282541827 -0.0053530483019475529 -0.00047961200233294777 -0.00069468693686478066 -0.0058326418733636691 0.00085611192125737996 3.1123255523771819e-05 -0.002712844820127589 0.00049838253908119571 0.0032768165665654271 0.0049418718422052955 0.00091817842543487826 -0.0029010549109438899 0.0032789361998087187 -0.0046276432939910675 0.0029353007481929226 0.0018234962664443822 0.0027503833166292306 0.0018949760464821318 0.0026569840160617789 -0.00029471923948430102 0.0008543584630360155 0.001216922409786439 -0.0049927143537844727 0.002333256906600488 0.001798336392786246 0.0025253530606221346 -0.0089997345296619624 0.0013843831289549451 -0.00078251374649685682 0.0019896157119659494 -0.0056741859638970698 0.0027982363304704235 0.0019462429308221814 -0.0015041845086606934 0.0016269694627230923 -0.010492780015437525 0.0018558247994116457 -0.00074032847491551691 -0.0081978035059226944 0.0035968453854806218 -0.0056710309115542241 -0.0043184234691714804 0.002673167210469092 0.00087567514632877019 0.0018134032700704242 -0.0076948098820673917 0.00013379299874630618 0.0024070042768602946 -0.003889606643822611 0.0021336186564357581 -0.001996134722649302 -0.0038547110041914794 -0.00063605412756913803
leaf_weight=6022 4019 1581 20 89 41 150 49 20 185 40 230 2922 41 71 63 33 796 80 26 150 38 82 59 20 316 61 1126 25 20 39 97 30 151 1012 179 28 493 199 33 26 72 185 34 176 21 31 20 25 59 37 35 100 677 181 21 124 67 69 207 73 34 98
leaf_count=6022 4019 1581 20 89 41 150 49 20 185 40 230 2922 41 71 63 33 796 80 26 150 38 82 59 20 316 61 1126 25 20 39 97 30 151 1012 179 28 493 199 33 26 72 185 34 176 21 31 20 25 59 37 35 100 677 181 21 124 67 69 207 73 34 98
internal_value=9.75865e-06 0.000689387 0.000938681 0.000710912 -0.0012231 -0.00242558 -0.00170447 0.000743452 0.000882872 0.000440157 -0.000911945 -0.00105836 0.000775663 0.000631849 -0.0022359 0.00116538 0.00120834 0.000845244 0.000696333 -0.000344088 -0.00137775 0.00198133 -0.00277561 -0.000800872 0.00105157 0.00122472 0.00167476 0.000284597 -0.000918443 -0.00190337 -0.000398981 -0.0010213 0.00145121 0.00133028 0.000898525 0.000579791 0.000883667 0.000585276 0.00108748 -0.00130694 0.000942544 0.000514265 -3.09252e-05 -0.000546796 -0.00503975 0.000146196 -0.00214099 -0.00500323 0.00196008 -0.00387599 0.00103531 0.000698327 0.000558893 -0.000143206 0.000163144 -0.000882315 -0.000310104 -0.00128 0.000928717 0.000589258 -0.00603552 0.000799389
internal_weight=23008 14064 10045 5602 455 332 278 128 5147 2012 397 8944 1615 1526 104 3135 3102 1422 1342 338 188 123 117 58 1004 4443 1308 182 121 96 357 260 2306 2121 1109 930 902 751 552 59 978 662 477 405 55 350 76 45 108 57 3135 1554 1454 497 462 281 260 193 957 750 54 274
internal_count=23008 14064 10045 5602 455 332 278 128 5147 2012 397 8944 1615 1526 104 3135 3102 1422 1342 338 188 123 117 58 1004 4443 1308 182 121 96 357 260 2306 2121 1109 930 902 751 552 59 978 662 477 405 55 350 76 45 108 57 3135 1554 1454 497 462 281 260 193 957 750 54 274
is_linear=0
shrinkage=0.05


Tree=54
num_leaves=63
num_cat=0
split_feature=2 2 1 3 1 4 7 5 9 11 2 9 11 4 11 5 5 6 4 7 11 11 4 11 3 11 11 5 1 11 11 1 1 7 5 5 5 7 11 1 4 1 11 11 3 2 5 3 11 11 11 3 11 6 3 11 11 11 2 7 6 6
split_gain=6.034 0.818605 0.206057 0.31817 0.312108 0.255476 0.21144 0.277145 0.283194 0.222063 0.205088 0.204331 0.192386 0.518489 0.203084 0.295617 0.317147 0.18954 0.181928 0.302369 0.20069 0.707213 0.273302 0.214853 0.42389 0.201394 0.37977 0.305267 0.53491 0.261886 0.22624 0.271271 0.17092 0.550337 0.178709 0.164236 0.203236 0.30768 0.183023 0.184431 0.195425 0.270841 0.183283 0.193415 0.214898 0.171716 0.167931 0.253097 0.162368 0.590915 0.329321 0.158861 0.17167 0.318155 0.339367 0.288552 0.158178 0.336308 0.18793 0.162251 0.171757 0.157902
threshold=320.50000000000006 662.50000000000011 12.500000000000002 29.850000000000005 111.50000000000001 7.3500000000000005 111.75000000000001 916.55000000000007 -0.93540483100319605 250.50000000000003 786.50000000000011 -0.88144907265856332 139.50000000000003 67.950000000000017 268.50000000000006 904.55000000000007 909.05000000000007 6806.5000000000009 38.95000000000001 29.035714285714288 34.500000000000007 38.500000000000007 27.550000000000004 8.5000000000000018 -2.7499999999999996 46.500000000000007 42.500000000000007 919.85000000000002 535.50000000000011 50.500000000000007 54.500000000000007 138.50000000000003 676.50000000000011 0.14931745146469075 905.45000000000016 915.1500000000002 921.55000000000007 0.092828037674511824 292.50000000000006 296.50000000000006 8.7500000000000018 577.50000000000011 66.500000000000014 165.50000000000003 23.650000000000002 1031.5000000000002 913.55000000000007 13.450000000000001 127.50000000000001 160.50000000000003 121.50000000000001 -2.7499999999999996 316.50000000000006 87320.500000000015 8.5500000000000025 298.50000000000006 113.50000000000001 114.50000000000001 881.50000000000011 0.12273877651866742 3306.5000000000005 60270.500000000007
decision_type=2 2 2 2 2 2 2 2 2 2 2 2 2 2 2 2 2 2 2 2 2 2 2 2 2 2 2 2 2 2 2 2 2 2 2 2 2 2 2 2 2 2 2 2 2 2 2 2 2 2 2 2 2 2 2 2 2 2 2 2 2 2
left_child=17 -2 6 5 10 11 -3 9 -9 -8 -5 -4 13 -6 32 -16 -17 -1 19 20 22 -22 -7 -24 -25 26 27 28 -23 -27 31 -31 -14 -34 -35 38 45 -38 39 -32 41 -41 -42 46 -45 -37 -44 -48 50 61 -13 -39 53 54 -53 -56 58 -58 -20 -59 -61 -50
right_child=1 2 3 4 12 18 7 8 -10 -11 -12 48 14 -15 15 16 -18 -19 56 -21 21 25 23 24 -26 29 -28 -29 -30 30 35 -33 33 34 -36 36 37 51 -40 40 42 -43 43 44 -46 -47 47 -49 49 -51 -52 52 -54 -55 55 -57 57 59 -60 60 -62 -63
leaf_value=-0.0011765387436971785 0.00013547299361951941 0.0017505214860666536 0.0020945691032506013 4.7826822858759754e-05 -0.0058190544431903808 0.004801583702729758 0.00039088405998505813 0.00013743971557726234 -0.0059527377352007107 0.0026685039746458103 -0.002738195617376725 0.001057739635076777 0.0012521583743571711 0.00087715888173061122 -0.00696965868941587 0.00374183268622332 -0.0037035541643729943 -0.00067574518039458149 0.00089099240259451432 -0.0045083095681216706 -0.0071425169040340679 0.0045743163359010111 0.0021703654186316767 -0.0066297803901105004 0.0020231181606537806 0.0042960435331300239 -0.0044237604064743764 0.0052302132570270681 -0.0055507582866877216 -0.0045444251906829776 0.0006817815205839026 0.00040905239169962263 0.0014761417679159472 -0.0048058028026912933 0 0.001184423274464751 -0.0048614183228688308 -0.0034073002001679419 0.0022632091818334697 -0.0054383599113957022 0.0022442574414109316 0.001092163655096544 -0.00078716771851024226 -0.002507402760812343 0.002137200929933128 0.0030448185127065208 -0.0008212836420335856 -0.0083069333100417777 -0.0045730170165451068 0.0028169986228571793 0.0075029994339033323 -0.005445778179390316 0.0023401434290679412 0.0026251741562747172 0.0050938499429355865 -0.0030315395992468381 -0.0047311456714097238 -0.0027238050112468781 0.0023821446971725312 0.0056505936932880647 0.00087602122103713352 -8.409014319844334e-05
leaf_weight=5990 5029 1324 798 120 43 64 398 48 30 150 138 447 784 85 20 29 28 2848 426 29 30 22 117 24 33 49 57 27 31 46 627 65 163 64 25 505 28 22 109 44 64 23 182 33 94 173 28 21 62 76 21 41 123 58 21 22 28 29 450 20 491 32
leaf_count=5990 5029 1324 798 120 43 64 398 48 30 150 138 447 784 85 20 29 28 2848 426 29 30 22 117 24 33 49 57 27 31 46 627 65 163 64 25 505 28 22 109 44 64 23 182 33 94 173 28 21 62 76 21 41 123 58 21 22 28 29 450 20 491 32
internal_value=9.31362e-06 0.000649005 0.000930977 0.000805677 0.000153605 0.000976517 0.00139042 0.000620647 -0.00214554 0.00102382 -0.00142348 0.00155671 0.000485593 -0.0013361 0.00069969 -0.00175451 0 -0.00101574 0.00077955 0.000542087 0.000596671 0.000464216 0.00199126 0.000926693 -0.00153787 0.000557221 -0.0012939 0.000876437 -0.00125304 0.000666019 0.000587319 -0.00160098 0.000887074 -0.000228958 -0.00340605 0.000699154 0.00117879 0.000112183 0.000306206 0.0001104 -0.000611997 -0.00312374 -0.000200723 -0.000652282 0.000889973 0.00166688 -0.00152184 -0.00414164 0.000875911 -0.000425103 0.00135917 0.000616352 0.000970411 -0.000181672 -0.00218 0.000823276 0.00123844 0.000574869 0.00166289 0.000860078 0.00107374 -0.00309972
internal_weight=23008 14170 9141 7191 1499 5692 1950 626 78 548 258 1436 1241 128 1113 77 57 8838 4256 2812 2783 2545 238 174 57 2515 137 80 53 2378 2329 111 1036 252 89 2218 993 315 1225 1116 489 67 422 358 127 678 231 49 638 170 468 287 265 142 84 43 1444 568 876 540 511 94
internal_count=23008 14170 9141 7191 1499 5692 1950 626 78 548 258 1436 1241 128 1113 77 57 8838 4256 2812 2783 2545 238 174 57 2515 137 80 53 2378 2329 111 1036 252 89 2218 993 315 1225 1116 489 67 422 358 127 678 231 49 638 170 468 287 265 142 84 43 1444 568 876 540 511 94
is_linear=0
shrinkage=0.05


Tree=55
num_leaves=63
num_cat=0
split_feature=2 2 2 0 8 11 8 11 11 11 11 4 8 1 3 11 3 8 1 1 4 2 4 11 2 11 11 1 8 3 11 11 11 11 11 11 10 1 0 4 3 2 11 11 11 3 3 0 1 10 0 2 3 3 2 11 3 0 11 11 3 8
split_gain=5.43892 0.624262 0.357791 0.238955 0.223378 0.228825 0.220892 0.192232 0.188619 0.179768 0.175475 0.165195 0.194877 0.163174 0.187734 0.159692 0.155793 0.137696 0.134826 0.223381 0.185788 0.159279 0.125212 0.246446 0.150503 0.132311 0.198899 0.225376 0.121747 0.118363 0.187693 0.113894 0.149437 0.4851 0.164842 0.182649 0.364498 0.207175 0.197904 0.284122 0.149883 0.132951 0.111586 0.21586 0.129107 0.160282 0.133162 0.159718 0.111327 0.10675 0.105675 0.118141 0.104527 0.12768 0.108996 0.183853 0.102193 0.186637 0.0998973 0.131645 0.125327 0.112812
threshold=514.50000000000011 212.50000000000003 876.50000000000011 118.50000000000001 -0.58216583101416164 354.50000000000006 0.065403129230143103 294.50000000000006 298.50000000000006 363.50000000000006 22.500000000000004 6551.8500000000013 0.35206144883412582 705.50000000000011 18.950000000000003 350.50000000000006 -6.2499999999999991 -0.93540483100319605 278.50000000000006 307.50000000000006 4.6500000000000012 995.50000000000011 32.350000000000001 48.500000000000007 1112.5000000000002 130.50000000000003 153.50000000000003 540.50000000000011 0.35206144883412582 31.850000000000005 207.50000000000003 328.50000000000006 133.50000000000003 139.50000000000003 64.500000000000014 26.500000000000004 1.5000000000000002 502.50000000000006 203.50000000000003 25.650000000000002 6.2500000000000009 771.50000000000011 83.500000000000014 86.500000000000014 54.500000000000007 1.0000000180025095e-35 3.5500000000000003 75.500000000000014 12.500000000000002 8.5000000000000018 131.50000000000003 1074.5000000000002 24.850000000000005 35.150000000000013 1064.5000000000002 85.500000000000014 22.750000000000004 132.50000000000003 168.50000000000003 260.50000000000006 26.250000000000004 -0.79335334029123528
decision_type=2 2 2 2 2 2 2 2 2 2 2 2 2 2 2 2 2 2 2 2 2 2 2 2 2 2 2 2 2 2 2 2 2 2 2 2 2 2 2 2 2 2 2 2 2 2 2 2 2 2 2 2 2 2 2 2 2 2 2 2 2 2
left_child=1 17 3 9 42 6 18 10 -9 11 28 12 -2 -14 -15 31 -10 -1 52 21 29 -20 23 24 -22 -24 27 -27 -3 -21 -31 32 34 41 35 37 -37 -5 -38 40 -40 -34 44 -44 45 -4 47 -47 -35 -13 -45 58 54 -54 55 -6 -56 -58 -52 61 -61 -60
right_child=2 7 4 15 5 -7 -8 8 16 -11 -12 49 13 14 -16 -17 -18 -19 19 20 22 -23 25 -25 -26 26 -28 -29 -30 30 -32 -33 33 48 -36 36 38 -39 39 -41 -42 -43 43 50 -46 46 -48 -49 -50 -51 51 -53 53 -55 56 -57 57 -59 59 60 -62 -63
leaf_value=-0.0006741280694197529 0.0012487084848758637 -0.00076711323136782847 0.0016794835202153622 0.0013543528691482359 0.0010283837718700767 -0.0034867272476561332 0.00038696761997551531 -0.005583795317143387 -0.0033203791454102308 -0.0034737973414246566 -7.6417338661364384e-05 -9.3694125314897363e-05 0.00065930118801769315 -0.0041830550147071849 -4.0690523896892887e-05 -0.0038018393080055525 -0.00061690983253718471 -0.0011806359840425993 0.0012517510550199824 0.0030620967846606592 0 -0.0029383566966587459 0.0031846718439920308 0.0008149052810738776 -0.0058136227587036364 -0.004178085908282469 0.0021861215191775907 0.0018951894014358961 -0.0031707639276376889 0.0023092078111658886 -0.0031349171635724296 0.0022031652298259903 -0.0048414233629908788 0.00065840511683012883 0.00096430233906467282 -0.0069491760353698881 0.00049238107957083437 -0.0032163640731650081 0.0017396236676374391 -0.0055528715237840552 -0.0031795119435505097 -0.00033163771226230369 -0.0047584874824208407 0.00092613342359623989 0.0019812217188762147 -0.00018911926640509478 0.00067542044367187163 -0.0066063201082731358 -0.00022908832149639072 -0.0039653185615426377 -0.00043623036354061137 -0.0020228870948361729 0.0010400364495916636 0.0026156662188621966 0.0037330446654347499 0.0025855622199886961 0.0042218925351921411 -0.0023667209274113462 -0.000639874243294586 0.00063201938720127413 -0.0044917502128333777 0.0019698110209511862
leaf_weight=1901 1975 282 86 242 376 24 528 24 63 23 3757 134 462 40 94 24 408 5073 36 203 24 56 110 577 23 33 109 27 68 53 22 75 66 559 990 23 201 27 40 39 25 25 20 592 268 22 36 20 951 21 275 65 679 167 170 415 21 21 50 26 20 184
leaf_count=1901 1975 282 86 242 376 24 528 24 63 23 3757 134 462 40 94 24 408 5073 36 203 24 56 110 577 23 33 109 27 68 53 22 75 66 559 990 23 201 27 40 39 25 25 20 592 268 22 36 20 951 21 275 65 679 167 170 415 21 21 50 26 20 184
internal_value=1.79974e-05 -0.000744755 0.000794735 0.000529393 0.00109382 0.00131268 0.0013457 -0.000291233 -0.00122368 0.000874083 -0.000177604 0.000912727 0.00100907 0.000206498 -0.0013167 0.000239582 -0.000989762 -0.0010433 0.00150623 0.00109972 0.00128669 -0.00124488 0.000929531 0.000524365 -0.00293048 0.00181728 0.000896339 -0.00136331 -0.00124916 0.00242808 0.000643639 0.000270955 0.000223862 -0.000114367 0.000568212 -8.02996e-05 -0.00087983 0.000875977 -0.000403626 -0.00218217 -7.75244e-05 -0.00365908 0.000607537 0.0003594 0.00130337 0.000164653 -0.00144154 -0.00337213 9.61714e-05 -0.000652692 0.000448365 0 0.00178332 0.00135725 0.00213755 0.0018519 0.00317838 0.000811024 0.000228408 0.000898951 -0.00149216 0.00139079
internal_weight=22950 11576 11374 6036 5338 3674 3650 4602 495 2749 4107 2726 2571 596 134 3287 471 6974 3122 1273 1181 92 903 624 47 279 169 60 350 278 75 3263 3188 1601 1587 597 328 269 305 104 65 91 1664 1232 432 164 78 42 1510 155 1212 620 1849 846 1003 791 212 42 555 280 46 234
internal_count=22950 11576 11374 6036 5338 3674 3650 4602 495 2749 4107 2726 2571 596 134 3287 471 6974 3122 1273 1181 92 903 624 47 279 169 60 350 278 75 3263 3188 1601 1587 597 328 269 305 104 65 91 1664 1232 432 164 78 42 1510 155 1212 620 1849 846 1003 791 212 42 555 280 46 234
is_linear=0
shrinkage=0.05


Tree=56
num_leaves=63
num_cat=0
split_feature=2 2 2 0 8 8 8 9 0 4 8 1 5 5 7 4 1 4 4 8 2 1 1 5 2 5 4 7 5 5 4 1 7 0 0 1 3 4 5 4 5 7 3 4 3 5 4 0 0 2 2 3 7 0 4 4 4 3 5 3 7 8
split_gain=4.90962 0.567885 0.323384 0.215469 0.201864 0.185638 0.160602 0.166442 1.5932 0.142219 0.160019 0.146516 0.226969 0.135543 0.173856 0.138349 0.131186 0.156918 0.125465 0.121321 0.113213 0.110928 0.164521 0.173092 0.1546 0.148856 0.123398 0.127362 0.313403 0.149195 0.159799 0.115034 0.156736 0.132955 0.133511 0.11143 0.109092 0.239368 0.280282 0.285947 0.170219 0.132378 0.12486 0.106584 0.110812 0.104351 0.10209 0.148932 0.131215 0.0978178 0.0964207 0.0948422 0.0937453 0.0933502 0.0926998 0.092044 0.139427 0.219293 0.102163 0.36537 0.350202 0.132777
threshold=514.50000000000011 265.50000000000006 876.50000000000011 118.50000000000001 -0.58216583101416164 0.097964660725097366 0.097964660725097366 -0.29012925520284105 38.500000000000007 6551.8500000000013 0.35206144883412582 705.50000000000011 918.75000000000011 922.55000000000007 0.11648870006300181 27.950000000000003 2.5000000000000004 11.450000000000001 1.0500000000000003 -0.1628082571180898 69.500000000000014 254.50000000000003 511.50000000000006 909.25000000000011 942.50000000000011 907.05000000000007 21.650000000000002 0.3765467523665858 913.6500000000002 911.1500000000002 6.3500000000000005 41.500000000000007 124.20000000000002 121.50000000000001 197.50000000000003 150.50000000000003 -0.24999999999999997 29.950000000000003 918.95000000000016 48.750000000000007 922.95000000000016 7.7165178571428585 -5.3499999999999988 18.050000000000004 3.1500000000000008 899.75000000000011 10.15 325.50000000000006 435.50000000000006 913.50000000000011 1018.5000000000001 24.950000000000003 10.292857142857146 58.500000000000007 36.150000000000013 61.95000000000001 16.250000000000004 24.350000000000005 916.85000000000002 5.2500000000000009 10.292857142857146 -0.77259657388510594
decision_type=2 2 2 2 2 2 2 2 2 2 2 2 2 2 2 2 2 2 2 2 2 2 2 2 2 2 2 2 2 2 2 2 2 2 2 2 2 2 2 2 2 2 2 2 2 2 2 2 2 2 2 2 2 2 2 2 2 2 2 2 2 2
left_child=1 6 3 9 53 18 7 8 -1 10 -2 -12 -13 -3 -15 -16 51 -18 19 -6 -9 25 23 24 -23 31 27 28 -25 -29 -31 32 -20 35 -35 -33 37 52 49 40 41 -40 -41 44 -30 -11 47 -34 -48 -39 -36 -10 -27 -4 -26 56 57 -5 59 60 -58 -61
right_child=2 13 4 55 5 -7 -8 20 16 45 11 12 -14 14 15 -17 17 -19 21 -21 -22 22 -24 26 54 36 -28 29 43 30 -32 33 46 34 50 -37 -38 38 39 42 -42 -43 -44 -45 -46 -47 48 -49 -50 -51 -52 -53 -54 -55 -56 -57 58 -59 -60 61 -62 -63
leaf_value=0.013540405613674795 0.0011339257254129212 -7.5375825447604884e-05 0.0039190773697684719 0.0010414312659123494 0.0033280795666821858 3.3885745049842606e-05 -0.0011797811869614329 -0.0011667592638977175 -0.00042183576288770935 -0.0038078609040655964 0.00061894723034841255 -0.0003168224623557724 -0.0060274648819983847 -0.0054814670164296982 0.00070835153079146576 -0.001325659524779205 0.0041681787093613308 4.2190879023401823e-06 0.0020748489298217068 0.00063799991788837597 -0.00058658323800633893 -0.0019215521089677519 0.0014321184586351945 0.0041968786424588745 0.0024811362093445704 0.0050790002278964536 0.00086526356619614836 -0.0064065080145327595 -0.0036033488750475415 0.0021665818865689054 -0.002872447477732811 -0.0052509164252892981 0.0001454265079077436 0.0024100482263333528 0.00070540152086268624 0 0.0021105572984270161 0.00028448840927573576 -0.002299853034354561 0.0024784206249094578 0 -0.0084483247832946862 -0.0018958137073086506 -0.0043179902548630871 0.00059852833768284368 -5.4752408430801746e-05 -0.00012767281688329582 -0.0047380623285452166 0.0042703323016143532 0.0051491811526839844 -0.0021527135816633625 -0.002126924431616598 0.00062989078978544454 0.00053082785571816624 0.00036032073058094938 0.00084190793608278434 -0.00049277310115454661 -0.00011265442711321191 0.00013043851337486744 -0.002538882394202197 -0.007526001257375084 2.6592635264429333e-05
leaf_weight=21 1997 3210 21 744 151 298 3840 1613 278 22 463 113 21 21 111 309 27 152 279 65 1872 32 715 32 149 39 119 20 21 21 54 20 47 64 73 20 943 20 20 46 21 21 24 25 57 133 46 22 25 28 48 122 21 1643 88 516 37 906 588 57 37 402
leaf_count=21 1997 3210 21 744 151 298 3840 1613 278 22 463 113 21 21 111 309 27 152 279 65 1872 32 715 32 149 39 119 20 21 21 54 20 47 64 73 20 943 20 20 46 21 21 24 25 57 133 46 22 25 28 48 122 21 1643 88 516 37 906 588 57 37 402
internal_value=1.70025e-05 -0.000707675 0.000754989 0.00050265 0.00103937 0.00124749 -0.000945531 -0.000724083 3.7147e-05 0.000829997 0.000918694 0.00019029 -0.00125289 -0.000189994 -0.00101275 -0.000776157 -0.000446228 0.000662196 0.00135312 0.00254237 -0.000856573 0.00127017 0.000913802 0.000305907 0.00126347 0.00152739 -0.000417986 -0.00110375 -7.78419e-05 -0.00250742 -0.00139394 0.000900327 0.00138995 0 0.000553773 -0.00262172 0.00186441 0.000875973 -8.65393e-06 -0.00122611 -0.00371232 -0.00558362 0.000906791 -0.00145719 -0.000471891 -0.000621801 0 -0.00134387 0.00135443 0.00323098 -0.000387949 -0.000954786 0.00360865 0.000576826 0.00171523 0.000227343 0.000111071 0.000404735 -0.000316709 -0.000819309 -0.00408227 -0.000281589
internal_weight=22950 11576 11374 6036 5338 3674 7925 4085 600 2749 2594 597 134 3651 441 420 579 179 3376 216 3485 3160 1333 618 269 1827 349 230 135 95 75 644 419 225 185 40 1183 240 180 132 62 41 70 103 78 155 140 69 71 48 121 400 60 1664 237 3287 2771 1650 1121 533 74 459
internal_count=22950 11576 11374 6036 5338 3674 7925 4085 600 2749 2594 597 134 3651 441 420 579 179 3376 216 3485 3160 1333 618 269 1827 349 230 135 95 75 644 419 225 185 40 1183 240 180 132 62 41 70 103 78 155 140 69 71 48 121 400 60 1664 237 3287 2771 1650 1121 533 74 459
is_linear=0
shrinkage=0.05


Tree=57
num_leaves=63
num_cat=0
split_feature=2 2 11 2 0 9 1 11 11 11 0 11 11 0 5 5 5 11 11 11 7 3 11 9 5 1 11 11 5 11 11 5 11 3 3 5 11 7 11 3 3 5 11 10 3 3 5 5 11 11 11 11 5 5 11 1 11 11 11 1 1 11
split_gain=4.43239 0.512754 0.298622 0.287092 0.219276 0.196831 0.152125 0.148578 0.141248 0.136192 0.134852 0.114406 0.196582 0.369469 0.111839 0.111077 0.29437 0.281124 0.206367 0.419228 0.149311 0.110052 0.321583 1.14298 0.103739 1.11418 0.168375 0.372029 0.153079 0.102979 0.193991 0.124361 0.116914 0.144638 0.121228 0.326925 0.115507 0.176707 0.128667 0.207714 0.147983 0.125526 0.192416 0.187442 0.141048 0.166459 0.103958 0.1903 0.102284 0.129226 0.440907 0.147413 0.144134 0.123891 0.362989 0.113945 0.199172 0.171005 0.219319 0.15037 0.127659 0.282897
threshold=514.50000000000011 270.50000000000006 363.50000000000006 876.50000000000011 118.50000000000001 -0.81241147629688992 206.50000000000003 336.50000000000006 350.50000000000006 18.500000000000004 15.500000000000002 42.500000000000007 46.500000000000007 53.500000000000007 928.85000000000002 915.1500000000002 913.85000000000002 86.500000000000014 272.50000000000006 292.50000000000006 0.94167491340920351 29.550000000000004 249.50000000000003 -0.19509032201612839 922.45000000000016 609.50000000000011 274.50000000000006 272.50000000000006 923.75000000000011 83.500000000000014 86.500000000000014 915.35000000000002 54.500000000000007 1.0000000180025095e-35 3.5500000000000003 920.45000000000016 194.50000000000003 0.72055772878141311 127.50000000000001 27.250000000000004 24.650000000000002 902.35000000000002 155.50000000000003 6.5000000000000009 33.45000000000001 31.150000000000002 902.45000000000016 903.05000000000007 328.50000000000006 133.50000000000003 139.50000000000003 106.50000000000001 906.25000000000011 914.1500000000002 48.500000000000007 18.500000000000004 52.500000000000007 26.500000000000004 30.500000000000004 502.50000000000006 22.500000000000004 48.500000000000007
decision_type=2 2 2 2 2 2 2 2 2 2 2 2 2 2 2 2 2 2 2 2 2 2 2 2 2 2 2 2 2 2 2 2 2 2 2 2 2 2 2 2 2 2 2 2 2 2 2 2 2 2 2 2 2 2 2 2 2 2 2 2 2 2
left_child=1 10 3 4 11 6 -5 9 48 -3 -1 -2 13 -13 15 16 18 -18 20 -20 -8 -12 -23 -24 26 28 27 -14 -26 32 -31 36 33 -7 35 -35 37 38 -32 40 -40 42 -39 -44 45 -43 -38 -48 49 51 52 53 -51 54 -6 -55 57 59 -59 -57 -60 -62
right_child=2 7 -4 5 8 29 14 -9 -10 -11 21 12 24 -15 -16 -17 17 -19 19 -21 -22 22 23 -25 25 -27 -28 -29 -30 30 31 -33 -34 34 -36 -37 46 41 39 -41 -42 44 43 -45 -46 -47 47 -49 -50 50 -52 -53 -54 55 -56 56 -58 58 60 -61 61 -63
leaf_value=-0.0013188251388343375 0.0015122859649167064 -0.0012568174042677455 -0.0040748805313942675 0.0015176672153942082 -0.0061357568699680976 0.0015671286665164931 0.0012076732277054632 -0.0016675092588382377 -0.003584675539354504 -1.2663376755689599e-05 -0.00089368978685681129 0.0023035454069152165 0.00070992625768221383 -0.0057887775611677834 -0.0026969227057073914 0.0013984833146230239 -0.005393025794816925 7.1332598188255902e-05 -0.0066222442249799594 0.0028753099190441896 -0.0011637092481727497 -0.00062769694114448436 0.0091206539129300053 -0.0012699598349330276 -0.0026224841784948626 -0.010927882318583011 0.0017669014672260079 -0.0056616801677828099 0.0016200437635325157 -0.0045481561836022049 0.0019470171089182534 -0.0010338837705208108 0.0018556660769698955 -0.007875312864780425 0.00061527509462187347 0.00076277921343963955 0.0024373309828876468 -0.0059404558819715087 -4.7098578968408584e-05 0.00090272411093388202 -0.0055309433735427887 0.00013013831775478537 0.0030295083222036819 -0.002653346889675542 0.0038185557275480851 -0.0039699562943678133 -0.0038420495378533241 0.001089742241004463 0.0020765529003009182 -0.0045498386608979003 8.6956420067558346e-05 0.0013523535383973351 1.4007526139418271e-05 0.0015436079632147484 -4.6880303690832225e-05 0.0010628937343483409 0.0011631224885697415 -0.0068764003929239594 -0.0039241170160957675 -0.0030626371131721895 0.0041341911251860783 -0.0034299644728527398
leaf_weight=1547 505 237 32 1910 26 86 821 159 24 3171 5217 24 1543 32 21 703 38 57 26 20 70 1126 39 80 24 22 406 23 147 20 164 134 268 20 36 22 130 26 29 190 24 153 21 44 21 29 21 225 75 71 1510 401 20 237 424 115 260 22 26 27 25 24
leaf_count=1547 505 237 32 1910 26 86 821 159 24 3171 5217 24 1543 32 21 703 38 57 26 20 70 1126 39 80 24 22 406 23 147 20 164 134 268 20 36 22 130 26 29 190 24 153 21 44 21 29 21 225 75 71 1510 401 20 237 424 115 260 22 26 27 25 24
internal_value=1.61926e-05 -0.000672353 0.000717406 0.000731404 0.000492929 0.000999535 0.00120533 -0.000171974 0.000215887 -0.000100686 -0.00089458 0.000825132 0.000666578 -0.00223359 0.000862687 0.000908806 0.00057029 -0.00206521 0.000843024 -0.00238713 0.00101565 -0.000792223 -0.000362988 0.00209818 0.000744003 -0.000343861 0.00085302 0.000612798 0.000994194 0.000542817 0.00030424 0.000388876 0.00121085 0.000126172 -0.00139853 -0.00324077 0.000570617 0.000182971 0.000863294 0.000110825 -0.00263025 -0.000741809 -0.0022847 -0.000738709 -2.47663e-05 -0.000497537 0.00127979 0.000647029 0.000245482 0.000200772 -0.000113609 0.000521064 -0.003493 0.00023569 -0.000411076 0.000637926 0.000197531 -0.000832038 -0.00245398 0.000241672 -0.00108274 0.000328026
internal_weight=22950 11576 11374 11342 6013 5329 3666 3567 3287 3408 8009 2726 2221 56 1756 1735 1032 95 937 46 891 6462 1245 119 2165 193 1972 1566 171 1663 1231 1211 432 164 78 42 1077 701 407 243 53 294 91 65 203 182 376 246 3263 3188 1601 1587 91 1186 450 736 499 239 97 142 75 49
internal_count=22950 11576 11374 11342 6013 5329 3666 3567 3287 3408 8009 2726 2221 56 1756 1735 1032 95 937 46 891 6462 1245 119 2165 193 1972 1566 171 1663 1231 1211 432 164 78 42 1077 701 407 243 53 294 91 65 203 182 376 246 3263 3188 1601 1587 91 1186 450 736 499 239 97 142 75 49
is_linear=0
shrinkage=0.05


Tree=58
num_leaves=63
num_cat=0
split_feature=2 2 2 0 4 9 10 2 1 4 0 0 1 7 9 3 10 4 4 1 1 0 1 5 7 4 0 0 2 5 4 4 3 1 5 5 0 9 4 4 4 4 10 4 4 5 7 0 7 0 3 4 4 4 3 0 5 3 3 9 7 9
split_gain=4.00098 0.468406 0.263598 0.17918 0.169218 0.161657 0.153427 0.129179 0.125073 0.11766 0.11784 0.140232 0.110598 0.103839 0.106074 0.166656 0.154981 0.14567 0.180325 0.102556 0.329801 0.0978343 0.0936807 0.102372 0.197464 0.157088 0.200999 0.149542 0.12959 0.107246 0.199388 0.223171 0.156008 0.264376 0.145117 0.137694 0.127023 0.150352 0.108296 0.101355 0.209795 0.0989581 0.0925828 0.090299 0.141472 0.147575 0.355356 0.0903013 0.0893182 0.0891241 0.113163 0.0882345 0.143044 0.131829 0.158678 0.0934756 0.0971315 0.0861331 0.0860879 0.328735 1.1239 0.0943026
threshold=514.50000000000011 212.50000000000003 876.50000000000011 142.50000000000003 1.0500000000000003 -0.77259657388510605 11.500000000000002 1170.5000000000002 202.50000000000003 9.1500000000000004 609.50000000000011 341.50000000000006 511.50000000000006 20.240384615384617 -0.5277851165098012 15.050000000000002 2.5000000000000004 35.850000000000001 14.050000000000002 24.500000000000004 61.500000000000007 14.500000000000002 182.50000000000003 906.45000000000016 1.0009090909090912 17.650000000000002 260.50000000000006 706.50000000000011 1064.5000000000002 918.6500000000002 29.950000000000003 35.45000000000001 -6.2499999999999991 14.500000000000002 919.55000000000007 922.25000000000011 183.50000000000003 -0.93540483100319605 43.95000000000001 21.650000000000002 15.350000000000003 8.3500000000000032 1.5000000000000002 6551.4500000000007 31.150000000000002 921.05000000000007 0.092828037674511824 54.500000000000007 185.25000000000003 423.50000000000006 22.550000000000004 16.250000000000004 62.650000000000013 48.150000000000013 -5.9499999999999993 292.50000000000006 907.95000000000016 1.3500000000000003 29.550000000000004 -0.032701564615071448 20.240384615384617 -0.68322629814330815
decision_type=2 2 2 2 2 2 2 2 2 2 2 2 2 2 2 2 2 2 2 2 2 2 2 2 2 2 2 2 2 2 2 2 2 2 2 2 2 2 2 2 2 2 2 2 2 2 2 2 2 2 2 2 2 2 2 2 2 2 2 2 2 2
left_child=1 21 3 43 -4 7 42 8 22 10 11 19 -10 14 51 16 -16 18 -17 -7 -21 -1 23 24 -6 26 -26 -28 29 36 34 -32 -33 35 -31 -34 -25 49 -35 40 41 -39 -3 44 45 47 -47 -2 -15 -38 -51 55 53 -53 -55 -5 -57 -30 -23 60 61 -60
right_child=2 6 4 13 5 9 -8 -9 12 -11 -12 -13 -14 48 15 17 -18 -19 -20 20 -22 58 -24 28 25 -27 27 -29 57 30 31 32 33 38 -36 -37 37 39 -40 -41 -42 -43 -44 -45 -46 46 -48 -49 -50 50 -52 52 -54 54 -56 56 -58 -59 59 -61 -62 -63
leaf_value=-0.0012657497031831162 0.0021400229227634803 -0.00085132359902460061 0.0019728274316387537 0.0011358391068805778 -0.0029048664923531781 0.00092689318968479937 -0.0015656077525636842 -0.0017874212454423268 0.00033142573143517999 0.00074880522609376845 0.0020583669149531183 -0.0040823981235467493 0.0011411602527579355 0.0010154957732468142 -0.00133261534786181 -0.0012894878714496058 0.0021624434445840315 0.00021786866641807792 -0.0053536883582915194 -0.0060553572570210892 -0.00023137540118086698 -0.00089522955160787699 0.0031245076557317839 0.0023153484371613107 0.001039779696234877 0.0022677851638901281 -0.0026310285619422116 0.0020252120731866332 0.0058359411355302232 -0.001261314884924189 -0.0055355174846910124 0.0023777230282104062 -0.0064731830263517771 0.0031195681841618764 0.0023965531247707771 -0.00060024255210770045 0.0006956214053262089 -0.0012573848676916046 -0.00070743140335373952 0.0023031874188717979 -0.0055950184507180725 0.0024676817715661155 -0.00010092991992448405 -0.00029055441789095654 0.0012070463361297384 -0.0059010115352897711 8.3265474823206046e-05 0.00055378767289193968 -0.00029197117629347643 0.0045886027647557915 0.0011093098853582209 -0.00025747061782484791 0.00097210466086996824 -0.0063859352587133794 -0.00078103283953846162 -0.0012378742893549091 0.00069439250218968117 0.0022732423711056145 0.010215848727566654 -0.00074999833947564506 -0.0015768054614373553 0.0053931445335201186
leaf_weight=1470 98 463 375 386 35 121 211 39 864 759 49 26 868 522 48 245 87 130 32 27 260 4451 74 356 297 159 76 21 21 31 20 50 25 31 152 20 111 52 42 26 21 27 3928 205 1181 29 158 1566 167 49 54 628 223 20 41 108 162 200 21 901 94 37
leaf_count=1470 98 463 375 386 35 121 211 39 864 759 49 26 868 522 48 245 87 130 32 27 260 4451 74 356 297 159 76 21 21 31 20 50 25 31 152 20 111 52 42 26 21 27 3928 205 1181 29 158 1566 167 49 54 628 223 20 41 108 162 200 21 901 94 37
internal_value=1.53251e-05 -0.000638843 0.00068155 0.000453572 0.000938389 0.000859183 -0.000245803 0.00102478 0.00105597 0.000358988 -0.00024326 -0.000515054 0.000740157 0.000158296 -1.34194e-05 -0.000618543 0.00088268 -0.00112887 -0.00177881 -0.000274526 -0.00079861 -0.000897477 0.00133387 0.00126041 0.000697625 0.000935154 0.000384241 -0.00157044 0.00151337 0.00127576 0.000568156 -0.000555269 1.08142e-05 -0.00095094 0.00174926 -0.00398097 0.00164562 0.000929198 0.000851378 -0.000409019 -0.00116574 0 -0.00018121 0.000707336 0.000776462 0.000498983 -0.000820712 0.000650335 0.000691339 0.0017403 0.00281585 0.000192587 -0.000120928 -0.000482042 -0.00270798 0.000636022 -6.01747e-05 0.00263688 -0.00079819 -0.000383212 0.00175715 0.00723993
internal_weight=22950 11576 11374 6036 5338 4963 4602 3721 3682 1242 483 434 1732 2799 2110 542 135 407 277 408 287 6974 1950 1876 588 553 394 97 1288 1067 371 188 168 118 183 45 696 340 73 126 100 79 4391 3237 3032 1851 187 1664 689 214 103 1568 912 689 61 656 270 221 5504 1053 152 58
internal_count=22950 11576 11374 6036 5338 4963 4602 3721 3682 1242 483 434 1732 2799 2110 542 135 407 277 408 287 6974 1950 1876 588 553 394 97 1288 1067 371 188 168 118 183 45 696 340 73 126 100 79 4391 3237 3032 1851 187 1664 689 214 103 1568 912 689 61 656 270 221 5504 1053 152 58
is_linear=0
shrinkage=0.05


Tree=59
num_leaves=63
num_cat=0
split_feature=2 2 11 8 8 6 3 11 6 5 5 3 6 5 11 11 11 3 11 11 11 11 11 11 11 3 5 1 1 7 3 6 6 5 11 11 11 3 11 1 7 1 3 11 5 2 11 11 5 5 3 7 11 11 5 11 6 11 10 7 3 10
split_gain=3.61223 0.425267 0.264779 0.275449 0.307798 0.262652 0.181747 0.273454 0.191646 0.231782 0.189696 0.882106 0.222113 0.162457 0.158732 0.161186 0.160436 0.152915 0.130598 0.129267 0.239568 0.47456 0.316088 0.199346 0.193899 0.190401 0.121664 0.226159 0.120457 0.151684 0.159269 0.120302 0.11634 0.185548 0.132963 0.340758 0.200129 0.11406 0.18383 0.112264 0.104096 0.333163 0.264852 0.208112 0.16255 0.222447 0.192968 0.271413 0.147701 0.134768 0.103164 0.181653 0.160212 0.206241 0.161052 0.171294 0.154546 0.154305 0.276405 0.191247 0.132068 0.148576
threshold=514.50000000000011 162.50000000000003 363.50000000000006 0.097964660725097366 -0.63405362205439475 17292.500000000004 0.35000000000000003 46.500000000000007 3306.5000000000005 925.75000000000011 922.55000000000007 6.7500000000000009 3192.5000000000005 916.45000000000016 294.50000000000006 298.50000000000006 18.500000000000004 -6.2499999999999991 70.500000000000014 167.50000000000003 127.50000000000001 136.50000000000003 146.50000000000003 93.500000000000014 90.500000000000014 27.150000000000002 905.6500000000002 119.50000000000001 9.5000000000000018 269.50000000000006 27.750000000000004 351650.00000000006 101442.50000000001 916.85000000000002 97.500000000000014 83.500000000000014 133.50000000000003 32.350000000000001 268.50000000000006 376.50000000000006 9.2620137299771184 111.50000000000001 8.1500000000000004 103.50000000000001 913.95000000000016 947.50000000000011 133.50000000000003 144.50000000000003 911.35000000000002 909.45000000000016 9.9500000000000011 18.026315789473689 113.50000000000001 144.50000000000003 917.35000000000002 142.50000000000003 59292.500000000007 150.50000000000003 5.5000000000000009 0.94167491340920351 -7.7499999999999991 10.500000000000002
decision_type=2 2 2 2 2 2 2 2 2 2 2 2 2 2 2 2 2 2 2 2 2 2 2 2 2 2 2 2 2 2 2 2 2 2 2 2 2 2 2 2 2 2 2 2 2 2 2 2 2 2 2 2 2 2 2 2 2 2 2 2 2 2
left_child=1 -1 3 4 5 6 -2 8 -8 13 12 -12 -9 -10 16 -16 -3 -17 -14 20 23 -22 -23 24 -20 -24 27 -27 29 -6 -31 32 50 34 35 -34 -36 -21 -39 -29 41 42 -7 -43 45 46 -44 -48 -45 -47 51 60 -52 54 55 56 -54 59 -59 -55 -30 -62
right_child=2 14 -4 -5 28 40 7 10 9 -11 11 -13 18 -15 15 17 -18 -19 19 37 21 22 25 -25 -26 26 -28 39 31 30 -32 -33 33 -35 36 -37 -38 38 -40 -41 -42 43 44 48 -46 49 47 -49 -50 -51 52 -53 53 57 -56 -57 -58 58 -60 -61 61 -63
leaf_value=-0.00090310052380091323 0.0020053895371832816 -0.001258027194562687 -0.0038645074184189008 0.00020786436655013428 0.0019506609119220718 -0.0043238616254489687 0.0016816405149870915 0.0031051120663503073 -0.0013021603581451235 0.0011742695460925806 0.0023141773957568341 -0.0099698169742672982 0.0018901142965640925 -0.0070916268138181181 -0.0048871906212835173 -0.0030137758525767134 -0.00012771722295316226 -0.00054489483385829478 0.0005293064561612893 0.0018900462199114697 -0.0060840736433603526 0.0031575599349191667 -0.0055600614004612508 0.0019994164005021752 -0.0036038710971471239 -0.0046316012007126591 0.0017487178597940017 0.00202189377462015 0.0024384388036295429 0.0029816664512643119 -0.0006322720319957238 0.0024653386163063025 0.00071809755799432219 0.0016709450164298263 0.002025254540656296 -0.0053289137974061648 -0.00087218364530117383 0.00080662128079433786 -0.0033396127893315693 -0.0015686390754793317 0.00056268090095172704 0.0013613031785532827 0.00066918493081948808 1.4148649307762512e-05 0.0016378569134431612 -0.0075810352986418056 -0.0072793351848261054 -0.0010351787324571488 -0.0027507573376494062 -0.0014598406401847429 0.0018363982202871491 -0.0039503974825699957 0.00093152029223918405 0.0054649569897219511 -0.0042394910344845564 -0.0036457676083069442 -0.0021705610881642377 -0.0035892170399080877 0.0012383602968287053 0 0.00016943368800747041 0.0015719369842365058
leaf_weight=5930 294 338 32 2613 677 65 27 109 23 21 42 22 221 33 27 74 4728 479 128 252 40 54 22 193 36 37 41 39 101 40 124 130 48 147 91 43 171 440 28 49 602 315 125 419 55 21 21 119 54 20 702 21 283 46 22 27 46 30 963 27 768 255
leaf_count=5930 294 338 32 2613 677 65 27 109 23 21 42 22 221 33 27 74 4728 479 128 252 40 54 22 193 36 37 41 39 101 40 124 130 48 147 91 43 171 440 28 49 602 315 125 419 55 21 21 119 54 20 702 21 283 46 22 27 46 30 963 27 768 255
internal_value=1.4581e-05 -0.000606983 0.000647623 0.000660829 0.000795845 0.000468278 0.000842156 0.000655203 -0.00182001 -0.0031133 0.000804997 -0.00183941 0.000908263 -0.0048095 -0.000295075 -0.00108054 -0.000204141 -0.000884795 0.000753356 0.000564693 3.88715e-05 -0.001042 -0.000185781 0.000906726 -0.00034915 -0.00117385 -0.000559448 -0.00135729 0.00106766 0.00161918 0.000219987 0.000948055 0.000894642 0.000171826 -0.000438589 -0.00208711 0.000115491 0.00102435 0.000547214 0 2.26539e-05 -0.000241041 -0.00136989 0.000362975 -0.000823111 -0.00128217 -0.000728664 -0.00201202 -0.000291453 -0.00472756 0.00100293 0.000610703 0.00120984 0.000901666 -8.95068e-05 0.00015403 0.000482074 0.0012578 0.00108713 0.00350629 0.000700711 0.000524038
internal_weight=22950 11576 11374 11342 8729 3967 2151 1857 104 77 1753 64 1689 56 5646 580 5066 553 1580 1359 639 282 242 357 164 188 166 125 4762 841 164 3921 3791 500 353 91 262 720 468 88 1816 1214 426 788 361 306 265 140 473 41 3291 1145 2146 1444 378 356 329 1066 993 73 1124 1023
internal_count=22950 11576 11374 11342 8729 3967 2151 1857 104 77 1753 64 1689 56 5646 580 5066 553 1580 1359 639 282 242 357 164 188 166 125 4762 841 164 3921 3791 500 353 91 262 720 468 88 1816 1214 426 788 361 306 265 140 473 41 3291 1145 2146 1444 378 356 329 1066 993 73 1124 1023
is_linear=0
shrinkage=0.05


Tree=60
num_leaves=63
num_cat=0
split_feature=2 2 8 8 8 1 4 2 5 10 0 8 8 0 5 3 8 4 3 5 0 3 0 8 7 5 10 5 5 0 4 0 10 2 3 1 4 1 4 5 5 3 10 4 4 10 7 1 4 2 8 8 3 2 4 4 5 3 0 7 3 3
split_gain=3.15595 0.408696 0.190229 0.160612 0.155463 0.138542 0.132871 0.143274 0.145449 0.134362 0.129387 0.128297 0.123872 0.170444 0.181196 0.144753 0.156336 0.132115 0.124647 0.201524 0.133097 0.122436 0.119368 0.112754 0.597483 0.109931 0.109786 0.125931 0.19316 0.147685 0.131239 0.111495 0.15821 0.109011 0.107297 0.422402 0.111932 0.105312 0.102013 0.0997131 0.0967052 0.350981 0.195504 0.153575 0.0956424 0.0955696 0.150769 0.0923818 0.0906709 0.088473 0.0883038 0.132861 0.214928 0.0876496 0.0874393 0.175806 0.174914 0.138159 0.129628 0.135058 0.111056 0.103945
threshold=325.50000000000006 833.50000000000011 -0.58216583101416164 -0.065403129230142812 1.0000000180025095e-35 472.50000000000006 2.0500000000000003 1150.5000000000002 913.25000000000011 8.5000000000000018 17.500000000000004 0.35206144883412582 -0.9103761370219875 183.50000000000003 921.85000000000002 3.5500000000000003 -0.68322629814330782 37.650000000000013 29.150000000000002 902.95000000000016 243.50000000000003 21.750000000000004 58.500000000000007 -0.79335334029123528 14.021739130434783 909.95000000000016 4.5000000000000009 922.55000000000007 925.25000000000011 148.50000000000003 6551.8500000000013 209.50000000000003 5.5000000000000009 466.50000000000006 3.1500000000000008 454.50000000000006 51.95000000000001 206.50000000000003 15.050000000000002 903.35000000000002 920.05000000000007 5.2500000000000009 1.5000000000000002 22.550000000000004 17.050000000000004 2.5000000000000004 0.35791415808894939 672.50000000000011 28.350000000000005 656.50000000000011 0.065403129230143103 -0.84874750804349186 27.150000000000002 962.50000000000011 23.150000000000002 17.850000000000005 922.25000000000011 32.550000000000004 361.50000000000006 1.1197826086956526 6.2500000000000009 13.750000000000002
decision_type=2 2 2 2 2 2 2 2 2 2 2 2 2 2 2 2 2 2 2 2 2 2 2 2 2 2 2 2 2 2 2 2 2 2 2 2 2 2 2 2 2 2 2 2 2 2 2 2 2 2 2 2 2 2 2 2 2 2 2 2 2 2
left_child=3 11 5 10 6 22 9 54 -9 -4 -1 12 26 14 50 17 -17 -16 19 -15 -20 45 -3 -12 -25 -26 -2 29 -29 30 -28 32 33 -31 35 36 -13 -23 -21 -32 41 42 -40 -44 -43 46 -6 -7 -42 -45 51 -14 -53 -39 55 57 61 -8 59 -59 -58 -57
right_child=1 2 4 -5 21 47 7 8 -10 -11 23 34 13 18 15 16 -18 -19 20 38 -22 37 -24 24 25 -27 27 28 -30 31 39 -33 -34 -35 -36 -37 -38 53 40 -41 48 44 43 49 -46 -47 -48 -49 -50 -51 -52 52 -54 -55 -56 56 60 58 -60 -61 -62 -63
leaf_value=-0.0010869685955383951 0.00046534710411702247 0.0039385467195484913 0.0023956217933075144 -0.00095905351199875293 -0.0035232857204443406 0.0017277781510873199 0.0012896434640392617 0.00063370771195295781 -0.004175496863208397 -0.00094061476265310862 -0.00050840677136215881 0.00015379676913992082 0.00075803888923765773 -0.0028387238589098942 0.0015595531396085964 -0.0054783391762218431 8.9584103171014187e-05 -0.00017694213279771898 0.0028897096556495111 0.00065233551192923314 0.00051063166113016689 0.00052030917193179123 5.0964937515305258e-05 0.004930948240776987 -0.0012516353382790587 0.00034747062857558167 0.00052968296436581199 -0.0063352174761206331 0 -0.0012673596916888113 -1.8166761277643922e-05 -0.00018515802113365648 -0.00079311169548800528 -0.0059867401527548408 5.347853044656805e-05 -0.0079563847983913933 -0.001773910980592765 -0.00044002592724205828 0.00063123031796098717 -0.003049641571099368 0.0018427639481699166 -0.0022502367802781803 0 -0.0032585929126642851 0.00031764196802115614 0.001295639477064436 0.0013113180415348829 0.00029903553008014857 -0.00010750640845851874 -0.0069373081920653893 0.00070080341301507793 0.0018201916586974955 0.0062951633292080162 -0.0032982682920209023 0.0014492985026536185 0.0013396239798844844 -0.00040817305593941343 -0.0021522140857097726 -0.0039464539389556909 0.0010769343983552948 -0.0059102905322731382 -0.00091286768748812929
leaf_weight=859 964 20 319 4322 28 264 1116 36 26 31 3237 226 311 62 158 23 24 344 72 484 372 344 1406 61 190 240 697 21 26 25 72 273 133 32 1682 20 110 210 28 47 86 40 20 47 369 434 36 215 180 35 544 387 30 32 1047 103 20 42 20 135 21 100
leaf_count=859 964 20 319 4322 28 264 1116 36 26 31 3237 226 311 62 158 23 24 344 72 484 372 344 1406 61 190 240 697 21 26 25 72 273 133 32 1682 20 110 210 28 47 86 40 20 47 369 434 36 215 180 35 544 387 30 32 1047 103 20 42 20 135 21 100
internal_value=-3.54197e-06 0.000465763 0.000777397 -0.0007389 0.00096995 0.000360325 0.0011556 0.00103155 -0.00130602 0.00208566 -0.000530358 0.000229557 0.000347797 0.000530193 0.000871727 0.000102511 -0.00253483 0.000359848 0.000180896 -5.44941e-05 0.000908251 0.000448746 0.000109268 -0.000400738 0.000298865 -0.000347613 5.75927e-05 -0.000235086 -0.00277977 -0.000137457 0.000262583 -0.000853196 -0.00178616 -0.00401025 -0.000110643 -0.000899909 -0.000462762 -3.29047e-05 7.57566e-05 -0.00125901 -0.000264735 -0.000653752 -0.00291656 -0.00393911 5.37941e-05 0.00102544 -0.000728015 0.00109712 0.000504698 -0.00489621 0.00119976 0.00156559 0.00215555 -0.000839834 0.00108917 0.000843721 -0.000373512 0.00107374 -0.000123988 0.000281681 -0.00335551 0.000205501
internal_weight=22858 13949 6005 8909 4100 1905 3016 2666 62 350 4587 7944 5906 3616 1821 549 47 502 1795 1351 444 1084 1426 3728 491 430 2290 1326 47 1279 816 463 190 57 2038 356 336 586 1289 119 805 539 130 102 409 498 64 479 266 82 1272 728 417 242 2604 1557 244 1313 197 177 41 203
internal_count=22858 13949 6005 8909 4100 1905 3016 2666 62 350 4587 7944 5906 3616 1821 549 47 502 1795 1351 444 1084 1426 3728 491 430 2290 1326 47 1279 816 463 190 57 2038 356 336 586 1289 119 805 539 130 102 409 498 64 479 266 82 1272 728 417 242 2604 1557 244 1313 197 177 41 203
is_linear=0
shrinkage=0.05


end of trees

feature_importances:
day_of_year=845
pressure=443
ghi=422
tsi=413
temperature=325
humidity=314
dni=293
hour_sin=263
ghi_dni_ratio=191
month=112
ghi_sq=82
hour_cos=79

parameters:
[boosting: gbdt]
[objective: regression]
[metric: rmse]
[tree_learner: serial]
[device_type: cpu]
[data_sample_strategy: bagging]
[data: ]
[valid: ]
[num_iterations: 800]
[learning_rate: 0.05]
[num_leaves: 63]
[num_threads: -1]
[seed: 0]
[deterministic: 0]
[force_col_wise: 0]
[force_row_wise: 0]
[histogram_pool_size: -1]
[max_depth: -1]
[min_data_in_leaf: 20]
[min_sum_hessian_in_leaf: 0.001]
[bagging_fraction: 0.8]
[pos_bagging_fraction: 1]
[neg_bagging_fraction: 1]
[bagging_freq: 5]
[bagging_seed: 3]
[bagging_by_query: 0]
[feature_fraction: 0.8]
[feature_fraction_bynode: 1]
[feature_fraction_seed: 2]
[extra_trees: 0]
[extra_seed: 6]
[early_stopping_round: 0]
[early_stopping_min_delta: 0]
[first_metric_only: 0]
[max_delta_step: 0]
[lambda_l1: 0.1]
[lambda_l2: 0.1]
[linear_lambda: 0]
[min_gain_to_split: 0]
[drop_rate: 0.1]
[max_drop: 50]
[skip_drop: 0.5]
[xgboost_dart_mode: 0]
[uniform_drop: 0]
[drop_seed: 4]
[top_rate: 0.2]
[other_rate: 0.1]
[min_data_per_group: 100]
[max_cat_threshold: 32]
[cat_l2: 10]
[cat_smooth: 10]
[max_cat_to_onehot: 4]
[top_k: 20]
[monotone_constraints: ]
[monotone_constraints_method: basic]
[monotone_penalty: 0]
[feature_contri: ]
[forcedsplits_filename: ]
[refit_decay_rate: 0.9]
[cegb_tradeoff: 1]
[cegb_penalty_split: 0]
[cegb_penalty_feature_lazy: ]
[cegb_penalty_feature_coupled: ]
[path_smooth: 0]
[interaction_constraints: ]
[verbosity: -1]
[saved_feature_importance_type: 0]
[use_quantized_grad: 0]
[num_grad_quant_bins: 4]
[quant_train_renew_leaf: 0]
[stochastic_rounding: 1]
[linear_tree: 0]
[max_bin: 255]
[max_bin_by_feature: ]
[min_data_in_bin: 3]
[bin_construct_sample_cnt: 200000]
[data_random_seed: 1]
[is_enable_sparse: 1]
[enable_bundle: 1]
[use_missing: 1]
[zero_as_missing: 0]
[feature_pre_filter: 1]
[pre_partition: 0]
[two_round: 0]
[header: 0]
[label_column: ]
[weight_column: ]
[group_column: ]
[ignore_column: ]
[categorical_feature: ]
[forcedbins_filename: ]
[precise_float_parser: 0]
[parser_config_file: ]
[objective_seed: 5]
[num_class: 1]
[is_unbalance: 0]
[scale_pos_weight: 1]
[sigmoid: 1]
[boost_from_average: 1]
[reg_sqrt: 0]
[alpha: 0.9]
[fair_c: 1]
[poisson_max_delta_step: 0.7]
[tweedie_variance_power: 1.5]
[lambdarank_truncation_level: 30]
[lambdarank_norm: 1]
[label_gain: ]
[lambdarank_position_bias_regularization: 0]
[eval_at: ]
[multi_error_top_k: 1]
[auc_mu_weights: ]
[num_machines: 1]
[local_listen_port: 12400]
[time_out: 120]
[machine_list_filename: ]
[machines: ]
[gpu_platform_id: -1]
[gpu_device_id: -1]
[gpu_use_dp: 0]
[num_gpu: 1]

end of parameters

pandas_categorical:[]
